============================= test session starts ==============================
platform linux -- Python 3.12.15, pytest-8.4.2, pluggy-1.6.0 -- /workspace/work/actions-mk3-canvas-proof/action_server/.venv/bin/python
cachedir: .pytest_cache
rootdir: /workspace/work/actions-mk3-db-savepoint/action_server
configfile: pyproject.toml
plugins: anyio-4.14.2, xdist-3.8.0, cov-5.0.0, robocorp-log-pytest-0.0.5, regressions-1.0.6, datadir-1.8.0
created: 2/2 workers
2 workers [1083 items]

scheduling tests via LoadScheduling

action_server_tests/common_tests/test_app_locked_startup.py::test_obtain_app_mutex 
action_server_tests/robo_utils/test_system_mutex.py::test_system_mutex_locked_on_subprocess 
[gw0] [  0%] PASSED action_server_tests/common_tests/test_app_locked_startup.py::test_obtain_app_mutex 
action_server_tests/common_tests/test_autoexit.py::test_exit_when_pid_exists 
[gw0] [  0%] PASSED action_server_tests/common_tests/test_autoexit.py::test_exit_when_pid_exists 
action_server_tests/common_tests/test_callback.py::test_callback 
[gw0] [  0%] PASSED action_server_tests/common_tests/test_callback.py::test_callback 
action_server_tests/common_tests/test_callback.py::test_callback_reverse 
[gw0] [  0%] PASSED action_server_tests/common_tests/test_callback.py::test_callback_reverse 
action_server_tests/common_tests/test_gallery.py::test_import_gallery_action_packages 
[gw1] [  0%] PASSED action_server_tests/robo_utils/test_system_mutex.py::test_system_mutex_locked_on_subprocess 
action_server_tests/test_action_description.py::test_action_description_from_docs 
[gw1] [  0%] PASSED action_server_tests/test_action_description.py::test_action_description_from_docs 
action_server_tests/test_action_description.py::test_action_description_from_docs_multiline 
[gw1] [  0%] PASSED action_server_tests/test_action_description.py::test_action_description_from_docs_multiline 
action_server_tests/test_action_unicode.py::test_slugify 
[gw1] [  0%] PASSED action_server_tests/test_action_unicode.py::test_slugify 
action_server_tests/test_actions_process_pool.py::test_rcc_worker_ignores_stale_persisted_python_executable 
[gw1] [  0%] PASSED action_server_tests/test_actions_process_pool.py::test_rcc_worker_ignores_stale_persisted_python_executable 
action_server_tests/test_actions_process_pool.py::test_actions_process_pool_run 
[gw1] [  0%] PASSED action_server_tests/test_actions_process_pool.py::test_actions_process_pool_run 
action_server_tests/test_actions_process_pool.py::test_actions_process_pool_process_crash 
[gw0] [  1%] PASSED action_server_tests/common_tests/test_gallery.py::test_import_gallery_action_packages 
action_server_tests/common_tests/test_imports.py::test_imports 
[gw0] [  1%] PASSED action_server_tests/common_tests/test_imports.py::test_imports 
action_server_tests/common_tests/test_package_exclude.py::test_collect_files_excluding_patterns 
[gw0] [  1%] PASSED action_server_tests/common_tests/test_package_exclude.py::test_collect_files_excluding_patterns 
action_server_tests/common_tests/test_package_exclude.py::test_invalid_exclusion_patterns 
[gw0] [  1%] PASSED action_server_tests/common_tests/test_package_exclude.py::test_invalid_exclusion_patterns 
action_server_tests/common_tests/test_package_exclude.py::test_filter_relative_paths_excluding_patterns 
[gw0] [  1%] PASSED action_server_tests/common_tests/test_package_exclude.py::test_filter_relative_paths_excluding_patterns 
action_server_tests/common_tests/test_process.py::test_process_is_process_alive 
[gw0] [  1%] PASSED action_server_tests/common_tests/test_process.py::test_process_is_process_alive 
action_server_tests/common_tests/test_process.py::test_process_start 
[gw0] [  1%] PASSED action_server_tests/common_tests/test_process.py::test_process_start 
action_server_tests/common_tests/test_process.py::test_launch_and_return_future[monitor] 
[gw0] [  1%] PASSED action_server_tests/common_tests/test_process.py::test_launch_and_return_future[monitor] 
action_server_tests/common_tests/test_process.py::test_launch_and_return_future[future] 
[gw0] [  1%] PASSED action_server_tests/common_tests/test_process.py::test_launch_and_return_future[future] 
action_server_tests/common_tests/test_process.py::test_launch_and_return_future[timeout] 
[gw1] [  1%] PASSED action_server_tests/test_actions_process_pool.py::test_actions_process_pool_process_crash 
action_server_tests/test_actions_process_pool.py::test_actions_process_pool_max_concurrent 
[gw0] [  1%] PASSED action_server_tests/common_tests/test_process.py::test_launch_and_return_future[timeout] 
action_server_tests/common_tests/test_system_mutex.py::test_system_mutex 
[gw0] [  2%] PASSED action_server_tests/common_tests/test_system_mutex.py::test_system_mutex 
action_server_tests/common_tests/test_system_mutex.py::test_gen_mutex_name_from_path 
[gw0] [  2%] PASSED action_server_tests/common_tests/test_system_mutex.py::test_gen_mutex_name_from_path 
action_server_tests/common_tests/test_system_mutex.py::test_system_mutex_error_on_timeout 
[gw0] [  2%] PASSED action_server_tests/common_tests/test_system_mutex.py::test_system_mutex_error_on_timeout 
action_server_tests/common_tests/test_system_mutex.py::test_system_mutex_timed_acquire_no_error_on_timeout 
[gw1] [  2%] PASSED action_server_tests/test_actions_process_pool.py::test_actions_process_pool_max_concurrent 
action_server_tests/test_actions_process_pool.py::test_actions_process_pool_basic 
[gw0] [  2%] PASSED action_server_tests/common_tests/test_system_mutex.py::test_system_mutex_timed_acquire_no_error_on_timeout 
action_server_tests/common_tests/test_system_mutex.py::test_system_mutex_locked_on_subprocess 
[gw1] [  2%] PASSED action_server_tests/test_actions_process_pool.py::test_actions_process_pool_basic 
action_server_tests/test_api_analytics.py::test_analytics_summary_empty_db 
[gw1] [  2%] PASSED action_server_tests/test_api_analytics.py::test_analytics_summary_empty_db 
action_server_tests/test_api_analytics.py::test_analytics_summary_with_data 
[gw1] [  2%] PASSED action_server_tests/test_api_analytics.py::test_analytics_summary_with_data 
action_server_tests/test_api_analytics.py::test_runs_by_day_empty_db 
[gw1] [  2%] PASSED action_server_tests/test_api_analytics.py::test_runs_by_day_empty_db 
action_server_tests/test_api_analytics.py::test_runs_by_day_with_data 
[gw1] [  2%] PASSED action_server_tests/test_api_analytics.py::test_runs_by_day_with_data 
action_server_tests/test_api_analytics.py::test_runs_by_action_empty_db 
[gw1] [  2%] PASSED action_server_tests/test_api_analytics.py::test_runs_by_action_empty_db 
action_server_tests/test_api_analytics.py::test_runs_by_action_with_data 
[gw1] [  3%] PASSED action_server_tests/test_api_analytics.py::test_runs_by_action_with_data 
action_server_tests/test_api_analytics.py::test_analytics_summary_dataclass 
[gw1] [  3%] PASSED action_server_tests/test_api_analytics.py::test_analytics_summary_dataclass 
action_server_tests/test_api_analytics.py::test_runs_by_day_dataclass 
[gw1] [  3%] PASSED action_server_tests/test_api_analytics.py::test_runs_by_day_dataclass 
action_server_tests/test_api_analytics.py::test_runs_by_action_dataclass 
[gw1] [  3%] PASSED action_server_tests/test_api_analytics.py::test_runs_by_action_dataclass 
action_server_tests/test_api_robots.py::test_robot_zip_rejects_raw_parent_root_without_copying_parent_sentinel 
[gw1] [  3%] PASSED action_server_tests/test_api_robots.py::test_robot_zip_rejects_raw_parent_root_without_copying_parent_sentinel 
action_server_tests/test_api_robots.py::test_robot_zip_rejects_ambiguous_member_paths[../robot.yaml] 
[gw1] [  3%] PASSED action_server_tests/test_api_robots.py::test_robot_zip_rejects_ambiguous_member_paths[../robot.yaml] 
action_server_tests/test_api_robots.py::test_robot_zip_rejects_ambiguous_member_paths[/robot.yaml] 
[gw1] [  3%] PASSED action_server_tests/test_api_robots.py::test_robot_zip_rejects_ambiguous_member_paths[/robot.yaml] 
action_server_tests/test_api_robots.py::test_robot_zip_rejects_ambiguous_member_paths[C:/robot.yaml] 
[gw1] [  3%] PASSED action_server_tests/test_api_robots.py::test_robot_zip_rejects_ambiguous_member_paths[C:/robot.yaml] 
action_server_tests/test_api_robots.py::test_robot_zip_rejects_ambiguous_member_paths[robot\\\\robot.yaml] 
[gw1] [  3%] PASSED action_server_tests/test_api_robots.py::test_robot_zip_rejects_ambiguous_member_paths[robot\\\\robot.yaml] 
action_server_tests/test_api_robots.py::test_robot_zip_rejects_case_colliding_members_before_publication 
[gw1] [  3%] PASSED action_server_tests/test_api_robots.py::test_robot_zip_rejects_case_colliding_members_before_publication 
action_server_tests/test_api_robots.py::test_robot_zip_rejects_case_colliding_directory_prefixes 
[gw1] [  3%] PASSED action_server_tests/test_api_robots.py::test_robot_zip_rejects_case_colliding_directory_prefixes 
action_server_tests/test_api_robots.py::test_robot_zip_rejects_link_entries_before_extraction 
[gw1] [  4%] PASSED action_server_tests/test_api_robots.py::test_robot_zip_rejects_link_entries_before_extraction 
action_server_tests/test_api_robots.py::test_robot_zip_enforces_actual_archive_input_bytes 
[gw1] [  4%] PASSED action_server_tests/test_api_robots.py::test_robot_zip_enforces_actual_archive_input_bytes 
action_server_tests/test_api_robots.py::test_robot_zip_enforces_entry_and_expansion_limits 
[gw1] [  4%] PASSED action_server_tests/test_api_robots.py::test_robot_zip_enforces_entry_and_expansion_limits 
action_server_tests/test_api_robots.py::test_robot_zip_accepts_ordinary_and_rootless_valid_packages[members0] 
[gw1] [  4%] PASSED action_server_tests/test_api_robots.py::test_robot_zip_accepts_ordinary_and_rootless_valid_packages[members0] 
action_server_tests/test_api_robots.py::test_robot_zip_accepts_ordinary_and_rootless_valid_packages[members1] 
[gw1] [  4%] PASSED action_server_tests/test_api_robots.py::test_robot_zip_accepts_ordinary_and_rootless_valid_packages[members1] 
action_server_tests/test_api_robots.py::test_robot_upload_is_read_in_bounded_chunks 
[gw1] [  4%] PASSED action_server_tests/test_api_robots.py::test_robot_upload_is_read_in_bounded_chunks 
action_server_tests/test_api_robots.py::test_robot_upload_rejects_actual_bytes_above_limit 
[gw1] [  4%] PASSED action_server_tests/test_api_robots.py::test_robot_upload_rejects_actual_bytes_above_limit 
action_server_tests/test_api_robots.py::test_url_download_streams_and_validates_each_redirect 
[gw1] [  4%] PASSED action_server_tests/test_api_robots.py::test_url_download_streams_and_validates_each_redirect 
action_server_tests/test_api_robots.py::test_url_download_rejects_private_destination_before_request 
[gw1] [  4%] PASSED action_server_tests/test_api_robots.py::test_url_download_rejects_private_destination_before_request 
action_server_tests/test_api_robots.py::test_url_download_preserves_valid_github_repository_normalization 
[gw1] [  4%] PASSED action_server_tests/test_api_robots.py::test_url_download_preserves_valid_github_repository_normalization 
action_server_tests/test_api_robots.py::test_url_download_rejects_unsafe_original_github_url[https://user:secret@github.com/owner/repo] 
[gw1] [  4%] PASSED action_server_tests/test_api_robots.py::test_url_download_rejects_unsafe_original_github_url[https://user:secret@github.com/owner/repo] 
action_server_tests/test_api_robots.py::test_url_download_rejects_unsafe_original_github_url[https://github.com/owner/repo#fragment] 
[gw1] [  5%] PASSED action_server_tests/test_api_robots.py::test_url_download_rejects_unsafe_original_github_url[https://github.com/owner/repo#fragment] 
action_server_tests/test_api_robots.py::test_url_download_rejects_ambiguous_or_credentialed_urls[https://user:secret@downloads.example.test/robot.zip] 
[gw1] [  5%] PASSED action_server_tests/test_api_robots.py::test_url_download_rejects_ambiguous_or_credentialed_urls[https://user:secret@downloads.example.test/robot.zip] 
action_server_tests/test_api_robots.py::test_url_download_rejects_ambiguous_or_credentialed_urls[https://downloads.example.test/robot.zip#fragment] 
[gw1] [  5%] PASSED action_server_tests/test_api_robots.py::test_url_download_rejects_ambiguous_or_credentialed_urls[https://downloads.example.test/robot.zip#fragment] 
action_server_tests/test_api_robots.py::test_url_download_rejects_ambiguous_or_credentialed_urls[https://downloads.example.test:99999/robot.zip] 
[gw1] [  5%] PASSED action_server_tests/test_api_robots.py::test_url_download_rejects_ambiguous_or_credentialed_urls[https://downloads.example.test:99999/robot.zip] 
action_server_tests/test_api_robots.py::test_url_download_rejects_redirect_to_private_destination 
[gw1] [  5%] PASSED action_server_tests/test_api_robots.py::test_url_download_rejects_redirect_to_private_destination 
action_server_tests/test_api_robots.py::test_url_download_rejects_non_zip_content_type 
[gw1] [  5%] PASSED action_server_tests/test_api_robots.py::test_url_download_rejects_non_zip_content_type 
action_server_tests/test_api_robots.py::test_url_download_rejects_actual_stream_above_limit 
[gw1] [  5%] PASSED action_server_tests/test_api_robots.py::test_url_download_rejects_actual_stream_above_limit 
action_server_tests/test_api_robots.py::test_failed_robot_publication_leaves_no_partial_target 
[gw1] [  5%] PASSED action_server_tests/test_api_robots.py::test_failed_robot_publication_leaves_no_partial_target 
action_server_tests/test_api_robots.py::test_zip_rejects_windows_destination_aliases[robot/task.py:payload] 
[gw1] [  5%] PASSED action_server_tests/test_api_robots.py::test_zip_rejects_windows_destination_aliases[robot/task.py:payload] 
action_server_tests/test_api_robots.py::test_zip_rejects_windows_destination_aliases[robot/CON] 
[gw1] [  5%] PASSED action_server_tests/test_api_robots.py::test_zip_rejects_windows_destination_aliases[robot/CON] 
action_server_tests/test_api_robots.py::test_zip_rejects_windows_destination_aliases[robot/aux.txt] 
[gw1] [  6%] PASSED action_server_tests/test_api_robots.py::test_zip_rejects_windows_destination_aliases[robot/aux.txt] 
action_server_tests/test_api_robots.py::test_zip_rejects_windows_destination_aliases[robot/NUL.log] 
[gw1] [  6%] PASSED action_server_tests/test_api_robots.py::test_zip_rejects_windows_destination_aliases[robot/NUL.log] 
action_server_tests/test_api_robots.py::test_zip_rejects_windows_destination_aliases[robot/COM1] 
[gw1] [  6%] PASSED action_server_tests/test_api_robots.py::test_zip_rejects_windows_destination_aliases[robot/COM1] 
action_server_tests/test_api_robots.py::test_zip_rejects_windows_destination_aliases[robot/LPT9.txt] 
[gw1] [  6%] PASSED action_server_tests/test_api_robots.py::test_zip_rejects_windows_destination_aliases[robot/LPT9.txt] 
action_server_tests/test_api_robots.py::test_zip_rejects_windows_destination_aliases[robot/file.] 
[gw1] [  6%] PASSED action_server_tests/test_api_robots.py::test_zip_rejects_windows_destination_aliases[robot/file.] 
action_server_tests/test_api_robots.py::test_zip_rejects_windows_destination_aliases[robot/file ] 
[gw1] [  6%] PASSED action_server_tests/test_api_robots.py::test_zip_rejects_windows_destination_aliases[robot/file ] 
action_server_tests/test_api_robots.py::test_zip_rejects_windows_destination_aliases[robot/nested./task.py] 
[gw1] [  6%] PASSED action_server_tests/test_api_robots.py::test_zip_rejects_windows_destination_aliases[robot/nested./task.py] 
action_server_tests/test_api_robots.py::test_download_connection_uses_admitted_ip_and_preserves_tls_hostname 
[gw1] [  6%] PASSED action_server_tests/test_api_robots.py::test_download_connection_uses_admitted_ip_and_preserves_tls_hostname 
action_server_tests/test_api_robots.py::test_redirect_hosts_sharing_ip_do_not_reuse_tls_or_cookies 
[gw1] [  6%] PASSED action_server_tests/test_api_robots.py::test_redirect_hosts_sharing_ip_do_not_reuse_tls_or_cookies 
action_server_tests/test_api_robots.py::test_real_http_transport_binds_ip_but_verifies_original_tls_identity 
[gw1] [  6%] PASSED action_server_tests/test_api_robots.py::test_real_http_transport_binds_ip_but_verifies_original_tls_identity 
action_server_tests/test_api_robots.py::test_pinning_preserves_signed_path_parameters_and_query 
[gw1] [  6%] PASSED action_server_tests/test_api_robots.py::test_pinning_preserves_signed_path_parameters_and_query 
action_server_tests/test_api_robots.py::test_robot_publication_does_not_clean_unowned_initial_staging_collision 
[gw1] [  7%] PASSED action_server_tests/test_api_robots.py::test_robot_publication_does_not_clean_unowned_initial_staging_collision 
action_server_tests/test_api_robots.py::test_robot_publication_revalidates_metadata_after_copy 
[gw1] [  7%] PASSED action_server_tests/test_api_robots.py::test_robot_publication_revalidates_metadata_after_copy 
action_server_tests/test_api_robots.py::test_robot_publication_uses_metadata_from_completed_copy 
[gw1] [  7%] PASSED action_server_tests/test_api_robots.py::test_robot_publication_uses_metadata_from_completed_copy 
action_server_tests/test_api_robots.py::test_robot_package_yaml_publication_revalidates_metadata_after_copy 
[gw1] [  7%] PASSED action_server_tests/test_api_robots.py::test_robot_package_yaml_publication_revalidates_metadata_after_copy 
action_server_tests/test_api_robots.py::test_robot_package_yaml_publication_uses_metadata_from_completed_copy 
[gw1] [  7%] PASSED action_server_tests/test_api_robots.py::test_robot_package_yaml_publication_uses_metadata_from_completed_copy 
action_server_tests/test_api_robots.py::test_robot_publication_keeps_copytree_metadata_inside_private_container 
[gw1] [  7%] PASSED action_server_tests/test_api_robots.py::test_robot_publication_keeps_copytree_metadata_inside_private_container 
action_server_tests/test_api_robots.py::test_robot_publication_removes_private_container_after_copy_failure 
[gw1] [  7%] PASSED action_server_tests/test_api_robots.py::test_robot_publication_removes_private_container_after_copy_failure 
action_server_tests/test_api_robots.py::test_robot_publication_preserves_replaced_package_after_copy_failure 
[gw1] [  7%] PASSED action_server_tests/test_api_robots.py::test_robot_publication_preserves_replaced_package_after_copy_failure 
action_server_tests/test_api_robots.py::test_robot_publication_preserves_destination_created_after_last_precheck 
[gw1] [  7%] PASSED action_server_tests/test_api_robots.py::test_robot_publication_preserves_destination_created_after_last_precheck 
action_server_tests/test_api_robots.py::test_robot_publication_relinquishes_cleanup_of_published_staging_name[directory] 
[gw1] [  7%] PASSED action_server_tests/test_api_robots.py::test_robot_publication_relinquishes_cleanup_of_published_staging_name[directory] 
action_server_tests/test_api_robots.py::test_robot_publication_relinquishes_cleanup_of_published_staging_name[file] 
[gw1] [  7%] PASSED action_server_tests/test_api_robots.py::test_robot_publication_relinquishes_cleanup_of_published_staging_name[file] 
action_server_tests/test_api_robots.py::test_robot_publication_relinquishes_cleanup_of_published_staging_name[container] 
[gw1] [  8%] PASSED action_server_tests/test_api_robots.py::test_robot_publication_relinquishes_cleanup_of_published_staging_name[container] 
action_server_tests/test_artifact_binding_lock.py::test_manifest_transaction_serializes_processes[False] 
[gw0] [  8%] PASSED action_server_tests/common_tests/test_system_mutex.py::test_system_mutex_locked_on_subprocess 
action_server_tests/common_tests/test_system_mutex.py::test_custom_info_to_mutex 
[gw0] [  8%] PASSED action_server_tests/common_tests/test_system_mutex.py::test_custom_info_to_mutex 
action_server_tests/common_tests/test_text.py::test_slugify 
[gw0] [  8%] PASSED action_server_tests/common_tests/test_text.py::test_slugify 
action_server_tests/common_tests/test_tools.py::test_action_server_tool 
[gw1] [  8%] PASSED action_server_tests/test_artifact_binding_lock.py::test_manifest_transaction_serializes_processes[False] 
action_server_tests/test_artifact_binding_lock.py::test_manifest_transaction_serializes_processes[True] 
[gw1] [  8%] PASSED action_server_tests/test_artifact_binding_lock.py::test_manifest_transaction_serializes_processes[True] 
action_server_tests/test_artifact_binding_lock.py::test_process_exit_releases_manifest_lock 
[gw1] [  8%] PASSED action_server_tests/test_artifact_binding_lock.py::test_process_exit_releases_manifest_lock 
action_server_tests/test_artifact_binding_lock.py::test_failed_publication_preserves_manifest_and_releases_lock[serialize] 
[gw1] [  8%] PASSED action_server_tests/test_artifact_binding_lock.py::test_failed_publication_preserves_manifest_and_releases_lock[serialize] 
action_server_tests/test_artifact_binding_lock.py::test_failed_publication_preserves_manifest_and_releases_lock[replace] 
[gw1] [  8%] PASSED action_server_tests/test_artifact_binding_lock.py::test_failed_publication_preserves_manifest_and_releases_lock[replace] 
action_server_tests/test_artifact_binding_lock.py::test_manifest_lock_rejects_symlink 
[gw1] [  8%] PASSED action_server_tests/test_artifact_binding_lock.py::test_manifest_lock_rejects_symlink 
action_server_tests/test_artifact_binding_lock.py::test_lock_open_failure_never_publishes_without_lock 
[gw1] [  8%] PASSED action_server_tests/test_artifact_binding_lock.py::test_lock_open_failure_never_publishes_without_lock 
action_server_tests/test_artifact_binding_lock.py::test_windows_binding_does_not_import_fcntl 
[gw1] [  9%] SKIPPED action_server_tests/test_artifact_binding_lock.py::test_windows_binding_does_not_import_fcntl 
action_server_tests/test_artifact_storage.py::test_static_artifacts_preserve_file_and_range_responses 
[gw1] [  9%] PASSED action_server_tests/test_artifact_storage.py::test_static_artifacts_preserve_file_and_range_responses 
action_server_tests/test_artifact_storage.py::test_configured_static_artifacts_require_auth_and_are_run_scoped 
[gw1] [  9%] PASSED action_server_tests/test_artifact_storage.py::test_configured_static_artifacts_require_auth_and_are_run_scoped 
action_server_tests/test_artifact_storage.py::test_shared_static_artifacts_are_unavailable 
[gw1] [  9%] PASSED action_server_tests/test_artifact_storage.py::test_shared_static_artifacts_are_unavailable 
action_server_tests/test_artifact_storage.py::test_local_storage_creates_and_reads_run_artifacts 
[gw1] [  9%] PASSED action_server_tests/test_artifact_storage.py::test_local_storage_creates_and_reads_run_artifacts 
action_server_tests/test_artifact_storage.py::test_default_local_storage_creates_missing_artifacts_root 
[gw1] [  9%] PASSED action_server_tests/test_artifact_storage.py::test_default_local_storage_creates_missing_artifacts_root 
action_server_tests/test_artifact_storage.py::test_shared_storage_requires_a_root_and_is_selected_explicitly 
[gw1] [  9%] PASSED action_server_tests/test_artifact_storage.py::test_shared_storage_requires_a_root_and_is_selected_explicitly 
action_server_tests/test_artifact_storage.py::test_missing_reads_have_a_stable_not_found_error 
[gw1] [  9%] PASSED action_server_tests/test_artifact_storage.py::test_missing_reads_have_a_stable_not_found_error 
action_server_tests/test_artifact_storage.py::test_run_storage_keys_are_isolated 
[gw1] [  9%] PASSED action_server_tests/test_artifact_storage.py::test_run_storage_keys_are_isolated 
action_server_tests/test_artifact_storage.py::test_shared_filesystem_process_a_write_process_b_read 
[gw1] [  9%] PASSED action_server_tests/test_artifact_storage.py::test_shared_filesystem_process_a_write_process_b_read 
action_server_tests/test_artifact_storage.py::test_concurrent_manifest_publication_is_complete_and_recoverable 
[gw1] [  9%] PASSED action_server_tests/test_artifact_storage.py::test_concurrent_manifest_publication_is_complete_and_recoverable 
action_server_tests/test_artifact_storage.py::test_corrupt_manifest_fails_closed 
[gw1] [ 10%] PASSED action_server_tests/test_artifact_storage.py::test_corrupt_manifest_fails_closed 
action_server_tests/test_artifact_storage.py::test_storage_rejects_noncanonical_run_keys[] 
[gw1] [ 10%] PASSED action_server_tests/test_artifact_storage.py::test_storage_rejects_noncanonical_run_keys[] 
action_server_tests/test_artifact_storage.py::test_storage_rejects_noncanonical_run_keys[.] 
[gw1] [ 10%] PASSED action_server_tests/test_artifact_storage.py::test_storage_rejects_noncanonical_run_keys[.] 
action_server_tests/test_artifact_storage.py::test_storage_rejects_noncanonical_run_keys[run/../run] 
[gw1] [ 10%] PASSED action_server_tests/test_artifact_storage.py::test_storage_rejects_noncanonical_run_keys[run/../run] 
action_server_tests/test_artifact_storage.py::test_storage_rejects_noncanonical_run_keys[run/.] 
[gw1] [ 10%] PASSED action_server_tests/test_artifact_storage.py::test_storage_rejects_noncanonical_run_keys[run/.] 
action_server_tests/test_artifact_storage.py::test_storage_rejects_noncanonical_run_keys[../run] 
[gw1] [ 10%] PASSED action_server_tests/test_artifact_storage.py::test_storage_rejects_noncanonical_run_keys[../run] 
action_server_tests/test_artifact_storage.py::test_storage_rejects_symlinked_run_and_artifact_paths 
[gw1] [ 10%] PASSED action_server_tests/test_artifact_storage.py::test_storage_rejects_symlinked_run_and_artifact_paths 
action_server_tests/test_artifact_storage.py::test_storage_rejects_invalid_roots[<lambda>0] 
[gw1] [ 10%] PASSED action_server_tests/test_artifact_storage.py::test_storage_rejects_invalid_roots[<lambda>0] 
action_server_tests/test_artifact_storage.py::test_storage_rejects_invalid_roots[<lambda>1] 
[gw1] [ 10%] PASSED action_server_tests/test_artifact_storage.py::test_storage_rejects_invalid_roots[<lambda>1] 
action_server_tests/test_artifact_storage.py::test_storage_rejects_symlinked_root 
[gw1] [ 10%] PASSED action_server_tests/test_artifact_storage.py::test_storage_rejects_symlinked_root 
action_server_tests/test_artifact_storage.py::test_storage_rejects_inaccessible_root 
[gw1] [ 10%] PASSED action_server_tests/test_artifact_storage.py::test_storage_rejects_inaccessible_root 
action_server_tests/test_artifact_storage.py::test_storage_manifest_is_durable_and_collision_safe 
[gw1] [ 11%] PASSED action_server_tests/test_artifact_storage.py::test_storage_manifest_is_durable_and_collision_safe 
action_server_tests/test_artifact_storage.py::test_independent_storage_api_reads_durable_run_binding_and_range_file 
[gw1] [ 11%] PASSED action_server_tests/test_artifact_storage.py::test_independent_storage_api_reads_durable_run_binding_and_range_file 
action_server_tests/test_artifact_storage.py::test_storage_normalizes_equivalent_root_spelling_without_following_links 
[gw1] [ 11%] PASSED action_server_tests/test_artifact_storage.py::test_storage_normalizes_equivalent_root_spelling_without_following_links 
action_server_tests/test_artifact_storage.py::test_storage_rejects_symlink_in_root_ancestor 
[gw1] [ 11%] PASSED action_server_tests/test_artifact_storage.py::test_storage_rejects_symlink_in_root_ancestor 
action_server_tests/test_artifact_storage.py::test_storage_rejects_dangling_link_inside_root 
[gw1] [ 11%] PASSED action_server_tests/test_artifact_storage.py::test_storage_rejects_dangling_link_inside_root 
action_server_tests/test_artifact_storage.py::test_storage_checks_reparse_attributes_without_following_target 
[gw1] [ 11%] PASSED action_server_tests/test_artifact_storage.py::test_storage_checks_reparse_attributes_without_following_target 
action_server_tests/test_artifact_storage.py::test_containment_compares_equivalent_local_drive_prefixes[\\\\?\\C:\\storage\\runs\\run-a-C:\\storage] 
[gw1] [ 11%] PASSED action_server_tests/test_artifact_storage.py::test_containment_compares_equivalent_local_drive_prefixes[\\\\?\\C:\\storage\\runs\\run-a-C:\\storage] 
action_server_tests/test_artifact_storage.py::test_containment_compares_equivalent_local_drive_prefixes[C:\\storage\\runs\\run-a-\\\\?\\C:\\storage] 
[gw1] [ 11%] PASSED action_server_tests/test_artifact_storage.py::test_containment_compares_equivalent_local_drive_prefixes[C:\\storage\\runs\\run-a-\\\\?\\C:\\storage] 
action_server_tests/test_artifact_storage.py::test_containment_compares_equivalent_local_drive_prefixes[\\\\?\\c:\\STORAGE\\runs\\run-a-C:\\storage] 
[gw1] [ 11%] PASSED action_server_tests/test_artifact_storage.py::test_containment_compares_equivalent_local_drive_prefixes[\\\\?\\c:\\STORAGE\\runs\\run-a-C:\\storage] 
action_server_tests/test_artifact_storage.py::test_containment_compares_equivalent_local_drive_prefixes[\\\\?\\C:\\storage.\\runs\\run-a-\\\\?\\C:\\storage.] 
[gw1] [ 11%] PASSED action_server_tests/test_artifact_storage.py::test_containment_compares_equivalent_local_drive_prefixes[\\\\?\\C:\\storage.\\runs\\run-a-\\\\?\\C:\\storage.] 
action_server_tests/test_artifact_storage.py::test_drive_prefix_comparison_preserves_namespace_and_directory_boundaries[\\\\?\\D:\\storage\\run-a-C:\\storage] 
[gw1] [ 12%] PASSED action_server_tests/test_artifact_storage.py::test_drive_prefix_comparison_preserves_namespace_and_directory_boundaries[\\\\?\\D:\\storage\\run-a-C:\\storage] 
action_server_tests/test_artifact_storage.py::test_drive_prefix_comparison_preserves_namespace_and_directory_boundaries[\\\\?\\C:\\storage-other\\run-a-C:\\storage] 
[gw1] [ 12%] PASSED action_server_tests/test_artifact_storage.py::test_drive_prefix_comparison_preserves_namespace_and_directory_boundaries[\\\\?\\C:\\storage-other\\run-a-C:\\storage] 
action_server_tests/test_artifact_storage.py::test_drive_prefix_comparison_preserves_namespace_and_directory_boundaries[\\\\?\\C:\\storage.\\run-a-C:\\storage] 
[gw1] [ 12%] PASSED action_server_tests/test_artifact_storage.py::test_drive_prefix_comparison_preserves_namespace_and_directory_boundaries[\\\\?\\C:\\storage.\\run-a-C:\\storage] 
action_server_tests/test_artifact_storage.py::test_drive_prefix_comparison_preserves_namespace_and_directory_boundaries[\\\\?\\C:\\storage \\run-a-C:\\storage] 
[gw1] [ 12%] PASSED action_server_tests/test_artifact_storage.py::test_drive_prefix_comparison_preserves_namespace_and_directory_boundaries[\\\\?\\C:\\storage \\run-a-C:\\storage] 
action_server_tests/test_artifact_storage.py::test_drive_prefix_comparison_preserves_namespace_and_directory_boundaries[\\\\?\\C:\\storage\\run-a-C:\\storage.] 
[gw1] [ 12%] PASSED action_server_tests/test_artifact_storage.py::test_drive_prefix_comparison_preserves_namespace_and_directory_boundaries[\\\\?\\C:\\storage\\run-a-C:\\storage.] 
action_server_tests/test_artifact_storage.py::test_drive_prefix_comparison_preserves_namespace_and_directory_boundaries[\\\\.\\C:\\storage\\run-a-C:\\storage] 
[gw1] [ 12%] PASSED action_server_tests/test_artifact_storage.py::test_drive_prefix_comparison_preserves_namespace_and_directory_boundaries[\\\\.\\C:\\storage\\run-a-C:\\storage] 
action_server_tests/test_artifact_storage.py::test_drive_prefix_comparison_preserves_namespace_and_directory_boundaries[\\\\.\\NUL-C:\\storage] 
[gw1] [ 12%] PASSED action_server_tests/test_artifact_storage.py::test_drive_prefix_comparison_preserves_namespace_and_directory_boundaries[\\\\.\\NUL-C:\\storage] 
action_server_tests/test_artifact_storage.py::test_drive_prefix_comparison_preserves_namespace_and_directory_boundaries[\\\\?\\GLOBALROOT\\Device\\HarddiskVolume1\\storage\\run-a-C:\\storage] 
[gw1] [ 12%] PASSED action_server_tests/test_artifact_storage.py::test_drive_prefix_comparison_preserves_namespace_and_directory_boundaries[\\\\?\\GLOBALROOT\\Device\\HarddiskVolume1\\storage\\run-a-C:\\storage] 
action_server_tests/test_artifact_storage.py::test_drive_prefix_comparison_preserves_namespace_and_directory_boundaries[\\\\?\\UNC\\server\\share\\run-a-\\\\server\\share] 
[gw1] [ 12%] PASSED action_server_tests/test_artifact_storage.py::test_drive_prefix_comparison_preserves_namespace_and_directory_boundaries[\\\\?\\UNC\\server\\share\\run-a-\\\\server\\share] 
action_server_tests/test_artifact_storage.py::test_drive_prefix_comparison_preserves_namespace_and_directory_boundaries[\\\\?\\Volume{12345678-1234-1234-1234-123456789abc}\\run-a-C:\\storage] 
[gw1] [ 12%] PASSED action_server_tests/test_artifact_storage.py::test_drive_prefix_comparison_preserves_namespace_and_directory_boundaries[\\\\?\\Volume{12345678-1234-1234-1234-123456789abc}\\run-a-C:\\storage] 
action_server_tests/test_artifact_storage.py::test_drive_prefix_comparison_preserves_namespace_and_directory_boundaries[\\\\?\\C:storage\\run-a-C:\\storage] 
[gw1] [ 12%] PASSED action_server_tests/test_artifact_storage.py::test_drive_prefix_comparison_preserves_namespace_and_directory_boundaries[\\\\?\\C:storage\\run-a-C:\\storage] 
action_server_tests/test_artifact_storage.py::test_drive_prefix_comparison_preserves_namespace_and_directory_boundaries[\\\\?\\C:\\storage\\run-a-C:storage] 
[gw1] [ 13%] PASSED action_server_tests/test_artifact_storage.py::test_drive_prefix_comparison_preserves_namespace_and_directory_boundaries[\\\\?\\C:\\storage\\run-a-C:storage] 
action_server_tests/test_artifact_storage.py::test_drive_prefix_comparison_preserves_namespace_and_directory_boundaries[\\\\?\\C:\\storage.\\run-a-C:\\storage.] 
[gw1] [ 13%] PASSED action_server_tests/test_artifact_storage.py::test_drive_prefix_comparison_preserves_namespace_and_directory_boundaries[\\\\?\\C:\\storage.\\run-a-C:\\storage.] 
action_server_tests/test_artifact_storage.py::test_drive_prefix_comparison_preserves_namespace_and_directory_boundaries[C:\\storage.\\run-a-\\\\?\\C:\\storage.] 
[gw1] [ 13%] PASSED action_server_tests/test_artifact_storage.py::test_drive_prefix_comparison_preserves_namespace_and_directory_boundaries[C:\\storage.\\run-a-\\\\?\\C:\\storage.] 
action_server_tests/test_artifact_storage.py::test_drive_prefix_comparison_preserves_namespace_and_directory_boundaries[\\\\?\\C:\\storage\\run.\\result.txt-C:\\storage] 
[gw1] [ 13%] PASSED action_server_tests/test_artifact_storage.py::test_drive_prefix_comparison_preserves_namespace_and_directory_boundaries[\\\\?\\C:\\storage\\run.\\result.txt-C:\\storage] 
action_server_tests/test_artifact_storage.py::test_drive_prefix_comparison_preserves_namespace_and_directory_boundaries[\\\\?\\C:\\storage\\run \\result.txt-C:\\storage] 
[gw1] [ 13%] PASSED action_server_tests/test_artifact_storage.py::test_drive_prefix_comparison_preserves_namespace_and_directory_boundaries[\\\\?\\C:\\storage\\run \\result.txt-C:\\storage] 
action_server_tests/test_artifact_storage.py::test_drive_prefix_comparison_preserves_namespace_and_directory_boundaries[\\\\?\\C:\\storage\\NUL\\result.txt-C:\\storage] 
[gw1] [ 13%] PASSED action_server_tests/test_artifact_storage.py::test_drive_prefix_comparison_preserves_namespace_and_directory_boundaries[\\\\?\\C:\\storage\\NUL\\result.txt-C:\\storage] 
action_server_tests/test_artifact_storage.py::test_drive_prefix_comparison_preserves_namespace_and_directory_boundaries[\\\\?\\C:\\storage\\CON.txt-C:\\storage] 
[gw1] [ 13%] PASSED action_server_tests/test_artifact_storage.py::test_drive_prefix_comparison_preserves_namespace_and_directory_boundaries[\\\\?\\C:\\storage\\CON.txt-C:\\storage] 
action_server_tests/test_artifact_storage.py::test_drive_prefix_comparison_preserves_namespace_and_directory_boundaries[\\\\?\\C:\\storage\\run-a\\result.txt:stream-C:\\storage] 
[gw1] [ 13%] PASSED action_server_tests/test_artifact_storage.py::test_drive_prefix_comparison_preserves_namespace_and_directory_boundaries[\\\\?\\C:\\storage\\run-a\\result.txt:stream-C:\\storage] 
action_server_tests/test_artifact_storage.py::test_drive_prefix_comparison_preserves_namespace_and_directory_boundaries[\\\\?\\C:\\storage\\run-a\\..\\result.txt-C:\\storage] 
[gw1] [ 13%] PASSED action_server_tests/test_artifact_storage.py::test_drive_prefix_comparison_preserves_namespace_and_directory_boundaries[\\\\?\\C:\\storage\\run-a\\..\\result.txt-C:\\storage] 
action_server_tests/test_artifact_storage.py::test_containment_checks_reparse_entries_in_the_io_namespace 
[gw1] [ 13%] PASSED action_server_tests/test_artifact_storage.py::test_containment_checks_reparse_entries_in_the_io_namespace 
action_server_tests/test_artifact_storage.py::test_storage_handles_mixed_resolved_drive_prefixes 
[gw1] [ 13%] SKIPPED action_server_tests/test_artifact_storage.py::test_storage_handles_mixed_resolved_drive_prefixes 
action_server_tests/test_binary.py::test_binary_spec_includes_termcolor_hidden_import 
[gw1] [ 14%] PASSED action_server_tests/test_binary.py::test_binary_spec_includes_termcolor_hidden_import 
action_server_tests/test_binary.py::test_binary_spec_collects_postgresql_runtime_modules 
[gw1] [ 14%] PASSED action_server_tests/test_binary.py::test_binary_spec_collects_postgresql_runtime_modules 
action_server_tests/test_binary.py::test_binary_spec_collects_sqlite_runtime_modules 
[gw1] [ 14%] PASSED action_server_tests/test_binary.py::test_binary_spec_collects_sqlite_runtime_modules 
action_server_tests/test_binary.py::test_binary_spec_collects_fastapi_runtime_module 
[gw1] [ 14%] PASSED action_server_tests/test_binary.py::test_binary_spec_collects_fastapi_runtime_module 
action_server_tests/test_binary.py::test_binary_spec_collects_runtime_server_module 
[gw1] [ 14%] PASSED action_server_tests/test_binary.py::test_binary_spec_collects_runtime_server_module 
action_server_tests/test_binary.py::test_binary_spec_collects_actions_http_runtime_modules_and_data 
[gw1] [ 14%] PASSED action_server_tests/test_binary.py::test_binary_spec_collects_actions_http_runtime_modules_and_data 
action_server_tests/test_binary.py::test_binary_spec_bundles_repository_owned_rcc_asset 
[gw1] [ 14%] PASSED action_server_tests/test_binary.py::test_binary_spec_bundles_repository_owned_rcc_asset 
action_server_tests/test_binary.py::test_rcc_spec_data_filter_accepts_native_path_separators[data0] 
[gw1] [ 14%] PASSED action_server_tests/test_binary.py::test_rcc_spec_data_filter_accepts_native_path_separators[data0] 
action_server_tests/test_binary.py::test_rcc_spec_data_filter_accepts_native_path_separators[data1] 
[gw1] [ 14%] PASSED action_server_tests/test_binary.py::test_rcc_spec_data_filter_accepts_native_path_separators[data1] 
action_server_tests/test_binary.py::test_rcc_spec_data_filter_rejects_unrelated_data[data0] 
[gw1] [ 14%] PASSED action_server_tests/test_binary.py::test_rcc_spec_data_filter_rejects_unrelated_data[data0] 
action_server_tests/test_binary.py::test_rcc_spec_data_filter_rejects_unrelated_data[data1] 
[gw1] [ 14%] PASSED action_server_tests/test_binary.py::test_rcc_spec_data_filter_rejects_unrelated_data[data1] 
action_server_tests/test_binary.py::test_rcc_spec_data_filter_rejects_unrelated_data[data2] 
[gw1] [ 15%] PASSED action_server_tests/test_binary.py::test_rcc_spec_data_filter_rejects_unrelated_data[data2] 
action_server_tests/test_binary.py::test_binary_spec_preserves_work_items_python_sources_for_private_loader 
[gw1] [ 15%] PASSED action_server_tests/test_binary.py::test_binary_spec_preserves_work_items_python_sources_for_private_loader 
action_server_tests/test_binary.py::test_work_items_pyinstaller_data_hook_keeps_only_child_package_sources 
[gw1] [ 15%] PASSED action_server_tests/test_binary.py::test_work_items_pyinstaller_data_hook_keeps_only_child_package_sources 
action_server_tests/test_browser_session.py::test_signin_http_websocket_artifact_logout 
[gw1] [ 15%] PASSED action_server_tests/test_browser_session.py::test_signin_http_websocket_artifact_logout 
action_server_tests/test_browser_session.py::test_signin_requires_exact_origin[None] 
[gw1] [ 15%] PASSED action_server_tests/test_browser_session.py::test_signin_requires_exact_origin[None] 
action_server_tests/test_browser_session.py::test_signin_requires_exact_origin[null] 
[gw1] [ 15%] PASSED action_server_tests/test_browser_session.py::test_signin_requires_exact_origin[null] 
action_server_tests/test_browser_session.py::test_signin_requires_exact_origin[http://evil.example] 
[gw1] [ 15%] PASSED action_server_tests/test_browser_session.py::test_signin_requires_exact_origin[http://evil.example] 
action_server_tests/test_browser_session.py::test_signin_requires_exact_origin[http://127.0.0.1:81] 
[gw1] [ 15%] PASSED action_server_tests/test_browser_session.py::test_signin_requires_exact_origin[http://127.0.0.1:81] 
action_server_tests/test_browser_session.py::test_signin_requires_exact_origin[http://127.0.0.1/path] 
[gw1] [ 15%] PASSED action_server_tests/test_browser_session.py::test_signin_requires_exact_origin[http://127.0.0.1/path] 
action_server_tests/test_browser_session.py::test_cookie_csrf_wrong_bearer_and_missing_ws_origin_fail 
[gw1] [ 15%] PASSED action_server_tests/test_browser_session.py::test_cookie_csrf_wrong_bearer_and_missing_ws_origin_fail 
action_server_tests/test_browser_session.py::test_remote_plain_http_denied_https_secure_cookie 
[gw1] [ 15%] PASSED action_server_tests/test_browser_session.py::test_remote_plain_http_denied_https_secure_cookie 
action_server_tests/test_browser_session.py::test_cookie_cannot_authenticate_mcp_backend 
[gw1] [ 16%] PASSED action_server_tests/test_browser_session.py::test_cookie_cannot_authenticate_mcp_backend 
action_server_tests/test_browser_session.py::test_session_expires_and_capacity_is_bounded 
[gw1] [ 16%] PASSED action_server_tests/test_browser_session.py::test_session_expires_and_capacity_is_bounded 
action_server_tests/test_browser_session.py::test_cookie_is_not_valid_after_restart_or_for_another_origin 
[gw1] [ 16%] PASSED action_server_tests/test_browser_session.py::test_cookie_is_not_valid_after_restart_or_for_another_origin 
action_server_tests/test_browser_session.py::test_loopback_host_and_forwarded_headers_do_not_override_actual_peer 
[gw1] [ 16%] PASSED action_server_tests/test_browser_session.py::test_loopback_host_and_forwarded_headers_do_not_override_actual_peer 
action_server_tests/test_browser_session.py::test_unauthorized_cookie_request_rejected_without_reading_body[asyncio] 
[gw1] [ 16%] PASSED action_server_tests/test_browser_session.py::test_unauthorized_cookie_request_rejected_without_reading_body[asyncio] 
action_server_tests/test_browser_session.py::test_tunnel_startup_does_not_log_api_key[asyncio] 
[gw1] [ 16%] PASSED action_server_tests/test_browser_session.py::test_tunnel_startup_does_not_log_api_key[asyncio] 
action_server_tests/test_browser_session.py::test_cookie_cannot_reach_mutating_oauth_get_handlers[/oauth2/logout] 
[gw1] [ 16%] PASSED action_server_tests/test_browser_session.py::test_cookie_cannot_reach_mutating_oauth_get_handlers[/oauth2/logout] 
action_server_tests/test_browser_session.py::test_cookie_cannot_reach_mutating_oauth_get_handlers[/oauth2/create-reference-id] 
[gw1] [ 16%] PASSED action_server_tests/test_browser_session.py::test_cookie_cannot_reach_mutating_oauth_get_handlers[/oauth2/create-reference-id] 
action_server_tests/test_browser_session.py::test_cookie_cannot_reach_mutating_oauth_get_handlers[/oauth2/status] 
[gw1] [ 16%] PASSED action_server_tests/test_browser_session.py::test_cookie_cannot_reach_mutating_oauth_get_handlers[/oauth2/status] 
action_server_tests/test_browser_session.py::test_whitespace_duplicate_session_cookies_rejected[actions_browser_session ={token}; actions_browser_session={token}] 
[gw1] [ 16%] PASSED action_server_tests/test_browser_session.py::test_whitespace_duplicate_session_cookies_rejected[actions_browser_session ={token}; actions_browser_session={token}] 
action_server_tests/test_browser_session.py::test_whitespace_duplicate_session_cookies_rejected[actions_browser_session={token}; actions_browser_session ={token}] 
[gw1] [ 16%] PASSED action_server_tests/test_browser_session.py::test_whitespace_duplicate_session_cookies_rejected[actions_browser_session={token}; actions_browser_session ={token}] 
action_server_tests/test_canvas_query_results_fixture.py::test_query_results_fixture_schema_is_valid 
[gw1] [ 17%] PASSED action_server_tests/test_canvas_query_results_fixture.py::test_query_results_fixture_schema_is_valid 
action_server_tests/test_canvas_query_results_fixture.py::test_shared_query_results_fixture_round_trips_as_json 
[gw1] [ 17%] PASSED action_server_tests/test_canvas_query_results_fixture.py::test_shared_query_results_fixture_round_trips_as_json 
action_server_tests/test_canvas_query_results_fixture.py::test_python_json_round_trips_through_typescript_and_back 
[gw1] [ 17%] SKIPPED action_server_tests/test_canvas_query_results_fixture.py::test_python_json_round_trips_through_typescript_and_back 
action_server_tests/test_canvas_query_results_fixture.py::test_required_python_typescript_bridge_fails_closed_without_node 
[gw1] [ 17%] PASSED action_server_tests/test_canvas_query_results_fixture.py::test_required_python_typescript_bridge_fails_closed_without_node 
action_server_tests/test_canvas_query_results_fixture.py::test_invalid_fixture_values_are_rejected[unknown-field] 
[gw1] [ 17%] PASSED action_server_tests/test_canvas_query_results_fixture.py::test_invalid_fixture_values_are_rejected[unknown-field] 
action_server_tests/test_canvas_query_results_fixture.py::test_invalid_fixture_values_are_rejected[blank-query] 
[gw1] [ 17%] PASSED action_server_tests/test_canvas_query_results_fixture.py::test_invalid_fixture_values_are_rejected[blank-query] 
action_server_tests/test_canvas_query_results_fixture.py::test_invalid_fixture_values_are_rejected[malformed-handle] 
[gw1] [ 17%] PASSED action_server_tests/test_canvas_query_results_fixture.py::test_invalid_fixture_values_are_rejected[malformed-handle] 
action_server_tests/test_canvas_query_results_fixture.py::test_invalid_fixture_values_are_rejected[missing-row] 
[gw1] [ 17%] PASSED action_server_tests/test_canvas_query_results_fixture.py::test_invalid_fixture_values_are_rejected[missing-row] 
action_server_tests/test_cli.py::test_default_datadir 
[gw1] [ 17%] PASSED action_server_tests/test_cli.py::test_default_datadir 
action_server_tests/test_cli.py::test_datadir_user_specified 
[gw1] [ 17%] PASSED action_server_tests/test_cli.py::test_datadir_user_specified 
action_server_tests/test_cloud.py::test_cloud_list_organizations_uses_cli_http_contract 
[gw1] [ 18%] PASSED action_server_tests/test_cloud.py::test_cloud_list_organizations_uses_cli_http_contract 
action_server_tests/test_community_expose.py::test_tunnel_manager_selects_public_provider_and_cleans_up 
[gw1] [ 18%] PASSED action_server_tests/test_community_expose.py::test_tunnel_manager_selects_public_provider_and_cleans_up 
action_server_tests/test_community_expose.py::test_tunnel_manager_falls_back_after_provider_start_failure 
[gw1] [ 18%] PASSED action_server_tests/test_community_expose.py::test_tunnel_manager_falls_back_after_provider_start_failure 
action_server_tests/test_community_expose.py::test_automatic_provider_selection_never_falls_back_to_plain_http 
[gw1] [ 18%] PASSED action_server_tests/test_community_expose.py::test_automatic_provider_selection_never_falls_back_to_plain_http 
action_server_tests/test_community_expose.py::test_owned_process_stop_escalates_and_does_not_signal_twice 
[gw1] [ 18%] PASSED action_server_tests/test_community_expose.py::test_owned_process_stop_escalates_and_does_not_signal_twice 
action_server_tests/test_community_expose.py::test_cloudflare_configured_tunnel_requires_public_https_url 
[gw1] [ 18%] PASSED action_server_tests/test_community_expose.py::test_cloudflare_configured_tunnel_requires_public_https_url 
action_server_tests/test_community_expose.py::test_provider_reaps_owned_process_when_url_wait_fails[localhost.run] 
[gw1] [ 18%] PASSED action_server_tests/test_community_expose.py::test_provider_reaps_owned_process_when_url_wait_fails[localhost.run] 
action_server_tests/test_community_expose.py::test_provider_reaps_owned_process_when_url_wait_fails[bore] 
[gw1] [ 18%] PASSED action_server_tests/test_community_expose.py::test_provider_reaps_owned_process_when_url_wait_fails[bore] 
action_server_tests/test_community_expose.py::test_provider_reaps_owned_process_when_url_wait_fails[cloudflare] 
[gw1] [ 18%] PASSED action_server_tests/test_community_expose.py::test_provider_reaps_owned_process_when_url_wait_fails[cloudflare] 
action_server_tests/test_community_expose.py::test_localhost_run_requires_existing_trusted_ssh_host_key 
[gw1] [ 18%] PASSED action_server_tests/test_community_expose.py::test_localhost_run_requires_existing_trusted_ssh_host_key 
action_server_tests/test_community_expose.py::test_cloudflare_token_is_passed_through_child_environment 
[gw1] [ 18%] PASSED action_server_tests/test_community_expose.py::test_cloudflare_token_is_passed_through_child_environment 
action_server_tests/test_community_expose.py::test_cloudflare_pipe_reader_does_not_depend_on_select 
[gw1] [ 19%] PASSED action_server_tests/test_community_expose.py::test_cloudflare_pipe_reader_does_not_depend_on_select 
action_server_tests/test_community_expose.py::test_cloudflare_does_not_join_url_fragments_from_different_streams 
[gw1] [ 19%] PASSED action_server_tests/test_community_expose.py::test_cloudflare_does_not_join_url_fragments_from_different_streams 
action_server_tests/test_community_expose.py::test_cloudflare_joins_url_fragments_within_one_stream[stdout] 
[gw1] [ 19%] PASSED action_server_tests/test_community_expose.py::test_cloudflare_joins_url_fragments_within_one_stream[stdout] 
action_server_tests/test_community_expose.py::test_cloudflare_joins_url_fragments_within_one_stream[stderr] 
[gw1] [ 19%] PASSED action_server_tests/test_community_expose.py::test_cloudflare_joins_url_fragments_within_one_stream[stderr] 
action_server_tests/test_community_expose.py::test_cloudflare_reader_timeout_reaps_process_and_unblocks_pipes 
[gw1] [ 19%] PASSED action_server_tests/test_community_expose.py::test_cloudflare_reader_timeout_reaps_process_and_unblocks_pipes 
action_server_tests/test_community_expose.py::test_cloudflare_reader_is_async_and_cancellable_with_newline_free_output 
[gw1] [ 19%] PASSED action_server_tests/test_community_expose.py::test_cloudflare_reader_is_async_and_cancellable_with_newline_free_output 
action_server_tests/test_community_expose.py::test_cloudflare_cancellation_runs_while_output_queue_is_always_full 
[gw1] [ 19%] PASSED action_server_tests/test_community_expose.py::test_cloudflare_cancellation_runs_while_output_queue_is_always_full 
action_server_tests/test_community_expose.py::test_cloudflare_waiter_does_not_kill_inherited_pipe_writer 
[gw1] [ 19%] PASSED action_server_tests/test_community_expose.py::test_cloudflare_waiter_does_not_kill_inherited_pipe_writer 
action_server_tests/test_community_expose.py::test_cloudflare_full_queue_reader_keeps_draining_after_url 
[gw1] [ 19%] PASSED action_server_tests/test_community_expose.py::test_cloudflare_full_queue_reader_keeps_draining_after_url 
action_server_tests/test_community_expose.py::test_cloudflare_stop_does_not_block_event_loop 
[gw1] [ 19%] PASSED action_server_tests/test_community_expose.py::test_cloudflare_stop_does_not_block_event_loop 
action_server_tests/test_community_expose.py::test_cloudflare_cancellation_survives_cleanup_failure 
[gw1] [ 19%] PASSED action_server_tests/test_community_expose.py::test_cloudflare_cancellation_survives_cleanup_failure 
action_server_tests/test_community_expose.py::test_cloudflare_repeated_cancellation_waits_for_cleanup 
[gw1] [ 20%] PASSED action_server_tests/test_community_expose.py::test_cloudflare_repeated_cancellation_waits_for_cleanup 
action_server_tests/test_community_expose.py::test_cloudflare_partial_pipe_setup_failure_reaps_process 
[gw1] [ 20%] PASSED action_server_tests/test_community_expose.py::test_cloudflare_partial_pipe_setup_failure_reaps_process 
action_server_tests/test_community_expose.py::test_stop_process_does_not_close_pipe_under_lingering_reader 
[gw1] [ 20%] PASSED action_server_tests/test_community_expose.py::test_stop_process_does_not_close_pipe_under_lingering_reader 
action_server_tests/test_community_expose.py::test_server_expose_suppresses_all_provider_failure_without_active_tunnel 
[gw1] [ 20%] PASSED action_server_tests/test_community_expose.py::test_server_expose_suppresses_all_provider_failure_without_active_tunnel 
action_server_tests/test_community_expose.py::test_legacy_expose_refuses_bore_even_when_selected 
[gw1] [ 20%] PASSED action_server_tests/test_community_expose.py::test_legacy_expose_refuses_bore_even_when_selected 
action_server_tests/test_community_expose.py::test_failed_authenticated_tunnel_probe_stops_owned_manager_without_logging_key 
[gw1] [ 20%] PASSED action_server_tests/test_community_expose.py::test_failed_authenticated_tunnel_probe_stops_owned_manager_without_logging_key 
action_server_tests/test_community_expose.py::test_community_expose_lifespan_awaits_manager_before_child_cleanup 
[gw1] [ 20%] PASSED action_server_tests/test_community_expose.py::test_community_expose_lifespan_awaits_manager_before_child_cleanup 
action_server_tests/test_community_expose.py::test_community_expose_lifespan_preserves_body_error_and_runs_cleanup 
[gw1] [ 20%] PASSED action_server_tests/test_community_expose.py::test_community_expose_lifespan_preserves_body_error_and_runs_cleanup 
action_server_tests/test_community_expose.py::test_community_expose_lifespan_isolates_tunnel_stop_failure 
[gw1] [ 20%] PASSED action_server_tests/test_community_expose.py::test_community_expose_lifespan_isolates_tunnel_stop_failure 
action_server_tests/test_community_expose.py::test_community_expose_lifespan_handles_child_list_failure 
[gw1] [ 20%] PASSED action_server_tests/test_community_expose.py::test_community_expose_lifespan_handles_child_list_failure 
action_server_tests/test_community_expose_lifecycle.py::test_provider_inventory_is_passive 
[gw1] [ 20%] PASSED action_server_tests/test_community_expose_lifecycle.py::test_provider_inventory_is_passive 
action_server_tests/test_community_expose_lifecycle.py::test_provider_availability_checks_only_installed_executables 
[gw1] [ 21%] PASSED action_server_tests/test_community_expose_lifecycle.py::test_provider_availability_checks_only_installed_executables 
action_server_tests/test_community_expose_lifecycle.py::test_expose_cli_providers_is_json_and_does_not_initialize_rcc 
[gw1] [ 21%] PASSED action_server_tests/test_community_expose_lifecycle.py::test_expose_cli_providers_is_json_and_does_not_initialize_rcc 
action_server_tests/test_community_expose_lifecycle.py::test_explicit_plain_http_provider_is_disabled 
[gw1] [ 21%] PASSED action_server_tests/test_community_expose_lifecycle.py::test_explicit_plain_http_provider_is_disabled 
action_server_tests/test_community_expose_lifecycle.py::test_started_provider_is_reported_as_starting_until_edge_readiness 
[gw1] [ 21%] PASSED action_server_tests/test_community_expose_lifecycle.py::test_started_provider_is_reported_as_starting_until_edge_readiness 
action_server_tests/test_community_expose_lifecycle.py::test_stop_does_not_signal_a_pid_whose_start_identity_changed 
[gw1] [ 21%] PASSED action_server_tests/test_community_expose_lifecycle.py::test_stop_does_not_signal_a_pid_whose_start_identity_changed 
action_server_tests/test_community_expose_lifecycle.py::test_stop_is_idempotent_and_signals_only_matching_owned_pid 
[gw1] [ 21%] PASSED action_server_tests/test_community_expose_lifecycle.py::test_stop_is_idempotent_and_signals_only_matching_owned_pid 
action_server_tests/test_community_expose_lifecycle.py::test_state_symlink_is_reported_failed_not_stopped 
[gw1] [ 21%] PASSED action_server_tests/test_community_expose_lifecycle.py::test_state_symlink_is_reported_failed_not_stopped 
action_server_tests/test_community_expose_lifecycle.py::test_actions_home_symlink_is_rejected 
[gw1] [ 21%] PASSED action_server_tests/test_community_expose_lifecycle.py::test_actions_home_symlink_is_rejected 
action_server_tests/test_community_expose_lifecycle.py::test_foreground_setup_failure_stops_provider_and_removes_state[callback] 
[gw1] [ 21%] PASSED action_server_tests/test_community_expose_lifecycle.py::test_foreground_setup_failure_stops_provider_and_removes_state[callback] 
action_server_tests/test_community_expose_lifecycle.py::test_foreground_setup_failure_stops_provider_and_removes_state[signal-install] 
[gw1] [ 21%] PASSED action_server_tests/test_community_expose_lifecycle.py::test_foreground_setup_failure_stops_provider_and_removes_state[signal-install] 
action_server_tests/test_create_conda_from_package_yaml.py::test_package_update 
[gw1] [ 21%] PASSED action_server_tests/test_create_conda_from_package_yaml.py::test_package_update 
action_server_tests/test_create_new_project.py::test_create_new_project_uses_embedded_template 
[gw1] [ 22%] PASSED action_server_tests/test_create_new_project.py::test_create_new_project_uses_embedded_template 
action_server_tests/test_create_new_project.py::test_create_mcp_v2_showcase_from_embedded_bundle 
[gw1] [ 22%] PASSED action_server_tests/test_create_new_project.py::test_create_mcp_v2_showcase_from_embedded_bundle 
action_server_tests/test_create_new_project.py::test_list_templates_no_templates_available 
[gw1] [ 22%] PASSED action_server_tests/test_create_new_project.py::test_list_templates_no_templates_available 
action_server_tests/test_create_new_project.py::test_action_server_new_force_flag 
[gw1] [ 22%] PASSED action_server_tests/test_create_new_project.py::test_action_server_new_force_flag 
action_server_tests/test_current_candidate_import_rollback.py::test_forced_cleanup_poll_cannot_prove_natural_server_exit 
[gw1] [ 22%] PASSED action_server_tests/test_current_candidate_import_rollback.py::test_forced_cleanup_poll_cannot_prove_natural_server_exit 
action_server_tests/test_current_candidate_import_rollback.py::test_action_server_natural_exit_receipt_contract[None-200-FAIL] 
[gw1] [ 22%] PASSED action_server_tests/test_current_candidate_import_rollback.py::test_action_server_natural_exit_receipt_contract[None-200-FAIL] 
action_server_tests/test_current_candidate_import_rollback.py::test_action_server_natural_exit_receipt_contract[1-None-FAIL] 
[gw1] [ 22%] PASSED action_server_tests/test_current_candidate_import_rollback.py::test_action_server_natural_exit_receipt_contract[1-None-FAIL] 
action_server_tests/test_current_candidate_import_rollback.py::test_action_server_natural_exit_receipt_contract[1-500-FAIL] 
[gw1] [ 22%] PASSED action_server_tests/test_current_candidate_import_rollback.py::test_action_server_natural_exit_receipt_contract[1-500-FAIL] 
action_server_tests/test_current_candidate_import_rollback.py::test_action_server_natural_exit_receipt_contract[1-200-PASS] 
[gw1] [ 22%] PASSED action_server_tests/test_current_candidate_import_rollback.py::test_action_server_natural_exit_receipt_contract[1-200-PASS] 
action_server_tests/test_current_candidate_import_rollback.py::test_action_server_natural_exit_receipt_contract[0-200-PASS] 
[gw1] [ 22%] PASSED action_server_tests/test_current_candidate_import_rollback.py::test_action_server_natural_exit_receipt_contract[0-200-PASS] 
action_server_tests/test_current_candidate_import_rollback.py::test_action_server_natural_exit_receipt_contract[-11-200-FAIL] 
[gw1] [ 22%] PASSED action_server_tests/test_current_candidate_import_rollback.py::test_action_server_natural_exit_receipt_contract[-11-200-FAIL] 
action_server_tests/test_dakota_rcc_acceptance.py::test_dakota_acceptance_harness_describes_candidate_wheel_proof 
[gw1] [ 23%] PASSED action_server_tests/test_dakota_rcc_acceptance.py::test_dakota_acceptance_harness_describes_candidate_wheel_proof 
action_server_tests/test_dakota_rcc_acceptance.py::test_cli_rejects_existing_receipt_before_creating_supervisor_state 
[gw1] [ 23%] PASSED action_server_tests/test_dakota_rcc_acceptance.py::test_cli_rejects_existing_receipt_before_creating_supervisor_state 
action_server_tests/test_dakota_rcc_acceptance.py::test_cli_help_is_available_before_linux_execution_guard 
[gw1] [ 23%] PASSED action_server_tests/test_dakota_rcc_acceptance.py::test_cli_help_is_available_before_linux_execution_guard 
action_server_tests/test_dakota_rcc_acceptance.py::test_cli_refuses_existing_receipt_before_linux_execution_guard 
[gw1] [ 23%] PASSED action_server_tests/test_dakota_rcc_acceptance.py::test_cli_refuses_existing_receipt_before_linux_execution_guard 
action_server_tests/test_dakota_rcc_acceptance.py::test_historical_candidate_receipt_keeps_failed_wrapper_cell 
[gw1] [ 23%] PASSED action_server_tests/test_dakota_rcc_acceptance.py::test_historical_candidate_receipt_keeps_failed_wrapper_cell 
action_server_tests/test_dakota_rcc_acceptance.py::test_current_live_receipt_keeps_action_pass_and_wrapper_failure_separate 
[gw1] [ 23%] PASSED action_server_tests/test_dakota_rcc_acceptance.py::test_current_live_receipt_keeps_action_pass_and_wrapper_failure_separate 
action_server_tests/test_dakota_rcc_acceptance.py::test_child_environment_keeps_ca_and_proxy_settings_without_credentials 
[gw1] [ 23%] PASSED action_server_tests/test_dakota_rcc_acceptance.py::test_child_environment_keeps_ca_and_proxy_settings_without_credentials 
action_server_tests/test_dakota_rcc_acceptance.py::test_child_environment_rejects_proxy_credentials 
[gw1] [ 23%] PASSED action_server_tests/test_dakota_rcc_acceptance.py::test_child_environment_rejects_proxy_credentials 
action_server_tests/test_dakota_rcc_acceptance.py::test_candidate_poetry_requires_explicit_pinned_rcc_toolchain 
[gw1] [ 23%] PASSED action_server_tests/test_dakota_rcc_acceptance.py::test_candidate_poetry_requires_explicit_pinned_rcc_toolchain 
action_server_tests/test_dakota_rcc_acceptance.py::test_candidate_poetry_rejects_path_outside_rcc_home 
[gw1] [ 23%] PASSED action_server_tests/test_dakota_rcc_acceptance.py::test_candidate_poetry_rejects_path_outside_rcc_home 
action_server_tests/test_dakota_rcc_acceptance.py::test_candidate_poetry_must_resolve_under_toolchain_and_report_2_1_1 
[gw1] [ 24%] PASSED action_server_tests/test_dakota_rcc_acceptance.py::test_candidate_poetry_must_resolve_under_toolchain_and_report_2_1_1 
action_server_tests/test_dakota_rcc_acceptance.py::test_candidate_poetry_resolves_pinned_executable_under_rcc_home 
[gw1] [ 24%] PASSED action_server_tests/test_dakota_rcc_acceptance.py::test_candidate_poetry_resolves_pinned_executable_under_rcc_home 
action_server_tests/test_dakota_rcc_acceptance.py::test_evidence_is_retained_outside_run_temp 
[gw1] [ 24%] PASSED action_server_tests/test_dakota_rcc_acceptance.py::test_evidence_is_retained_outside_run_temp 
action_server_tests/test_dakota_rcc_acceptance.py::test_evidence_receipt_uses_private_posix_mode 
[gw1] [ 24%] PASSED action_server_tests/test_dakota_rcc_acceptance.py::test_evidence_receipt_uses_private_posix_mode 
action_server_tests/test_dakota_rcc_acceptance.py::test_failed_rcc_wrapper_exit_keeps_overall_acceptance_failed 
[gw1] [ 24%] PASSED action_server_tests/test_dakota_rcc_acceptance.py::test_failed_rcc_wrapper_exit_keeps_overall_acceptance_failed 
action_server_tests/test_dakota_rcc_acceptance.py::test_wrapper_exit_requires_completed_status_and_numeric_zero[receipt0] 
[gw1] [ 24%] PASSED action_server_tests/test_dakota_rcc_acceptance.py::test_wrapper_exit_requires_completed_status_and_numeric_zero[receipt0] 
action_server_tests/test_dakota_rcc_acceptance.py::test_wrapper_exit_requires_completed_status_and_numeric_zero[receipt1] 
[gw1] [ 24%] PASSED action_server_tests/test_dakota_rcc_acceptance.py::test_wrapper_exit_requires_completed_status_and_numeric_zero[receipt1] 
action_server_tests/test_dakota_rcc_acceptance.py::test_wrapper_exit_requires_completed_status_and_numeric_zero[receipt2] 
[gw1] [ 24%] PASSED action_server_tests/test_dakota_rcc_acceptance.py::test_wrapper_exit_requires_completed_status_and_numeric_zero[receipt2] 
action_server_tests/test_dakota_rcc_acceptance.py::test_wrapper_exit_requires_completed_status_and_numeric_zero[receipt3] 
[gw1] [ 24%] PASSED action_server_tests/test_dakota_rcc_acceptance.py::test_wrapper_exit_requires_completed_status_and_numeric_zero[receipt3] 
action_server_tests/test_dakota_rcc_acceptance.py::test_wrapper_exit_requires_completed_status_and_numeric_zero[receipt4] 
[gw1] [ 24%] PASSED action_server_tests/test_dakota_rcc_acceptance.py::test_wrapper_exit_requires_completed_status_and_numeric_zero[receipt4] 
action_server_tests/test_dakota_rcc_acceptance.py::test_wrapper_exit_requires_completed_status_and_numeric_zero[receipt5] 
[gw1] [ 24%] PASSED action_server_tests/test_dakota_rcc_acceptance.py::test_wrapper_exit_requires_completed_status_and_numeric_zero[receipt5] 
action_server_tests/test_dakota_rcc_acceptance.py::test_wrapper_exit_requires_completed_status_and_numeric_zero[receipt6] 
[gw1] [ 25%] PASSED action_server_tests/test_dakota_rcc_acceptance.py::test_wrapper_exit_requires_completed_status_and_numeric_zero[receipt6] 
action_server_tests/test_dakota_rcc_acceptance.py::test_wrapper_exit_accepts_only_completed_numeric_zero 
[gw1] [ 25%] PASSED action_server_tests/test_dakota_rcc_acceptance.py::test_wrapper_exit_accepts_only_completed_numeric_zero 
action_server_tests/test_dakota_rcc_acceptance.py::test_unavailable_provider_probe_counts_and_rejects_attempted_requests 
[gw1] [ 25%] PASSED action_server_tests/test_dakota_rcc_acceptance.py::test_unavailable_provider_probe_counts_and_rejects_attempted_requests 
action_server_tests/test_dakota_rcc_acceptance.py::test_acquire_diagnostic_uses_machine_result_and_optional_provider 
[gw1] [ 25%] PASSED action_server_tests/test_dakota_rcc_acceptance.py::test_acquire_diagnostic_uses_machine_result_and_optional_provider 
action_server_tests/test_dakota_rcc_acceptance.py::test_runtime_tree_refresh_precedes_stop_even_when_stop_fails 
[gw1] [ 25%] PASSED action_server_tests/test_dakota_rcc_acceptance.py::test_runtime_tree_refresh_precedes_stop_even_when_stop_fails 
action_server_tests/test_dakota_rcc_acceptance.py::test_supervisor_process_enumeration_errors_fail_closed 
[gw1] [ 25%] PASSED action_server_tests/test_dakota_rcc_acceptance.py::test_supervisor_process_enumeration_errors_fail_closed 
action_server_tests/test_dakota_rcc_acceptance.py::test_supervisor_cleanup_failure_demotes_existing_receipt 
[gw1] [ 25%] PASSED action_server_tests/test_dakota_rcc_acceptance.py::test_supervisor_cleanup_failure_demotes_existing_receipt 
action_server_tests/test_dakota_rcc_acceptance.py::test_owned_linux_process_accepts_path_arguments 
[gw1] [ 25%] PASSED action_server_tests/test_dakota_rcc_acceptance.py::test_owned_linux_process_accepts_path_arguments 
action_server_tests/test_dakota_rcc_acceptance.py::test_acceptance_fails_closed_before_side_effects_on_non_linux 
[gw1] [ 25%] PASSED action_server_tests/test_dakota_rcc_acceptance.py::test_acceptance_fails_closed_before_side_effects_on_non_linux 
action_server_tests/test_dakota_rcc_acceptance.py::test_hidden_supervisor_fails_closed_on_non_linux 
[gw1] [ 25%] PASSED action_server_tests/test_dakota_rcc_acceptance.py::test_hidden_supervisor_fails_closed_on_non_linux 
action_server_tests/test_dakota_rcc_acceptance.py::test_total_timeout_terminates_owned_descendant_processes 
[gw1] [ 25%] PASSED action_server_tests/test_dakota_rcc_acceptance.py::test_total_timeout_terminates_owned_descendant_processes 
action_server_tests/test_dakota_rcc_acceptance.py::test_early_owner_exit_cleans_detached_inherited_pipe_writer 
[gw1] [ 26%] PASSED action_server_tests/test_dakota_rcc_acceptance.py::test_early_owner_exit_cleans_detached_inherited_pipe_writer 
action_server_tests/test_dakota_rcc_acceptance.py::test_success_reaps_fast_exit_detached_child_before_echild 
[gw1] [ 26%] PASSED action_server_tests/test_dakota_rcc_acceptance.py::test_success_reaps_fast_exit_detached_child_before_echild 
action_server_tests/test_dakota_rcc_acceptance.py::test_provider_startup_failure_uses_bounded_kill_fallback 
[gw1] [ 26%] PASSED action_server_tests/test_dakota_rcc_acceptance.py::test_provider_startup_failure_uses_bounded_kill_fallback 
action_server_tests/test_dakota_workitems_native_acceptance_harness.py::test_native_artifact_cases_are_selected_only_by_their_exact_artifact_gate 
[gw1] [ 26%] PASSED action_server_tests/test_dakota_workitems_native_acceptance_harness.py::test_native_artifact_cases_are_selected_only_by_their_exact_artifact_gate 
action_server_tests/test_dakota_workitems_native_acceptance_harness.py::test_candidate_wheel_inventory_uses_metadata_version_and_rejects_stale_entries 
[gw1] [ 26%] PASSED action_server_tests/test_dakota_workitems_native_acceptance_harness.py::test_candidate_wheel_inventory_uses_metadata_version_and_rejects_stale_entries 
action_server_tests/test_dakota_workitems_native_acceptance_harness.py::test_native_workflow_builds_candidate_version_without_reusing_wheel_output 
[gw1] [ 26%] PASSED action_server_tests/test_dakota_workitems_native_acceptance_harness.py::test_native_workflow_builds_candidate_version_without_reusing_wheel_output 
action_server_tests/test_dakota_workitems_native_acceptance_harness.py::test_rejects_a_single_selected_native_case 
[gw1] [ 26%] PASSED action_server_tests/test_dakota_workitems_native_acceptance_harness.py::test_rejects_a_single_selected_native_case 
action_server_tests/test_dakota_workitems_native_acceptance_harness.py::test_rejects_duplicate_pytest_case_reports 
[gw1] [ 26%] PASSED action_server_tests/test_dakota_workitems_native_acceptance_harness.py::test_rejects_duplicate_pytest_case_reports 
action_server_tests/test_dakota_workitems_native_acceptance_harness.py::test_rejects_skipped_case_even_when_pytest_exits_successfully 
[gw1] [ 26%] PASSED action_server_tests/test_dakota_workitems_native_acceptance_harness.py::test_rejects_skipped_case_even_when_pytest_exits_successfully 
action_server_tests/test_dakota_workitems_native_acceptance_harness.py::test_fresh_proof_workspace_does_not_reuse_stale_files 
[gw1] [ 26%] PASSED action_server_tests/test_dakota_workitems_native_acceptance_harness.py::test_fresh_proof_workspace_does_not_reuse_stale_files 
action_server_tests/test_dakota_workitems_native_acceptance_harness.py::test_case_proof_is_atomically_replaced_without_temp_file_residue 
[gw1] [ 26%] PASSED action_server_tests/test_dakota_workitems_native_acceptance_harness.py::test_case_proof_is_atomically_replaced_without_temp_file_residue 
action_server_tests/test_dakota_workitems_native_acceptance_harness.py::test_rejects_missing_or_duplicate_proof_files 
[gw1] [ 27%] PASSED action_server_tests/test_dakota_workitems_native_acceptance_harness.py::test_rejects_missing_or_duplicate_proof_files 
action_server_tests/test_dakota_workitems_native_acceptance_harness.py::test_rejects_mismatched_proof_binding[runtime_kind-go-wrapper-proof_identity_frozen] 
[gw1] [ 27%] PASSED action_server_tests/test_dakota_workitems_native_acceptance_harness.py::test_rejects_mismatched_proof_binding[runtime_kind-go-wrapper-proof_identity_frozen] 
action_server_tests/test_dakota_workitems_native_acceptance_harness.py::test_rejects_mismatched_proof_binding[executable_sha256-ffffffffffffffffffffffffffffffffffffffffffffffffffffffffffffffff-proof_executable_hash_mismatch_frozen] 
[gw1] [ 27%] PASSED action_server_tests/test_dakota_workitems_native_acceptance_harness.py::test_rejects_mismatched_proof_binding[executable_sha256-ffffffffffffffffffffffffffffffffffffffffffffffffffffffffffffffff-proof_executable_hash_mismatch_frozen] 
action_server_tests/test_dakota_workitems_native_acceptance_harness.py::test_rejects_mismatched_proof_binding[actions_core_wheel_sha256-ffffffffffffffffffffffffffffffffffffffffffffffffffffffffffffffff-proof_core_installation_invalid_frozen] 
[gw1] [ 27%] PASSED action_server_tests/test_dakota_workitems_native_acceptance_harness.py::test_rejects_mismatched_proof_binding[actions_core_wheel_sha256-ffffffffffffffffffffffffffffffffffffffffffffffffffffffffffffffff-proof_core_installation_invalid_frozen] 
action_server_tests/test_dakota_workitems_native_acceptance_harness.py::test_rejects_core_install_proof_bound_to_different_candidate 
[gw1] [ 27%] PASSED action_server_tests/test_dakota_workitems_native_acceptance_harness.py::test_rejects_core_install_proof_bound_to_different_candidate 
action_server_tests/test_dakota_workitems_native_acceptance_harness.py::test_incomplete_pytest_run_cannot_finalize_pass 
[gw1] [ 27%] PASSED action_server_tests/test_dakota_workitems_native_acceptance_harness.py::test_incomplete_pytest_run_cannot_finalize_pass 
action_server_tests/test_dakota_workitems_native_acceptance_harness.py::test_acceptance_claims_are_not_presented_as_build_provenance 
[gw1] [ 27%] PASSED action_server_tests/test_dakota_workitems_native_acceptance_harness.py::test_acceptance_claims_are_not_presented_as_build_provenance 
action_server_tests/test_dakota_workitems_native_acceptance_harness.py::test_native_package_yaml_replaces_core_with_measured_wheel_after_rcc_install 
[gw1] [ 27%] PASSED action_server_tests/test_dakota_workitems_native_acceptance_harness.py::test_native_package_yaml_replaces_core_with_measured_wheel_after_rcc_install 
action_server_tests/test_dakota_workitems_native_acceptance_harness.py::test_consumer_resolves_candidate_wheel_file_url_on_native_platform 
[gw1] [ 27%] PASSED action_server_tests/test_dakota_workitems_native_acceptance_harness.py::test_consumer_resolves_candidate_wheel_file_url_on_native_platform 
action_server_tests/test_dakota_workitems_native_acceptance_harness.py::test_consumer_rejects_nonlocal_candidate_wheel_url 
[gw1] [ 27%] PASSED action_server_tests/test_dakota_workitems_native_acceptance_harness.py::test_consumer_rejects_nonlocal_candidate_wheel_url 
action_server_tests/test_dakota_workitems_native_acceptance_harness.py::test_build_manifest_binds_source_platform_paths_and_measured_bytes 
[gw1] [ 27%] PASSED action_server_tests/test_dakota_workitems_native_acceptance_harness.py::test_build_manifest_binds_source_platform_paths_and_measured_bytes 
action_server_tests/test_dakota_workitems_native_acceptance_harness.py::test_build_manifest_rejects_unbound_claims[source_sha-build_manifest_source_sha_mismatch] 
[gw1] [ 28%] PASSED action_server_tests/test_dakota_workitems_native_acceptance_harness.py::test_build_manifest_rejects_unbound_claims[source_sha-build_manifest_source_sha_mismatch] 
action_server_tests/test_dakota_workitems_native_acceptance_harness.py::test_build_manifest_rejects_unbound_claims[platform-build_manifest_platform_mismatch] 
[gw1] [ 28%] PASSED action_server_tests/test_dakota_workitems_native_acceptance_harness.py::test_build_manifest_rejects_unbound_claims[platform-build_manifest_platform_mismatch] 
action_server_tests/test_dakota_workitems_native_acceptance_harness.py::test_build_manifest_rejects_unbound_claims[architecture-build_manifest_architecture_mismatch] 
[gw1] [ 28%] PASSED action_server_tests/test_dakota_workitems_native_acceptance_harness.py::test_build_manifest_rejects_unbound_claims[architecture-build_manifest_architecture_mismatch] 
action_server_tests/test_dakota_workitems_native_acceptance_harness.py::test_build_manifest_rejects_unbound_claims[path-build_manifest_artifact_path_mismatch_frozen] 
[gw1] [ 28%] PASSED action_server_tests/test_dakota_workitems_native_acceptance_harness.py::test_build_manifest_rejects_unbound_claims[path-build_manifest_artifact_path_mismatch_frozen] 
action_server_tests/test_dakota_workitems_native_acceptance_harness.py::test_build_manifest_rejects_unbound_claims[sha256-build_manifest_artifact_hash_mismatch_frozen] 
[gw1] [ 28%] PASSED action_server_tests/test_dakota_workitems_native_acceptance_harness.py::test_build_manifest_rejects_unbound_claims[sha256-build_manifest_artifact_hash_mismatch_frozen] 
action_server_tests/test_dakota_workitems_native_acceptance_harness.py::test_abrupt_process_termination_invalidates_previous_pass 
[gw1] [ 28%] PASSED action_server_tests/test_dakota_workitems_native_acceptance_harness.py::test_abrupt_process_termination_invalidates_previous_pass 
action_server_tests/test_dakota_workitems_native_acceptance_harness.py::test_receipt_requires_completed_final_artifact_checks[unchanged] 
[gw1] [ 28%] PASSED action_server_tests/test_dakota_workitems_native_acceptance_harness.py::test_receipt_requires_completed_final_artifact_checks[unchanged] 
action_server_tests/test_dakota_workitems_native_acceptance_harness.py::test_receipt_requires_completed_final_artifact_checks[changed] 
[gw1] [ 28%] PASSED action_server_tests/test_dakota_workitems_native_acceptance_harness.py::test_receipt_requires_completed_final_artifact_checks[changed] 
action_server_tests/test_dakota_workitems_native_acceptance_harness.py::test_receipt_requires_completed_final_artifact_checks[interrupted] 
[gw1] [ 28%] PASSED action_server_tests/test_dakota_workitems_native_acceptance_harness.py::test_receipt_requires_completed_final_artifact_checks[interrupted] 
action_server_tests/test_dakota_workitems_native_ui_acceptance.py::test_native_manifest_executable_paths_match_platform[frozen-Linux-dist/action-server/action-server] 
[gw1] [ 28%] PASSED action_server_tests/test_dakota_workitems_native_ui_acceptance.py::test_native_manifest_executable_paths_match_platform[frozen-Linux-dist/action-server/action-server] 
action_server_tests/test_dakota_workitems_native_ui_acceptance.py::test_native_manifest_executable_paths_match_platform[go-wrapper-Linux-dist/final/action-server] 
[gw1] [ 28%] PASSED action_server_tests/test_dakota_workitems_native_ui_acceptance.py::test_native_manifest_executable_paths_match_platform[go-wrapper-Linux-dist/final/action-server] 
action_server_tests/test_dakota_workitems_native_ui_acceptance.py::test_native_manifest_executable_paths_match_platform[frozen-Windows-dist/action-server/action-server.exe] 
[gw1] [ 29%] PASSED action_server_tests/test_dakota_workitems_native_ui_acceptance.py::test_native_manifest_executable_paths_match_platform[frozen-Windows-dist/action-server/action-server.exe] 
action_server_tests/test_dakota_workitems_native_ui_acceptance.py::test_native_manifest_executable_paths_match_platform[go-wrapper-Windows-dist/final/action-server.exe] 
[gw1] [ 29%] PASSED action_server_tests/test_dakota_workitems_native_ui_acceptance.py::test_native_manifest_executable_paths_match_platform[go-wrapper-Windows-dist/final/action-server.exe] 
action_server_tests/test_dakota_workitems_native_ui_acceptance.py::test_wrapper_extraction_root_is_beneath_the_test_runtime_home[Windows-expected0] 
[gw1] [ 29%] PASSED action_server_tests/test_dakota_workitems_native_ui_acceptance.py::test_wrapper_extraction_root_is_beneath_the_test_runtime_home[Windows-expected0] 
action_server_tests/test_dakota_workitems_native_ui_acceptance.py::test_wrapper_extraction_root_is_beneath_the_test_runtime_home[Linux-expected1] 
[gw1] [ 29%] PASSED action_server_tests/test_dakota_workitems_native_ui_acceptance.py::test_wrapper_extraction_root_is_beneath_the_test_runtime_home[Linux-expected1] 
action_server_tests/test_dakota_workitems_native_ui_acceptance.py::test_wrapper_extraction_root_is_beneath_the_test_runtime_home[Darwin-expected2] 
[gw1] [ 29%] PASSED action_server_tests/test_dakota_workitems_native_ui_acceptance.py::test_wrapper_extraction_root_is_beneath_the_test_runtime_home[Darwin-expected2] 
action_server_tests/test_dakota_workitems_native_ui_acceptance.py::test_browser_nonzero_exit_preserves_nested_failure_receipt 
[gw1] [ 29%] PASSED action_server_tests/test_dakota_workitems_native_ui_acceptance.py::test_browser_nonzero_exit_preserves_nested_failure_receipt 
action_server_tests/test_dakota_workitems_native_ui_acceptance.py::test_browser_stage_is_recorded_before_failure_is_raised 
[gw1] [ 29%] PASSED action_server_tests/test_dakota_workitems_native_ui_acceptance.py::test_browser_stage_is_recorded_before_failure_is_raised 
action_server_tests/test_dakota_workitems_native_ui_acceptance.py::test_native_runtime_startup_failure_stops_created_process 
[gw1] [ 29%] PASSED action_server_tests/test_dakota_workitems_native_ui_acceptance.py::test_native_runtime_startup_failure_stops_created_process 
action_server_tests/test_dakota_workitems_native_ui_acceptance.py::test_native_runtime_disables_bytecode_writes_for_tree_provenance 
[gw1] [ 29%] PASSED action_server_tests/test_dakota_workitems_native_ui_acceptance.py::test_native_runtime_disables_bytecode_writes_for_tree_provenance 
action_server_tests/test_dakota_workitems_native_ui_acceptance.py::test_native_runtime_startup_preserves_cleanup_failure_type 
[gw1] [ 29%] PASSED action_server_tests/test_dakota_workitems_native_ui_acceptance.py::test_native_runtime_startup_preserves_cleanup_failure_type 
action_server_tests/test_dakota_workitems_native_ui_acceptance.py::test_missing_and_mismatched_manifest_digests_fail_closed 
[gw1] [ 30%] PASSED action_server_tests/test_dakota_workitems_native_ui_acceptance.py::test_missing_and_mismatched_manifest_digests_fail_closed 
action_server_tests/test_dakota_workitems_native_ui_acceptance.py::test_pretest_inventory_records_relative_entry_identity 
[gw1] [ 30%] PASSED action_server_tests/test_dakota_workitems_native_ui_acceptance.py::test_pretest_inventory_records_relative_entry_identity 
action_server_tests/test_dakota_workitems_native_ui_acceptance.py::test_frozen_runtime_copy_preserves_measured_package_tree 
[gw1] [ 30%] PASSED action_server_tests/test_dakota_workitems_native_ui_acceptance.py::test_frozen_runtime_copy_preserves_measured_package_tree 
action_server_tests/test_dakota_workitems_native_ui_acceptance.py::test_tree_inventory_diff_preserves_added_removed_and_changed_entries 
[gw1] [ 30%] PASSED action_server_tests/test_dakota_workitems_native_ui_acceptance.py::test_tree_inventory_diff_preserves_added_removed_and_changed_entries 
action_server_tests/test_dakota_workitems_native_ui_acceptance.py::test_runtime_rcc_download_is_measured_separately_from_immutable_tree[Linux-] 
[gw1] [ 30%] PASSED action_server_tests/test_dakota_workitems_native_ui_acceptance.py::test_runtime_rcc_download_is_measured_separately_from_immutable_tree[Linux-] 
action_server_tests/test_dakota_workitems_native_ui_acceptance.py::test_runtime_rcc_download_is_measured_separately_from_immutable_tree[Windows-.exe] 
[gw1] [ 30%] PASSED action_server_tests/test_dakota_workitems_native_ui_acceptance.py::test_runtime_rcc_download_is_measured_separately_from_immutable_tree[Windows-.exe] 
action_server_tests/test_dakota_workitems_native_ui_acceptance.py::test_native_runtime_requires_pinned_rcc_in_pre_runtime_inventory[Linux-] 
[gw1] [ 30%] PASSED action_server_tests/test_dakota_workitems_native_ui_acceptance.py::test_native_runtime_requires_pinned_rcc_in_pre_runtime_inventory[Linux-] 
action_server_tests/test_dakota_workitems_native_ui_acceptance.py::test_native_runtime_requires_pinned_rcc_in_pre_runtime_inventory[Windows-.exe] 
[gw1] [ 30%] PASSED action_server_tests/test_dakota_workitems_native_ui_acceptance.py::test_native_runtime_requires_pinned_rcc_in_pre_runtime_inventory[Windows-.exe] 
action_server_tests/test_dakota_workitems_native_ui_acceptance.py::test_native_runtime_rejects_invalid_pinned_rcc_baseline_entry 
[gw1] [ 30%] PASSED action_server_tests/test_dakota_workitems_native_ui_acceptance.py::test_native_runtime_rejects_invalid_pinned_rcc_baseline_entry 
action_server_tests/test_dakota_workitems_native_ui_acceptance.py::test_runtime_tree_delta_rejects_mutation_of_an_immutable_build_entry 
[gw1] [ 30%] PASSED action_server_tests/test_dakota_workitems_native_ui_acceptance.py::test_runtime_tree_delta_rejects_mutation_of_an_immutable_build_entry 
action_server_tests/test_dakota_workitems_native_ui_acceptance.py::test_runtime_tree_delta_rejects_unexplained_additions 
[gw1] [ 30%] PASSED action_server_tests/test_dakota_workitems_native_ui_acceptance.py::test_runtime_tree_delta_rejects_unexplained_additions 
action_server_tests/test_dakota_workitems_native_ui_acceptance.py::test_postruntime_tree_mismatch_retains_exact_inventory_diff 
[gw1] [ 31%] PASSED action_server_tests/test_dakota_workitems_native_ui_acceptance.py::test_postruntime_tree_mismatch_retains_exact_inventory_diff 
action_server_tests/test_dakota_workitems_native_ui_acceptance.py::test_cleanup_failure_prevents_bounded_pass_receipt 
[gw1] [ 31%] PASSED action_server_tests/test_dakota_workitems_native_ui_acceptance.py::test_cleanup_failure_prevents_bounded_pass_receipt 
action_server_tests/test_dakota_workitems_native_ui_acceptance.py::test_normal_stop_return_with_observed_live_descendant_fails_closed 
[gw1] [ 31%] PASSED action_server_tests/test_dakota_workitems_native_ui_acceptance.py::test_normal_stop_return_with_observed_live_descendant_fails_closed 
action_server_tests/test_dakota_workitems_native_ui_acceptance.py::test_bounded_observation_reaps_only_the_owned_runtime_process 
[gw1] [ 31%] PASSED action_server_tests/test_dakota_workitems_native_ui_acceptance.py::test_bounded_observation_reaps_only_the_owned_runtime_process 
action_server_tests/test_database.py::test_foreign_keys_validation 
[gw1] [ 31%] PASSED action_server_tests/test_database.py::test_foreign_keys_validation 
action_server_tests/test_database.py::test_database_schema_evolution 
[gw1] [ 31%] PASSED action_server_tests/test_database.py::test_database_schema_evolution 
action_server_tests/test_database.py::test_counters 
[gw1] [ 31%] PASSED action_server_tests/test_database.py::test_counters 
action_server_tests/test_database.py::test_migrate 
[gw1] [ 31%] PASSED action_server_tests/test_database.py::test_migrate 
action_server_tests/test_database.py::test_migrate_v10_schema_without_legacy_columns_or_indexes 
[gw1] [ 31%] PASSED action_server_tests/test_database.py::test_migrate_v10_schema_without_legacy_columns_or_indexes 
action_server_tests/test_database.py::test_database_create_table 
[gw1] [ 31%] PASSED action_server_tests/test_database.py::test_database_create_table 
action_server_tests/test_database.py::test_database_insert 
[gw1] [ 31%] PASSED action_server_tests/test_database.py::test_database_insert 
action_server_tests/test_database.py::test_database_update 
[gw1] [ 32%] PASSED action_server_tests/test_database.py::test_database_update 
action_server_tests/test_database.py::test_database_insert_or_update 
[gw1] [ 32%] PASSED action_server_tests/test_database.py::test_database_insert_or_update 
action_server_tests/test_database.py::test_database_datetime 
[gw1] [ 32%] PASSED action_server_tests/test_database.py::test_database_datetime 
action_server_tests/test_database.py::test_database_transactions 
[gw1] [ 32%] PASSED action_server_tests/test_database.py::test_database_transactions 
action_server_tests/test_database.py::test_database_limit_offset 
[gw1] [ 32%] PASSED action_server_tests/test_database.py::test_database_limit_offset 
action_server_tests/test_database.py::test_database_transactions_nested 
[gw1] [ 32%] PASSED action_server_tests/test_database.py::test_database_transactions_nested 
action_server_tests/test_database.py::test_nested_transaction_savepoint_start_failure_preserves_error_and_counter 
[gw1] [ 32%] PASSED action_server_tests/test_database.py::test_nested_transaction_savepoint_start_failure_preserves_error_and_counter 
action_server_tests/test_database.py::test_database_concurrency 
[gw1] [ 32%] PASSED action_server_tests/test_database.py::test_database_concurrency 
action_server_tests/test_database.py::test_database_temp_session_data_cleanup 
[gw1] [ 32%] PASSED action_server_tests/test_database.py::test_database_temp_session_data_cleanup 
action_server_tests/test_database_shared.py::test_historical_migration_contents_are_immutable 
[gw1] [ 32%] PASSED action_server_tests/test_database_shared.py::test_historical_migration_contents_are_immutable 
action_server_tests/test_database_shared.py::test_historical_migration_checkout_preserves_git_blob_bytes 
[gw1] [ 32%] PASSED action_server_tests/test_database_shared.py::test_historical_migration_checkout_preserves_git_blob_bytes 
action_server_tests/test_database_shared.py::test_database_selects_postgres_for_explicit_url 
[gw1] [ 33%] PASSED action_server_tests/test_database_shared.py::test_database_selects_postgres_for_explicit_url 
action_server_tests/test_database_shared.py::test_database_selects_postgres_for_case_insensitive_url_without_exposing_it_as_path 
[gw1] [ 33%] PASSED action_server_tests/test_database_shared.py::test_database_selects_postgres_for_case_insensitive_url_without_exposing_it_as_path 
action_server_tests/test_database_shared.py::test_migration_status_accepts_case_insensitive_postgresql_url 
[gw1] [ 33%] PASSED action_server_tests/test_database_shared.py::test_migration_status_accepts_case_insensitive_postgresql_url 
action_server_tests/test_database_shared.py::test_historical_migration_nine_retains_run_output_columns 
[gw1] [ 33%] PASSED action_server_tests/test_database_shared.py::test_historical_migration_nine_retains_run_output_columns 
action_server_tests/test_database_shared.py::test_forward_schema_repair_removes_accidental_run_output_columns 
[gw1] [ 33%] PASSED action_server_tests/test_database_shared.py::test_forward_schema_repair_removes_accidental_run_output_columns 
action_server_tests/test_database_shared.py::test_migrate_archives_legacy_output_before_historical_migration_11 
[gw1] [ 33%] PASSED action_server_tests/test_database_shared.py::test_migrate_archives_legacy_output_before_historical_migration_11 
action_server_tests/test_database_shared.py::test_forward_schema_repair_without_run_output_columns_has_no_archive 
[gw1] [ 33%] PASSED action_server_tests/test_database_shared.py::test_forward_schema_repair_without_run_output_columns_has_no_archive 
action_server_tests/test_database_shared.py::test_forward_schema_repair_archives_populated_outputs_without_overwrite 
[gw1] [ 33%] PASSED action_server_tests/test_database_shared.py::test_forward_schema_repair_archives_populated_outputs_without_overwrite 
action_server_tests/test_database_shared.py::test_forward_schema_repair_aborts_on_archive_collision_and_retries[stdout] 
[gw1] [ 33%] PASSED action_server_tests/test_database_shared.py::test_forward_schema_repair_aborts_on_archive_collision_and_retries[stdout] 
action_server_tests/test_database_shared.py::test_forward_schema_repair_aborts_on_archive_collision_and_retries[stderr] 
[gw1] [ 33%] PASSED action_server_tests/test_database_shared.py::test_forward_schema_repair_aborts_on_archive_collision_and_retries[stderr] 
action_server_tests/test_database_shared.py::test_forward_schema_repair_is_registered_after_historical_migration_nine 
[gw1] [ 33%] PASSED action_server_tests/test_database_shared.py::test_forward_schema_repair_is_registered_after_historical_migration_nine 
action_server_tests/test_database_shared.py::test_database_rejects_unsupported_url_schemes[mysql://localhost/actions_test] 
[gw1] [ 34%] PASSED action_server_tests/test_database_shared.py::test_database_rejects_unsupported_url_schemes[mysql://localhost/actions_test] 
action_server_tests/test_database_shared.py::test_database_rejects_unsupported_url_schemes[example://db] 
[gw1] [ 34%] PASSED action_server_tests/test_database_shared.py::test_database_rejects_unsupported_url_schemes[example://db] 
action_server_tests/test_database_shared.py::test_database_rejects_unsupported_url_schemes[x://host/db] 
[gw1] [ 34%] PASSED action_server_tests/test_database_shared.py::test_database_rejects_unsupported_url_schemes[x://host/db] 
action_server_tests/test_database_shared.py::test_database_rejects_unsupported_url_schemes[C:relative.db] 
[gw1] [ 34%] PASSED action_server_tests/test_database_shared.py::test_database_rejects_unsupported_url_schemes[C:relative.db] 
action_server_tests/test_database_shared.py::test_database_rejects_unsupported_url_schemes[postgresql://[bad] 
[gw1] [ 34%] PASSED action_server_tests/test_database_shared.py::test_database_rejects_unsupported_url_schemes[postgresql://[bad] 
action_server_tests/test_database_shared.py::test_database_rejects_malformed_postgresql_url_without_exposing_credentials 
[gw1] [ 34%] PASSED action_server_tests/test_database_shared.py::test_database_rejects_malformed_postgresql_url_without_exposing_credentials 
action_server_tests/test_database_shared.py::test_database_rejects_invalid_postgresql_urls_before_connection[postgresql://SENTINEL_USER:SENTINEL_PASSWORD@db.example:abc/actions] 
[gw1] [ 34%] PASSED action_server_tests/test_database_shared.py::test_database_rejects_invalid_postgresql_urls_before_connection[postgresql://SENTINEL_USER:SENTINEL_PASSWORD@db.example:abc/actions] 
action_server_tests/test_database_shared.py::test_database_rejects_invalid_postgresql_urls_before_connection[postgresql://SENTINEL_USER:SENTINEL_PASSWORD@db.example:0/actions] 
[gw1] [ 34%] PASSED action_server_tests/test_database_shared.py::test_database_rejects_invalid_postgresql_urls_before_connection[postgresql://SENTINEL_USER:SENTINEL_PASSWORD@db.example:0/actions] 
action_server_tests/test_database_shared.py::test_database_rejects_invalid_postgresql_urls_before_connection[postgresql://SENTINEL_USER:SENTINEL_PASSWORD@db.example:65536/actions] 
[gw1] [ 34%] PASSED action_server_tests/test_database_shared.py::test_database_rejects_invalid_postgresql_urls_before_connection[postgresql://SENTINEL_USER:SENTINEL_PASSWORD@db.example:65536/actions] 
action_server_tests/test_database_shared.py::test_database_rejects_invalid_postgresql_urls_before_connection[postgresql://SENTINEL_USER:SENTINEL_PASSWORD@:5432/actions] 
[gw1] [ 34%] PASSED action_server_tests/test_database_shared.py::test_database_rejects_invalid_postgresql_urls_before_connection[postgresql://SENTINEL_USER:SENTINEL_PASSWORD@:5432/actions] 
action_server_tests/test_database_shared.py::test_database_rejects_invalid_postgresql_urls_before_connection[postgresql:/SENTINEL_USER:SENTINEL_PASSWORD@db.example/actions] 
[gw1] [ 34%] PASSED action_server_tests/test_database_shared.py::test_database_rejects_invalid_postgresql_urls_before_connection[postgresql:/SENTINEL_USER:SENTINEL_PASSWORD@db.example/actions] 
action_server_tests/test_database_shared.py::test_database_accepts_valid_postgresql_urls_without_mutating_connection_value[postgresql://user:password@db.example:1/actions?sslmode=require] 
[gw1] [ 35%] PASSED action_server_tests/test_database_shared.py::test_database_accepts_valid_postgresql_urls_without_mutating_connection_value[postgresql://user:password@db.example:1/actions?sslmode=require] 
action_server_tests/test_database_shared.py::test_database_accepts_valid_postgresql_urls_without_mutating_connection_value[postgres://user:password@db.example:5432/actions?sslmode=require] 
[gw1] [ 35%] PASSED action_server_tests/test_database_shared.py::test_database_accepts_valid_postgresql_urls_without_mutating_connection_value[postgres://user:password@db.example:5432/actions?sslmode=require] 
action_server_tests/test_database_shared.py::test_database_accepts_windows_sqlite_filesystem_paths[C:\\actions\\data\\server.db] 
[gw1] [ 35%] PASSED action_server_tests/test_database_shared.py::test_database_accepts_windows_sqlite_filesystem_paths[C:\\actions\\data\\server.db] 
action_server_tests/test_database_shared.py::test_database_accepts_windows_sqlite_filesystem_paths[C:/actions/data/server.db] 
[gw1] [ 35%] PASSED action_server_tests/test_database_shared.py::test_database_accepts_windows_sqlite_filesystem_paths[C:/actions/data/server.db] 
action_server_tests/test_database_shared.py::test_database_accepts_windows_sqlite_filesystem_paths[\\\\server\\share\\actions.db] 
[gw1] [ 35%] PASSED action_server_tests/test_database_shared.py::test_database_accepts_windows_sqlite_filesystem_paths[\\\\server\\share\\actions.db] 
action_server_tests/test_database_shared.py::test_database_accepts_windows_sqlite_filesystem_paths[//server/share/actions.db] 
[gw1] [ 35%] PASSED action_server_tests/test_database_shared.py::test_database_accepts_windows_sqlite_filesystem_paths[//server/share/actions.db] 
action_server_tests/test_database_shared.py::test_postgresql_schedule_claim_fences_connection_loss 
[gw1] [ 35%] PASSED action_server_tests/test_database_shared.py::test_postgresql_schedule_claim_fences_connection_loss 
action_server_tests/test_database_shared.py::test_redact_database_url_removes_credentials_and_query[postgresql://SENTINEL_USER:SENTINEL_PASSWORD@db.example:55432/actions?secret=SENTINEL_QUERY] 
[gw1] [ 35%] PASSED action_server_tests/test_database_shared.py::test_redact_database_url_removes_credentials_and_query[postgresql://SENTINEL_USER:SENTINEL_PASSWORD@db.example:55432/actions?secret=SENTINEL_QUERY] 
action_server_tests/test_database_shared.py::test_redact_database_url_removes_credentials_and_query[postgres://SENTINEL_USER%40encoded:SENTINEL_PASSWORD%21@db.example/actions?secret=SENTINEL_QUERY] 
[gw1] [ 35%] PASSED action_server_tests/test_database_shared.py::test_redact_database_url_removes_credentials_and_query[postgres://SENTINEL_USER%40encoded:SENTINEL_PASSWORD%21@db.example/actions?secret=SENTINEL_QUERY] 
action_server_tests/test_database_shared.py::test_redact_database_url_removes_credentials_and_query[POSTGRESQL://SENTINEL_USER:SENTINEL_PASSWORD@db.example/actions#SENTINEL_FRAGMENT] 
[gw1] [ 35%] PASSED action_server_tests/test_database_shared.py::test_redact_database_url_removes_credentials_and_query[POSTGRESQL://SENTINEL_USER:SENTINEL_PASSWORD@db.example/actions#SENTINEL_FRAGMENT] 
action_server_tests/test_database_shared.py::test_cli_database_url_credentials_are_redacted_from_early_and_datadir_logs 
[gw1] [ 36%] PASSED action_server_tests/test_database_shared.py::test_cli_database_url_credentials_are_redacted_from_early_and_datadir_logs 
action_server_tests/test_database_shared.py::test_cli_argument_error_does_not_echo_database_url_credentials 
[gw1] [ 36%] PASSED action_server_tests/test_database_shared.py::test_cli_argument_error_does_not_echo_database_url_credentials 
action_server_tests/test_database_shared.py::test_cli_accepts_explicit_shared_database_url 
[gw1] [ 36%] PASSED action_server_tests/test_database_shared.py::test_cli_accepts_explicit_shared_database_url 
action_server_tests/test_database_shared.py::test_postgresql_placeholder_adapter_only_rewrites_parameters 
[gw1] [ 36%] PASSED action_server_tests/test_database_shared.py::test_postgresql_placeholder_adapter_only_rewrites_parameters 
action_server_tests/test_database_shared.py::test_postgresql_placeholder_adapter_counts_aliased_select_parameter 
[gw1] [ 36%] PASSED action_server_tests/test_database_shared.py::test_postgresql_placeholder_adapter_counts_aliased_select_parameter 
action_server_tests/test_database_shared.py::test_postgresql_ddl_adapter_is_lexical_and_ddl_scoped 
[gw1] [ 36%] PASSED action_server_tests/test_database_shared.py::test_postgresql_ddl_adapter_is_lexical_and_ddl_scoped 
action_server_tests/test_database_shared.py::test_postgresql_ddl_adapter_is_idempotent_and_marker_count_safe 
[gw1] [ 36%] PASSED action_server_tests/test_database_shared.py::test_postgresql_ddl_adapter_is_idempotent_and_marker_count_safe 
action_server_tests/test_database_shared.py::test_postgresql_sql_adapter_translates_legacy_boolean_ddl 
[gw1] [ 36%] PASSED action_server_tests/test_database_shared.py::test_postgresql_sql_adapter_translates_legacy_boolean_ddl 
action_server_tests/test_database_shared.py::test_postgresql_placeholder_adapter_preserves_json_operators_and_array_rhs 
[gw1] [ 36%] PASSED action_server_tests/test_database_shared.py::test_postgresql_placeholder_adapter_preserves_json_operators_and_array_rhs 
action_server_tests/test_database_shared.py::test_postgresql_placeholder_adapter_handles_lexical_json_operator_contexts 
[gw1] [ 36%] PASSED action_server_tests/test_database_shared.py::test_postgresql_placeholder_adapter_handles_lexical_json_operator_contexts 
action_server_tests/test_database_shared.py::test_postgresql_boolean_schema_uses_native_boolean_without_changing_sqlite 
[gw1] [ 36%] PASSED action_server_tests/test_database_shared.py::test_postgresql_boolean_schema_uses_native_boolean_without_changing_sqlite 
action_server_tests/test_deployment_canonical_values.py::test_canonical_json_exact_bytes[{"z":1,"a":"e\u0301"}-{"a":"\xe9","z":1}] 
[gw1] [ 37%] PASSED action_server_tests/test_deployment_canonical_values.py::test_canonical_json_exact_bytes[{"z":1,"a":"e\u0301"}-{"a":"\xe9","z":1}] 
action_server_tests/test_deployment_canonical_values.py::test_canonical_json_exact_bytes[{"items":[3,2,1],"ok":true}-{"items":[3,2,1],"ok":true}] 
[gw1] [ 37%] PASSED action_server_tests/test_deployment_canonical_values.py::test_canonical_json_exact_bytes[{"items":[3,2,1],"ok":true}-{"items":[3,2,1],"ok":true}] 
action_server_tests/test_deployment_canonical_values.py::test_canonical_json_exact_bytes[[333333333.33333329,4.50,2e-3,1e-27]-[333333333.3333333,4.5,0.002,1e-27]] 
[gw1] [ 37%] PASSED action_server_tests/test_deployment_canonical_values.py::test_canonical_json_exact_bytes[[333333333.33333329,4.50,2e-3,1e-27]-[333333333.3333333,4.5,0.002,1e-27]] 
action_server_tests/test_deployment_canonical_values.py::test_canonical_json_exact_bytes[-0-0] 
[gw1] [ 37%] PASSED action_server_tests/test_deployment_canonical_values.py::test_canonical_json_exact_bytes[-0-0] 
action_server_tests/test_deployment_canonical_values.py::test_canonical_json_exact_bytes[9007199254740991-9007199254740991] 
[gw1] [ 37%] PASSED action_server_tests/test_deployment_canonical_values.py::test_canonical_json_exact_bytes[9007199254740991-9007199254740991] 
action_server_tests/test_deployment_canonical_values.py::test_canonical_json_exact_bytes[-9007199254740991--9007199254740991] 
[gw1] [ 37%] PASSED action_server_tests/test_deployment_canonical_values.py::test_canonical_json_exact_bytes[-9007199254740991--9007199254740991] 
action_server_tests/test_deployment_canonical_values.py::test_rejects_values_outside_canonical_domain_without_echo[{"x":1,"x":2}] 
[gw1] [ 37%] PASSED action_server_tests/test_deployment_canonical_values.py::test_rejects_values_outside_canonical_domain_without_echo[{"x":1,"x":2}] 
action_server_tests/test_deployment_canonical_values.py::test_rejects_values_outside_canonical_domain_without_echo[{"\xc3\xa9":1,"e\xcc\x81":2}] 
[gw1] [ 37%] PASSED action_server_tests/test_deployment_canonical_values.py::test_rejects_values_outside_canonical_domain_without_echo[{"\xc3\xa9":1,"e\xcc\x81":2}] 
action_server_tests/test_deployment_canonical_values.py::test_rejects_values_outside_canonical_domain_without_echo[\xff] 
[gw1] [ 37%] PASSED action_server_tests/test_deployment_canonical_values.py::test_rejects_values_outside_canonical_domain_without_echo[\xff] 
action_server_tests/test_deployment_canonical_values.py::test_rejects_values_outside_canonical_domain_without_echo["\ud800"] 
[gw1] [ 37%] PASSED action_server_tests/test_deployment_canonical_values.py::test_rejects_values_outside_canonical_domain_without_echo["\ud800"] 
action_server_tests/test_deployment_canonical_values.py::test_rejects_values_outside_canonical_domain_without_echo[NaN] 
[gw1] [ 37%] PASSED action_server_tests/test_deployment_canonical_values.py::test_rejects_values_outside_canonical_domain_without_echo[NaN] 
action_server_tests/test_deployment_canonical_values.py::test_rejects_values_outside_canonical_domain_without_echo[Infinity] 
[gw1] [ 38%] PASSED action_server_tests/test_deployment_canonical_values.py::test_rejects_values_outside_canonical_domain_without_echo[Infinity] 
action_server_tests/test_deployment_canonical_values.py::test_rejects_values_outside_canonical_domain_without_echo[-Infinity] 
[gw1] [ 38%] PASSED action_server_tests/test_deployment_canonical_values.py::test_rejects_values_outside_canonical_domain_without_echo[-Infinity] 
action_server_tests/test_deployment_canonical_values.py::test_rejects_values_outside_canonical_domain_without_echo[1e309] 
[gw1] [ 38%] PASSED action_server_tests/test_deployment_canonical_values.py::test_rejects_values_outside_canonical_domain_without_echo[1e309] 
action_server_tests/test_deployment_canonical_values.py::test_rejects_values_outside_canonical_domain_without_echo[1e-4000] 
[gw1] [ 38%] PASSED action_server_tests/test_deployment_canonical_values.py::test_rejects_values_outside_canonical_domain_without_echo[1e-4000] 
action_server_tests/test_deployment_canonical_values.py::test_rejects_values_outside_canonical_domain_without_echo[9007199254740992] 
[gw1] [ 38%] PASSED action_server_tests/test_deployment_canonical_values.py::test_rejects_values_outside_canonical_domain_without_echo[9007199254740992] 
action_server_tests/test_deployment_canonical_values.py::test_rejects_values_outside_canonical_domain_without_echo[1e30] 
[gw1] [ 38%] PASSED action_server_tests/test_deployment_canonical_values.py::test_rejects_values_outside_canonical_domain_without_echo[1e30] 
action_server_tests/test_deployment_canonical_values.py::test_rejects_values_outside_canonical_domain_without_echo[1e21] 
[gw1] [ 38%] PASSED action_server_tests/test_deployment_canonical_values.py::test_rejects_values_outside_canonical_domain_without_echo[1e21] 
action_server_tests/test_deployment_canonical_values.py::test_rejects_values_outside_canonical_domain_without_echo[9007199254740993.0] 
[gw1] [ 38%] PASSED action_server_tests/test_deployment_canonical_values.py::test_rejects_values_outside_canonical_domain_without_echo[9007199254740993.0] 
action_server_tests/test_deployment_canonical_values.py::test_rejects_values_outside_canonical_domain_without_echo[900719925474099300e-2] 
[gw1] [ 38%] PASSED action_server_tests/test_deployment_canonical_values.py::test_rejects_values_outside_canonical_domain_without_echo[900719925474099300e-2] 
action_server_tests/test_deployment_canonical_values.py::test_rejects_values_outside_canonical_domain_without_echo[-9007199254740992e0] 
[gw1] [ 38%] PASSED action_server_tests/test_deployment_canonical_values.py::test_rejects_values_outside_canonical_domain_without_echo[-9007199254740992e0] 
action_server_tests/test_deployment_canonical_values.py::test_rfc8785_direct_vector_is_separate_from_restricted_input_domain 
[gw1] [ 38%] PASSED action_server_tests/test_deployment_canonical_values.py::test_rfc8785_direct_vector_is_separate_from_restricted_input_domain 
action_server_tests/test_deployment_canonical_values.py::test_rfc8785_sorts_object_keys_by_utf16_code_units 
[gw1] [ 39%] PASSED action_server_tests/test_deployment_canonical_values.py::test_rfc8785_sorts_object_keys_by_utf16_code_units 
action_server_tests/test_deployment_canonical_values.py::test_parse_returns_normalized_value_and_golden_vector_file_is_fixed 
[gw1] [ 39%] PASSED action_server_tests/test_deployment_canonical_values.py::test_parse_returns_normalized_value_and_golden_vector_file_is_fixed 
action_server_tests/test_deployment_canonical_values.py::test_canonical_bytes_are_stable_in_a_fresh_process 
[gw1] [ 39%] PASSED action_server_tests/test_deployment_canonical_values.py::test_canonical_bytes_are_stable_in_a_fresh_process 
action_server_tests/test_deployment_canonical_values.py::test_strict_reference_types_and_scope_checks 
[gw1] [ 39%] PASSED action_server_tests/test_deployment_canonical_values.py::test_strict_reference_types_and_scope_checks 
action_server_tests/test_deployment_canonical_values.py::test_deployment_reference_has_only_explicit_typed_fields 
[gw1] [ 39%] PASSED action_server_tests/test_deployment_canonical_values.py::test_deployment_reference_has_only_explicit_typed_fields 
action_server_tests/test_deployment_schema_probe.py::test_sqlite_proposed_deployment_schema_scopes_ancestry_and_pointer_order 
[gw1] [ 39%] PASSED action_server_tests/test_deployment_schema_probe.py::test_sqlite_proposed_deployment_schema_scopes_ancestry_and_pointer_order 
action_server_tests/test_directory_publication.py::test_native_publication_moves_complete_directory 
[gw1] [ 39%] PASSED action_server_tests/test_directory_publication.py::test_native_publication_moves_complete_directory 
action_server_tests/test_directory_publication.py::test_native_collision_preserves_both_entries[empty-directory] 
[gw1] [ 39%] PASSED action_server_tests/test_directory_publication.py::test_native_collision_preserves_both_entries[empty-directory] 
action_server_tests/test_directory_publication.py::test_native_collision_preserves_both_entries[nonempty-directory] 
[gw1] [ 39%] PASSED action_server_tests/test_directory_publication.py::test_native_collision_preserves_both_entries[nonempty-directory] 
action_server_tests/test_directory_publication.py::test_native_collision_preserves_both_entries[file] 
[gw1] [ 39%] PASSED action_server_tests/test_directory_publication.py::test_native_collision_preserves_both_entries[file] 
action_server_tests/test_directory_publication.py::test_unsupported_platform_fails_without_mutation 
[gw1] [ 39%] PASSED action_server_tests/test_directory_publication.py::test_unsupported_platform_fails_without_mutation 
action_server_tests/test_directory_publication.py::test_missing_native_symbol_fails_without_fallback 
[gw1] [ 40%] PASSED action_server_tests/test_directory_publication.py::test_missing_native_symbol_fails_without_fallback 
action_server_tests/test_directory_publication.py::test_native_failure_never_falls_back_to_copy_or_replace[38] 
[gw1] [ 40%] PASSED action_server_tests/test_directory_publication.py::test_native_failure_never_falls_back_to_copy_or_replace[38] 
action_server_tests/test_directory_publication.py::test_native_failure_never_falls_back_to_copy_or_replace[95] 
[gw1] [ 40%] PASSED action_server_tests/test_directory_publication.py::test_native_failure_never_falls_back_to_copy_or_replace[95] 
action_server_tests/test_directory_publication.py::test_native_failure_never_falls_back_to_copy_or_replace[18] 
[gw1] [ 40%] PASSED action_server_tests/test_directory_publication.py::test_native_failure_never_falls_back_to_copy_or_replace[18] 
action_server_tests/test_frontend_integrity.py::test_canonical_manifest_lock_and_license_are_present 
[gw1] [ 40%] PASSED action_server_tests/test_frontend_integrity.py::test_canonical_manifest_lock_and_license_are_present 
action_server_tests/test_frontend_integrity.py::test_canonical_contract_has_no_external_runtime_asset_dependency 
[gw1] [ 40%] PASSED action_server_tests/test_frontend_integrity.py::test_canonical_contract_has_no_external_runtime_asset_dependency 
action_server_tests/test_frontend_topology_contract.py::test_frontend_uses_one_canonical_manifest_and_lock 
[gw1] [ 40%] PASSED action_server_tests/test_frontend_topology_contract.py::test_frontend_uses_one_canonical_manifest_and_lock 
action_server_tests/test_frontend_topology_contract.py::test_build_helpers_use_canonical_frontend_entry 
[gw1] [ 40%] PASSED action_server_tests/test_frontend_topology_contract.py::test_build_helpers_use_canonical_frontend_entry 
action_server_tests/test_frontend_topology_contract.py::test_runtime_and_canvas_artifact_contracts_are_explicit 
[gw1] [ 40%] PASSED action_server_tests/test_frontend_topology_contract.py::test_runtime_and_canvas_artifact_contracts_are_explicit 
action_server_tests/test_frontend_topology_contract.py::test_integrity_contract_is_actions_owned_and_offline 
[gw1] [ 40%] PASSED action_server_tests/test_frontend_topology_contract.py::test_integrity_contract_is_actions_owned_and_offline 
action_server_tests/test_log_credentials.py::test_configured_debug_handlers_redact_transport_credentials[Authorization] 
[gw1] [ 40%] PASSED action_server_tests/test_log_credentials.py::test_configured_debug_handlers_redact_transport_credentials[Authorization] 
action_server_tests/test_log_credentials.py::test_configured_debug_handlers_redact_transport_credentials[Proxy-Authorization] 
[gw1] [ 41%] PASSED action_server_tests/test_log_credentials.py::test_configured_debug_handlers_redact_transport_credentials[Proxy-Authorization] 
action_server_tests/test_log_credentials.py::test_configured_debug_handlers_redact_transport_credentials[Cookie] 
[gw1] [ 41%] PASSED action_server_tests/test_log_credentials.py::test_configured_debug_handlers_redact_transport_credentials[Cookie] 
action_server_tests/test_log_credentials.py::test_configured_debug_handlers_redact_transport_credentials[Set-Cookie] 
[gw1] [ 41%] PASSED action_server_tests/test_log_credentials.py::test_configured_debug_handlers_redact_transport_credentials[Set-Cookie] 
action_server_tests/test_log_credentials.py::test_configured_debug_handlers_redact_transport_credentials[cOoKiE] 
[gw1] [ 41%] PASSED action_server_tests/test_log_credentials.py::test_configured_debug_handlers_redact_transport_credentials[cOoKiE] 
action_server_tests/test_log_credentials.py::test_debug_cli_arguments_never_include_api_key_values 
[gw1] [ 41%] PASSED action_server_tests/test_log_credentials.py::test_debug_cli_arguments_never_include_api_key_values 
action_server_tests/test_log_credentials.py::test_subprocess_debug_diagnostics_redact_api_key_arguments[joined-actions.server._common.process] 
[gw1] [ 41%] PASSED action_server_tests/test_log_credentials.py::test_subprocess_debug_diagnostics_redact_api_key_arguments[joined-actions.server._common.process] 
action_server_tests/test_log_credentials.py::test_subprocess_debug_diagnostics_redact_api_key_arguments[joined-actions.server._robo_utils.process] 
[gw1] [ 41%] PASSED action_server_tests/test_log_credentials.py::test_subprocess_debug_diagnostics_redact_api_key_arguments[joined-actions.server._robo_utils.process] 
action_server_tests/test_log_credentials.py::test_subprocess_debug_diagnostics_redact_api_key_arguments[separate-abbreviated-actions.server._common.process] 
[gw1] [ 41%] PASSED action_server_tests/test_log_credentials.py::test_subprocess_debug_diagnostics_redact_api_key_arguments[separate-abbreviated-actions.server._common.process] 
action_server_tests/test_log_credentials.py::test_subprocess_debug_diagnostics_redact_api_key_arguments[separate-abbreviated-actions.server._robo_utils.process] 
[gw1] [ 41%] PASSED action_server_tests/test_log_credentials.py::test_subprocess_debug_diagnostics_redact_api_key_arguments[separate-abbreviated-actions.server._robo_utils.process] 
action_server_tests/test_log_credentials.py::test_accepted_api_key_option_abbreviations_are_redacted[False---ap] 
[gw1] [ 41%] PASSED action_server_tests/test_log_credentials.py::test_accepted_api_key_option_abbreviations_are_redacted[False---ap] 
action_server_tests/test_log_credentials.py::test_accepted_api_key_option_abbreviations_are_redacted[False---api] 
[gw1] [ 42%] PASSED action_server_tests/test_log_credentials.py::test_accepted_api_key_option_abbreviations_are_redacted[False---api] 
action_server_tests/test_log_credentials.py::test_accepted_api_key_option_abbreviations_are_redacted[False---api-] 
[gw1] [ 42%] PASSED action_server_tests/test_log_credentials.py::test_accepted_api_key_option_abbreviations_are_redacted[False---api-] 
action_server_tests/test_log_credentials.py::test_accepted_api_key_option_abbreviations_are_redacted[False---api-k] 
[gw1] [ 42%] PASSED action_server_tests/test_log_credentials.py::test_accepted_api_key_option_abbreviations_are_redacted[False---api-k] 
action_server_tests/test_log_credentials.py::test_accepted_api_key_option_abbreviations_are_redacted[False---api-ke] 
[gw1] [ 42%] PASSED action_server_tests/test_log_credentials.py::test_accepted_api_key_option_abbreviations_are_redacted[False---api-ke] 
action_server_tests/test_log_credentials.py::test_accepted_api_key_option_abbreviations_are_redacted[True---ap] 
[gw1] [ 42%] PASSED action_server_tests/test_log_credentials.py::test_accepted_api_key_option_abbreviations_are_redacted[True---ap] 
action_server_tests/test_log_credentials.py::test_accepted_api_key_option_abbreviations_are_redacted[True---api] 
[gw1] [ 42%] PASSED action_server_tests/test_log_credentials.py::test_accepted_api_key_option_abbreviations_are_redacted[True---api] 
action_server_tests/test_log_credentials.py::test_accepted_api_key_option_abbreviations_are_redacted[True---api-] 
[gw1] [ 42%] PASSED action_server_tests/test_log_credentials.py::test_accepted_api_key_option_abbreviations_are_redacted[True---api-] 
action_server_tests/test_log_credentials.py::test_accepted_api_key_option_abbreviations_are_redacted[True---api-k] 
[gw1] [ 42%] PASSED action_server_tests/test_log_credentials.py::test_accepted_api_key_option_abbreviations_are_redacted[True---api-k] 
action_server_tests/test_log_credentials.py::test_accepted_api_key_option_abbreviations_are_redacted[True---api-ke] 
[gw1] [ 42%] PASSED action_server_tests/test_log_credentials.py::test_accepted_api_key_option_abbreviations_are_redacted[True---api-ke] 
action_server_tests/test_log_verbosity.py::test_verbose_server_startup_redacts_database_url_credentials 
[gw1] [ 42%] PASSED action_server_tests/test_log_verbosity.py::test_verbose_server_startup_redacts_database_url_credentials 
action_server_tests/test_mcp_tunnel_origin_scope.py::test_tunnel_origin_scope_is_exact_refcounted_and_preserves_loopback_rules 
[gw1] [ 42%] PASSED action_server_tests/test_mcp_tunnel_origin_scope.py::test_tunnel_origin_scope_is_exact_refcounted_and_preserves_loopback_rules 
action_server_tests/test_mcp_tunnel_origin_scope.py::test_tunnel_origin_scope_rejects_non_origin_urls[http://edge.example.test] 
[gw1] [ 43%] PASSED action_server_tests/test_mcp_tunnel_origin_scope.py::test_tunnel_origin_scope_rejects_non_origin_urls[http://edge.example.test] 
action_server_tests/test_mcp_tunnel_origin_scope.py::test_tunnel_origin_scope_rejects_non_origin_urls[https://user@edge.example.test] 
[gw1] [ 43%] PASSED action_server_tests/test_mcp_tunnel_origin_scope.py::test_tunnel_origin_scope_rejects_non_origin_urls[https://user@edge.example.test] 
action_server_tests/test_mcp_tunnel_origin_scope.py::test_tunnel_origin_scope_rejects_non_origin_urls[https://edge.example.test/path] 
[gw1] [ 43%] PASSED action_server_tests/test_mcp_tunnel_origin_scope.py::test_tunnel_origin_scope_rejects_non_origin_urls[https://edge.example.test/path] 
action_server_tests/test_mcp_tunnel_origin_scope.py::test_tunnel_origin_scope_rejects_non_origin_urls[https://edge.example.test?key=secret] 
[gw1] [ 43%] PASSED action_server_tests/test_mcp_tunnel_origin_scope.py::test_tunnel_origin_scope_rejects_non_origin_urls[https://edge.example.test?key=secret] 
action_server_tests/test_mcp_tunnel_origin_scope.py::test_tunnel_origin_scope_rejects_non_origin_urls[https://edge.example.test#fragment] 
[gw1] [ 43%] PASSED action_server_tests/test_mcp_tunnel_origin_scope.py::test_tunnel_origin_scope_rejects_non_origin_urls[https://edge.example.test#fragment] 
action_server_tests/test_mcp_tunnel_origin_scope.py::test_tunnel_origin_scope_rejects_non_origin_urls[https://edge.example.test:invalid] 
[gw1] [ 43%] PASSED action_server_tests/test_mcp_tunnel_origin_scope.py::test_tunnel_origin_scope_rejects_non_origin_urls[https://edge.example.test:invalid] 
action_server_tests/test_mcp_tunnel_origin_scope.py::test_live_mcp_app_uses_temporary_host_scope_and_keeps_authentication 
[gw1] [ 43%] PASSED action_server_tests/test_mcp_tunnel_origin_scope.py::test_live_mcp_app_uses_temporary_host_scope_and_keeps_authentication 
action_server_tests/test_mcp_tunnel_origin_scope.py::test_tunnel_verification_uses_verified_loopback_tls_and_mcp_auth 
[gw1] [ 43%] PASSED action_server_tests/test_mcp_tunnel_origin_scope.py::test_tunnel_verification_uses_verified_loopback_tls_and_mcp_auth 
action_server_tests/test_oauth2.py::test_settings 
[gw1] [ 43%] PASSED action_server_tests/test_oauth2.py::test_settings 
action_server_tests/test_oauth2.py::test_oauth2_provider_settings 
[gw1] [ 43%] PASSED action_server_tests/test_oauth2.py::test_oauth2_provider_settings 
action_server_tests/test_p0_snapshot_reload_boundaries.py::test_snapshot_excludes_datadir_inside_package 
[gw1] [ 43%] PASSED action_server_tests/test_p0_snapshot_reload_boundaries.py::test_snapshot_excludes_datadir_inside_package 
action_server_tests/test_p0_snapshot_reload_boundaries.py::test_relative_external_pythonpath_preserves_resolution 
[gw1] [ 44%] PASSED action_server_tests/test_p0_snapshot_reload_boundaries.py::test_relative_external_pythonpath_preserves_resolution 
action_server_tests/test_p0_snapshot_reload_boundaries.py::test_actual_reload_closure_compensates_nondurable_sqlite_commit 
[gw1] [ 44%] PASSED action_server_tests/test_p0_snapshot_reload_boundaries.py::test_actual_reload_closure_compensates_nondurable_sqlite_commit 
action_server_tests/test_p0_snapshot_reload_boundaries.py::test_same_root_datadir_excludes_custom_runtime_state 
[gw1] [ 44%] PASSED action_server_tests/test_p0_snapshot_reload_boundaries.py::test_same_root_datadir_excludes_custom_runtime_state 
action_server_tests/test_p0_snapshot_reload_boundaries.py::test_absolute_internal_pythonpath_maps_snapshot_external_preserved 
[gw1] [ 44%] PASSED action_server_tests/test_p0_snapshot_reload_boundaries.py::test_absolute_internal_pythonpath_maps_snapshot_external_preserved 
action_server_tests/test_package.py::test_package_zip 
[gw1] [ 44%] PASSED action_server_tests/test_package.py::test_package_zip 
action_server_tests/test_package.py::test_package_zip_no_actions 
[gw1] [ 44%] PASSED action_server_tests/test_package.py::test_package_zip_no_actions 
action_server_tests/test_package.py::test_package_pack_v2_fields_but_not_v2_marked 
[gw1] [ 44%] PASSED action_server_tests/test_package.py::test_package_pack_v2_fields_but_not_v2_marked 
action_server_tests/test_package.py::test_package_metadata 
[gw1] [ 44%] PASSED action_server_tests/test_package.py::test_package_metadata 
action_server_tests/test_package.py::test_package_metadata_external_endpoints 
[gw1] [ 44%] PASSED action_server_tests/test_package.py::test_package_metadata_external_endpoints 
action_server_tests/test_package.py::test_package_metadata_external_endpoints_bad 
[gw1] [ 44%] PASSED action_server_tests/test_package.py::test_package_metadata_external_endpoints_bad 
action_server_tests/test_package.py::test_package_metadata_oauth2_secrets 
[gw1] [ 44%] FAILED action_server_tests/test_package.py::test_package_metadata_oauth2_secrets [gw1] linux -- Python 3.12.15 /workspace/work/actions-mk3-canvas-proof/action_server/.venv/bin/python

datadir = PosixPath('/workspace/actions-cloud/robocorp/temp/a62d53703001534b/pytest-of-agent/pytest-2/popen-gw1/test_package_metadata_oauth2_s0/test_package')
data_regression = <pytest_regressions.data_regression.DataRegressionFixture object at 0x7f5c4b0318b0>

    def test_package_metadata_oauth2_secrets(datadir, data_regression):
        from actions.server._selftest import actions_server_run
    
>       output = actions_server_run(
            [
                "package",
                "metadata",
                "--datadir",
                str(datadir / "data"),
            ],
            returncode=0,
            cwd=datadir / "pack_oauth2_secrets",
        )

action_server_tests/test_package.py:211: 
_ _ _ _ _ _ _ _ _ _ _ _ _ _ _ _ _ _ _ _ _ _ _ _ _ _ _ _ _ _ _ _ _ _ _ _ _ _ _ _ 
../src/actions/server/_selftest.py:459: in actions_server_run
    return run_python_module(
../src/actions/server/_selftest.py:479: in run_python_module
    return run_command_line(
_ _ _ _ _ _ _ _ _ _ _ _ _ _ _ _ _ _ _ _ _ _ _ _ _ _ _ _ _ _ _ _ _ _ _ _ _ _ _ _ 

cmdline = ['/workspace/work/actions-mk3-canvas-proof/action_server/.venv/bin/python', '-m', 'actions.server', 'package', 'metadata', '--datadir', ...]
returncode = 0
cwd = PosixPath('/workspace/actions-cloud/robocorp/temp/a62d53703001534b/pytest-of-agent/pytest-2/popen-gw1/test_package_metadata_oauth2_s0/test_package/pack_oauth2_secrets')
additional_env = None, timeout = None, capture_output = True

    def run_command_line(
        cmdline,
        returncode: Optional[Union[Literal["error"], int]],
        cwd=None,
        additional_env: Optional[Dict[str, str]] = None,
        timeout=None,
        capture_output=True,
    ) -> CompletedProcess:
        cp = os.environ.copy()
        cp["PYTHONPATH"] = os.pathsep.join([x for x in sys.path if x])
        cp["PYTHONIOENCODING"] = "utf-8"
        if additional_env:
            cp.update(additional_env)
        result = subprocess.run(
            cmdline,
            capture_output=capture_output,
            text=True,
            env=cp,
            cwd=cwd,
            timeout=timeout,
            encoding="utf-8",
        )
    
        if returncode is None:
            return result
    
        if returncode == "error" and result.returncode:
            return result
    
        if result.returncode == returncode:
            return result
    
        # Not really that helpful in general and very verbose...
        # env_str = "\n".join(str(x) for x in sorted(cp.items()))
>       raise AssertionError(
            f"""Expected returncode: {returncode}. Found: {result.returncode}.
    === stdout:
    {result.stdout}
    
    === stderr:
    {result.stderr}
    
    === Args:
    {cmdline}
    
    """
        )
E       AssertionError: Expected returncode: 0. Found: 1.
E       === stdout:
E       
E       
E       === stderr:
E       
E         ⚡️ Starting Action Server... v1.0.3
E       
E       Using user-specified datadir: /workspace/actions-cloud/robocorp/temp/a62d53703001534b/pytest-of-agent/pytest-2/popen-gw1/test_package_metadata_oauth2_s0/test_package/data
E       Logs may be found at: /workspace/actions-cloud/robocorp/temp/a62d53703001534b/pytest-of-agent/pytest-2/popen-gw1/test_package_metadata_oauth2_s0/test_package/data/server_log.txt.
E       Adding action without a managed environment (package.yaml unavailable).
E           Note: no virtual environment will be used for the imported actions, they'll be run in the same environment used to run the action server.
E       Traceback (most recent call last):
E         File "<string>", line 1, in <module>
E       ModuleNotFoundError: No module named 'actions'
E       Traceback (most recent call last):
E         File "<string>", line 1, in <module>
E       ModuleNotFoundError: No module named 'robocorp'
E       Traceback (most recent call last):
E         File "/workspace/work/actions-mk3-db-savepoint/action_server/src/actions/server/_actions_import.py", line 413, in _get_actions_version
E           output = subprocess.check_output(cmdline, env=env, cwd=cwd)
E                    ^^^^^^^^^^^^^^^^^^^^^^^^^^^^^^^^^^^^^^^^^^^^^^^^^^
E         File "/workspace/actions-cloud/robocorp/holotree/c2fd1aa_5a1fac3_9fcd2534/lib/python3.12/subprocess.py", line 466, in check_output
E           return run(*popenargs, stdout=PIPE, timeout=timeout, check=True,
E                  ^^^^^^^^^^^^^^^^^^^^^^^^^^^^^^^^^^^^^^^^^^^^^^^^^^^^^^^^^
E         File "/workspace/actions-cloud/robocorp/holotree/c2fd1aa_5a1fac3_9fcd2534/lib/python3.12/subprocess.py", line 571, in run
E           raise CalledProcessError(retcode, process.args,
E       subprocess.CalledProcessError: Command '['/workspace/actions-cloud/robocorp/holotree/c2fd1aa_5a1fac3_9fcd2534/bin/python3', '-c', 'import actions;print(actions.__version__)']' returned non-zero exit status 1.
E       
E       During handling of the above exception, another exception occurred:
E       
E       Traceback (most recent call last):
E         File "/workspace/work/actions-mk3-db-savepoint/action_server/src/actions/server/__main__.py", line 18, in <module>
E           main(args)
E         File "/workspace/work/actions-mk3-db-savepoint/action_server/src/actions/server/cli.py", line 62, in main
E           retcode = _main_retcode(args)
E                     ^^^^^^^^^^^^^^^^^^^
E         File "/workspace/work/actions-mk3-db-savepoint/action_server/src/actions/server/_cli_impl.py", line 840, in _main_retcode
E           return handle_package_command(base_args)
E                  ^^^^^^^^^^^^^^^^^^^^^^^^^^^^^^^^^
E         File "/workspace/work/actions-mk3-db-savepoint/action_server/src/actions/server/package/_package_build_cli.py", line 353, in handle_package_command
E           package_metadata_or_returncode: str | int = collect_package_metadata(
E                                                       ^^^^^^^^^^^^^^^^^^^^^^^^^
E         File "/workspace/work/actions-mk3-db-savepoint/action_server/src/actions/server/package/_package_metadata.py", line 186, in collect_package_metadata
E           returncode = _main_retcode(
E                        ^^^^^^^^^^^^^^
E         File "/workspace/work/actions-mk3-db-savepoint/action_server/src/actions/server/_cli_impl.py", line 888, in _main_retcode
E           return _command_requiring_datadir(
E                  ^^^^^^^^^^^^^^^^^^^^^^^^^^^
E         File "/workspace/work/actions-mk3-db-savepoint/action_server/src/actions/server/_cli_impl.py", line 1075, in _command_requiring_datadir
E           code = _import_actions(
E                  ^^^^^^^^^^^^^^^^
E         File "/workspace/work/actions-mk3-db-savepoint/action_server/src/actions/server/_cli_impl.py", line 670, in _import_actions
E           _actions_import.import_action_packages(
E         File "/workspace/work/actions-mk3-db-savepoint/action_server/src/actions/server/_actions_import.py", line 77, in import_action_packages
E           import_action_package(
E         File "/workspace/work/actions-mk3-db-savepoint/action_server/src/actions/server/_actions_import.py", line 263, in import_action_package
E           actions_library_version = _get_actions_version(
E                                     ^^^^^^^^^^^^^^^^^^^^^
E         File "/workspace/work/actions-mk3-db-savepoint/action_server/src/actions/server/_actions_import.py", line 415, in _get_actions_version
E           raise RuntimeError(msg)
E       RuntimeError: Unable to get actions version.
E       
E       This usually means that `actions` is not installed in the python
E       environment (make sure that `actions`
E       is defined in your `package.yaml`).
E       
E       Python executable being used:
E       /workspace/actions-cloud/robocorp/holotree/c2fd1aa_5a1fac3_9fcd2534/bin/python3
E       
E       
E       
E       === Args:
E       ['/workspace/work/actions-mk3-canvas-proof/action_server/.venv/bin/python', '-m', 'actions.server', 'package', 'metadata', '--datadir', '/workspace/actions-cloud/robocorp/temp/a62d53703001534b/pytest-of-agent/pytest-2/popen-gw1/test_package_metadata_oauth2_s0/test_package/data']

../src/actions/server/_selftest.py:523: AssertionError

action_server_tests/test_package.py::test_package_metadata_secrets 
[gw1] [ 45%] FAILED action_server_tests/test_package.py::test_package_metadata_secrets [gw1] linux -- Python 3.12.15 /workspace/work/actions-mk3-canvas-proof/action_server/.venv/bin/python

datadir = PosixPath('/workspace/actions-cloud/robocorp/temp/a62d53703001534b/pytest-of-agent/pytest-2/popen-gw1/test_package_metadata_secrets0/test_package')
data_regression = <pytest_regressions.data_regression.DataRegressionFixture object at 0x7f5c4aeb2ff0>

    def test_package_metadata_secrets(datadir, data_regression):
        from actions.server._selftest import actions_server_run
    
>       output = actions_server_run(
            [
                "package",
                "metadata",
                "--datadir",
                str(datadir / "data"),
            ],
            returncode=0,
            cwd=datadir / "pack_secrets",
        )

action_server_tests/test_package.py:227: 
_ _ _ _ _ _ _ _ _ _ _ _ _ _ _ _ _ _ _ _ _ _ _ _ _ _ _ _ _ _ _ _ _ _ _ _ _ _ _ _ 
../src/actions/server/_selftest.py:459: in actions_server_run
    return run_python_module(
../src/actions/server/_selftest.py:479: in run_python_module
    return run_command_line(
_ _ _ _ _ _ _ _ _ _ _ _ _ _ _ _ _ _ _ _ _ _ _ _ _ _ _ _ _ _ _ _ _ _ _ _ _ _ _ _ 

cmdline = ['/workspace/work/actions-mk3-canvas-proof/action_server/.venv/bin/python', '-m', 'actions.server', 'package', 'metadata', '--datadir', ...]
returncode = 0
cwd = PosixPath('/workspace/actions-cloud/robocorp/temp/a62d53703001534b/pytest-of-agent/pytest-2/popen-gw1/test_package_metadata_secrets0/test_package/pack_secrets')
additional_env = None, timeout = None, capture_output = True

    def run_command_line(
        cmdline,
        returncode: Optional[Union[Literal["error"], int]],
        cwd=None,
        additional_env: Optional[Dict[str, str]] = None,
        timeout=None,
        capture_output=True,
    ) -> CompletedProcess:
        cp = os.environ.copy()
        cp["PYTHONPATH"] = os.pathsep.join([x for x in sys.path if x])
        cp["PYTHONIOENCODING"] = "utf-8"
        if additional_env:
            cp.update(additional_env)
        result = subprocess.run(
            cmdline,
            capture_output=capture_output,
            text=True,
            env=cp,
            cwd=cwd,
            timeout=timeout,
            encoding="utf-8",
        )
    
        if returncode is None:
            return result
    
        if returncode == "error" and result.returncode:
            return result
    
        if result.returncode == returncode:
            return result
    
        # Not really that helpful in general and very verbose...
        # env_str = "\n".join(str(x) for x in sorted(cp.items()))
>       raise AssertionError(
            f"""Expected returncode: {returncode}. Found: {result.returncode}.
    === stdout:
    {result.stdout}
    
    === stderr:
    {result.stderr}
    
    === Args:
    {cmdline}
    
    """
        )
E       AssertionError: Expected returncode: 0. Found: 1.
E       === stdout:
E       
E       
E       === stderr:
E       
E         ⚡️ Starting Action Server... v1.0.3
E       
E       Using user-specified datadir: /workspace/actions-cloud/robocorp/temp/a62d53703001534b/pytest-of-agent/pytest-2/popen-gw1/test_package_metadata_secrets0/test_package/data
E       Logs may be found at: /workspace/actions-cloud/robocorp/temp/a62d53703001534b/pytest-of-agent/pytest-2/popen-gw1/test_package_metadata_secrets0/test_package/data/server_log.txt.
E       Adding action without a managed environment (package.yaml unavailable).
E           Note: no virtual environment will be used for the imported actions, they'll be run in the same environment used to run the action server.
E       Traceback (most recent call last):
E         File "<string>", line 1, in <module>
E       ModuleNotFoundError: No module named 'actions'
E       Traceback (most recent call last):
E         File "<string>", line 1, in <module>
E       ModuleNotFoundError: No module named 'robocorp'
E       Traceback (most recent call last):
E         File "/workspace/work/actions-mk3-db-savepoint/action_server/src/actions/server/_actions_import.py", line 413, in _get_actions_version
E           output = subprocess.check_output(cmdline, env=env, cwd=cwd)
E                    ^^^^^^^^^^^^^^^^^^^^^^^^^^^^^^^^^^^^^^^^^^^^^^^^^^
E         File "/workspace/actions-cloud/robocorp/holotree/c2fd1aa_5a1fac3_9fcd2534/lib/python3.12/subprocess.py", line 466, in check_output
E           return run(*popenargs, stdout=PIPE, timeout=timeout, check=True,
E                  ^^^^^^^^^^^^^^^^^^^^^^^^^^^^^^^^^^^^^^^^^^^^^^^^^^^^^^^^^
E         File "/workspace/actions-cloud/robocorp/holotree/c2fd1aa_5a1fac3_9fcd2534/lib/python3.12/subprocess.py", line 571, in run
E           raise CalledProcessError(retcode, process.args,
E       subprocess.CalledProcessError: Command '['/workspace/actions-cloud/robocorp/holotree/c2fd1aa_5a1fac3_9fcd2534/bin/python3', '-c', 'import actions;print(actions.__version__)']' returned non-zero exit status 1.
E       
E       During handling of the above exception, another exception occurred:
E       
E       Traceback (most recent call last):
E         File "/workspace/work/actions-mk3-db-savepoint/action_server/src/actions/server/__main__.py", line 18, in <module>
E           main(args)
E         File "/workspace/work/actions-mk3-db-savepoint/action_server/src/actions/server/cli.py", line 62, in main
E           retcode = _main_retcode(args)
E                     ^^^^^^^^^^^^^^^^^^^
E         File "/workspace/work/actions-mk3-db-savepoint/action_server/src/actions/server/_cli_impl.py", line 840, in _main_retcode
E           return handle_package_command(base_args)
E                  ^^^^^^^^^^^^^^^^^^^^^^^^^^^^^^^^^
E         File "/workspace/work/actions-mk3-db-savepoint/action_server/src/actions/server/package/_package_build_cli.py", line 353, in handle_package_command
E           package_metadata_or_returncode: str | int = collect_package_metadata(
E                                                       ^^^^^^^^^^^^^^^^^^^^^^^^^
E         File "/workspace/work/actions-mk3-db-savepoint/action_server/src/actions/server/package/_package_metadata.py", line 186, in collect_package_metadata
E           returncode = _main_retcode(
E                        ^^^^^^^^^^^^^^
E         File "/workspace/work/actions-mk3-db-savepoint/action_server/src/actions/server/_cli_impl.py", line 888, in _main_retcode
E           return _command_requiring_datadir(
E                  ^^^^^^^^^^^^^^^^^^^^^^^^^^^
E         File "/workspace/work/actions-mk3-db-savepoint/action_server/src/actions/server/_cli_impl.py", line 1075, in _command_requiring_datadir
E           code = _import_actions(
E                  ^^^^^^^^^^^^^^^^
E         File "/workspace/work/actions-mk3-db-savepoint/action_server/src/actions/server/_cli_impl.py", line 670, in _import_actions
E           _actions_import.import_action_packages(
E         File "/workspace/work/actions-mk3-db-savepoint/action_server/src/actions/server/_actions_import.py", line 77, in import_action_packages
E           import_action_package(
E         File "/workspace/work/actions-mk3-db-savepoint/action_server/src/actions/server/_actions_import.py", line 263, in import_action_package
E           actions_library_version = _get_actions_version(
E                                     ^^^^^^^^^^^^^^^^^^^^^
E         File "/workspace/work/actions-mk3-db-savepoint/action_server/src/actions/server/_actions_import.py", line 415, in _get_actions_version
E           raise RuntimeError(msg)
E       RuntimeError: Unable to get actions version.
E       
E       This usually means that `actions` is not installed in the python
E       environment (make sure that `actions`
E       is defined in your `package.yaml`).
E       
E       Python executable being used:
E       /workspace/actions-cloud/robocorp/holotree/c2fd1aa_5a1fac3_9fcd2534/bin/python3
E       
E       
E       
E       === Args:
E       ['/workspace/work/actions-mk3-canvas-proof/action_server/.venv/bin/python', '-m', 'actions.server', 'package', 'metadata', '--datadir', '/workspace/actions-cloud/robocorp/temp/a62d53703001534b/pytest-of-agent/pytest-2/popen-gw1/test_package_metadata_secrets0/test_package/data']

../src/actions/server/_selftest.py:523: AssertionError

action_server_tests/test_package.py::test_package_metadata_api 
[gw1] [ 45%] FAILED action_server_tests/test_package.py::test_package_metadata_api [gw1] linux -- Python 3.12.15 /workspace/work/actions-mk3-canvas-proof/action_server/.venv/bin/python

datadir = PosixPath('/workspace/actions-cloud/robocorp/temp/a62d53703001534b/pytest-of-agent/pytest-2/popen-gw1/test_package_metadata_api0/test_package')
data_regression = <pytest_regressions.data_regression.DataRegressionFixture object at 0x7f5c4af0ec00>

    def test_package_metadata_api(datadir, data_regression):
        from actions.server import api
    
        action_package_dir = Path(datadir / "pack_secrets")
>       found = api.package_metadata(action_package_dir, datadir=Path(datadir / "data"))
                ^^^^^^^^^^^^^^^^^^^^^^^^^^^^^^^^^^^^^^^^^^^^^^^^^^^^^^^^^^^^^^^^^^^^^^^^

action_server_tests/test_package.py:244: 
_ _ _ _ _ _ _ _ _ _ _ _ _ _ _ _ _ _ _ _ _ _ _ _ _ _ _ _ _ _ _ _ _ _ _ _ _ _ _ _ 

action_package_dir = PosixPath('/workspace/actions-cloud/robocorp/temp/a62d53703001534b/pytest-of-agent/pytest-2/popen-gw1/test_package_metadata_api0/test_package/pack_secrets')

    def package_metadata(
        action_package_dir: Path, *, datadir: Optional[Path] = None
    ) -> dict:
        """
        Collects metadata from the action package in the target dir and returns it.
    
        Args:
            action_package_dir: The directory with the action package whose metadata
                should be collected.
            datadir: Directory to store the data for operating the actions server
                (by default a datadir will be generated based on the `action_package_dir`).
    
        Returns:
            A dict containing the metadata.
    
        Raises:
            RuntimeError if it was not possible to collect the metadata.
        """
        import json
    
        from actions.server._selftest import actions_server_run
    
        any_return = None
        cmdline: list[str] = ["package", "metadata"]
        if datadir:
            cmdline.extend(["--datadir", str(datadir)])
        result = actions_server_run(
            cmdline,
            returncode=any_return,
            cwd=str(action_package_dir),
            capture_output=True,
        )
    
        if result.returncode == 0:
            return json.loads(result.stdout)
>       raise RuntimeError(
            f"It was not possible to collect the package metadata.\nStdout:\n{result.stdout}\nStderr:\n{result.stderr}"
        )
E       RuntimeError: It was not possible to collect the package metadata.
E       Stdout:
E       
E       Stderr:
E       
E         ⚡️ Starting Action Server... v1.0.3
E       
E       Using user-specified datadir: /workspace/actions-cloud/robocorp/temp/a62d53703001534b/pytest-of-agent/pytest-2/popen-gw1/test_package_metadata_api0/test_package/data
E       Logs may be found at: /workspace/actions-cloud/robocorp/temp/a62d53703001534b/pytest-of-agent/pytest-2/popen-gw1/test_package_metadata_api0/test_package/data/server_log.txt.
E       Adding action without a managed environment (package.yaml unavailable).
E           Note: no virtual environment will be used for the imported actions, they'll be run in the same environment used to run the action server.
E       Traceback (most recent call last):
E         File "<string>", line 1, in <module>
E       ModuleNotFoundError: No module named 'actions'
E       Traceback (most recent call last):
E         File "<string>", line 1, in <module>
E       ModuleNotFoundError: No module named 'robocorp'
E       Traceback (most recent call last):
E         File "/workspace/work/actions-mk3-db-savepoint/action_server/src/actions/server/_actions_import.py", line 413, in _get_actions_version
E           output = subprocess.check_output(cmdline, env=env, cwd=cwd)
E                    ^^^^^^^^^^^^^^^^^^^^^^^^^^^^^^^^^^^^^^^^^^^^^^^^^^
E         File "/workspace/actions-cloud/robocorp/holotree/c2fd1aa_5a1fac3_9fcd2534/lib/python3.12/subprocess.py", line 466, in check_output
E           return run(*popenargs, stdout=PIPE, timeout=timeout, check=True,
E                  ^^^^^^^^^^^^^^^^^^^^^^^^^^^^^^^^^^^^^^^^^^^^^^^^^^^^^^^^^
E         File "/workspace/actions-cloud/robocorp/holotree/c2fd1aa_5a1fac3_9fcd2534/lib/python3.12/subprocess.py", line 571, in run
E           raise CalledProcessError(retcode, process.args,
E       subprocess.CalledProcessError: Command '['/workspace/actions-cloud/robocorp/holotree/c2fd1aa_5a1fac3_9fcd2534/bin/python3', '-c', 'import actions;print(actions.__version__)']' returned non-zero exit status 1.
E       
E       During handling of the above exception, another exception occurred:
E       
E       Traceback (most recent call last):
E         File "/workspace/work/actions-mk3-db-savepoint/action_server/src/actions/server/__main__.py", line 18, in <module>
E           main(args)
E         File "/workspace/work/actions-mk3-db-savepoint/action_server/src/actions/server/cli.py", line 62, in main
E           retcode = _main_retcode(args)
E                     ^^^^^^^^^^^^^^^^^^^
E         File "/workspace/work/actions-mk3-db-savepoint/action_server/src/actions/server/_cli_impl.py", line 840, in _main_retcode
E           return handle_package_command(base_args)
E                  ^^^^^^^^^^^^^^^^^^^^^^^^^^^^^^^^^
E         File "/workspace/work/actions-mk3-db-savepoint/action_server/src/actions/server/package/_package_build_cli.py", line 353, in handle_package_command
E           package_metadata_or_returncode: str | int = collect_package_metadata(
E                                                       ^^^^^^^^^^^^^^^^^^^^^^^^^
E         File "/workspace/work/actions-mk3-db-savepoint/action_server/src/actions/server/package/_package_metadata.py", line 186, in collect_package_metadata
E           returncode = _main_retcode(
E                        ^^^^^^^^^^^^^^
E         File "/workspace/work/actions-mk3-db-savepoint/action_server/src/actions/server/_cli_impl.py", line 888, in _main_retcode
E           return _command_requiring_datadir(
E                  ^^^^^^^^^^^^^^^^^^^^^^^^^^^
E         File "/workspace/work/actions-mk3-db-savepoint/action_server/src/actions/server/_cli_impl.py", line 1075, in _command_requiring_datadir
E           code = _import_actions(
E                  ^^^^^^^^^^^^^^^^
E         File "/workspace/work/actions-mk3-db-savepoint/action_server/src/actions/server/_cli_impl.py", line 670, in _import_actions
E           _actions_import.import_action_packages(
E         File "/workspace/work/actions-mk3-db-savepoint/action_server/src/actions/server/_actions_import.py", line 77, in import_action_packages
E           import_action_package(
E         File "/workspace/work/actions-mk3-db-savepoint/action_server/src/actions/server/_actions_import.py", line 263, in import_action_package
E           actions_library_version = _get_actions_version(
E                                     ^^^^^^^^^^^^^^^^^^^^^
E         File "/workspace/work/actions-mk3-db-savepoint/action_server/src/actions/server/_actions_import.py", line 415, in _get_actions_version
E           raise RuntimeError(msg)
E       RuntimeError: Unable to get actions version.
E       
E       This usually means that `actions` is not installed in the python
E       environment (make sure that `actions`
E       is defined in your `package.yaml`).
E       
E       Python executable being used:
E       /workspace/actions-cloud/robocorp/holotree/c2fd1aa_5a1fac3_9fcd2534/bin/python3

../src/actions/server/api.py:40: RuntimeError

action_server_tests/test_package.py::test_package_upload 
[gw1] [ 45%] SKIPPED action_server_tests/test_package.py::test_package_upload 
action_server_tests/test_package.py::test_package_status 
[gw1] [ 45%] SKIPPED action_server_tests/test_package.py::test_package_status 
action_server_tests/test_package.py::test_package_set_changelog 
[gw1] [ 45%] SKIPPED action_server_tests/test_package.py::test_package_set_changelog 
action_server_tests/test_preload_actions_exit.py::test_bounded_writer_sends_exit_frame_on_raw_socket 
[gw1] [ 45%] PASSED action_server_tests/test_preload_actions_exit.py::test_bounded_writer_sends_exit_frame_on_raw_socket 
action_server_tests/test_preload_actions_exit.py::test_bounded_writer_times_out_waiting_for_writer_lock 
[gw1] [ 45%] PASSED action_server_tests/test_preload_actions_exit.py::test_bounded_writer_times_out_waiting_for_writer_lock 
action_server_tests/test_preload_actions_exit.py::test_bounded_writer_converts_socket_timeout_and_restores_state 
[gw1] [ 45%] PASSED action_server_tests/test_preload_actions_exit.py::test_bounded_writer_converts_socket_timeout_and_restores_state 
action_server_tests/test_preload_actions_exit.py::test_bounded_writer_times_out_on_saturated_socket 
[gw1] [ 45%] PASSED action_server_tests/test_preload_actions_exit.py::test_bounded_writer_times_out_on_saturated_socket 
action_server_tests/test_preload_actions_exit.py::test_exit_notification_stops_consumer_and_discards_later_queued_commands 
[gw1] [ 45%] PASSED action_server_tests/test_preload_actions_exit.py::test_exit_notification_stops_consumer_and_discards_later_queued_commands 
action_server_tests/test_preload_actions_exit.py::test_exit_waits_for_current_action_to_finish 
[gw1] [ 45%] PASSED action_server_tests/test_preload_actions_exit.py::test_exit_waits_for_current_action_to_finish 
action_server_tests/test_preload_actions_exit.py::test_worker_process_exits_cleanly_on_explicit_exit 
[gw1] [ 46%] PASSED action_server_tests/test_preload_actions_exit.py::test_worker_process_exits_cleanly_on_explicit_exit 
action_server_tests/test_preload_actions_exit.py::test_unexpected_eof_remains_abnormal_and_distinct_from_explicit_exit 
[gw1] [ 46%] PASSED action_server_tests/test_preload_actions_exit.py::test_unexpected_eof_remains_abnormal_and_distinct_from_explicit_exit 
action_server_tests/test_rcc_runtime_adapter.py::test_artifact_digest_parser_accepts_only_exact_identity 
[gw1] [ 46%] PASSED action_server_tests/test_rcc_runtime_adapter.py::test_artifact_digest_parser_accepts_only_exact_identity 
action_server_tests/test_rcc_runtime_adapter.py::test_runtime_descriptor_has_no_activation_path_authority 
[gw1] [ 46%] PASSED action_server_tests/test_rcc_runtime_adapter.py::test_runtime_descriptor_has_no_activation_path_authority 
action_server_tests/test_rcc_runtime_adapter.py::test_import_command_uses_artifact_exec_not_python_exe 
[gw1] [ 46%] PASSED action_server_tests/test_rcc_runtime_adapter.py::test_import_command_uses_artifact_exec_not_python_exe 
action_server_tests/test_rcc_runtime_adapter.py::test_worker_command_has_inherit_streams_and_receipt 
[gw1] [ 46%] PASSED action_server_tests/test_rcc_runtime_adapter.py::test_worker_command_has_inherit_streams_and_receipt 
action_server_tests/test_rcc_runtime_adapter.py::test_provider_trust_reference_is_bound_to_exec_and_never_redacted 
[gw1] [ 46%] PASSED action_server_tests/test_rcc_runtime_adapter.py::test_provider_trust_reference_is_bound_to_exec_and_never_redacted 
action_server_tests/test_rcc_runtime_adapter.py::test_supported_provider_reference_forms_are_preserved[local] 
[gw1] [ 46%] PASSED action_server_tests/test_rcc_runtime_adapter.py::test_supported_provider_reference_forms_are_preserved[local] 
action_server_tests/test_rcc_runtime_adapter.py::test_supported_provider_reference_forms_are_preserved[dakota-cache] 
[gw1] [ 46%] PASSED action_server_tests/test_rcc_runtime_adapter.py::test_supported_provider_reference_forms_are_preserved[dakota-cache] 
action_server_tests/test_rcc_runtime_adapter.py::test_supported_provider_reference_forms_are_preserved[http://cache:8134] 
[gw1] [ 46%] PASSED action_server_tests/test_rcc_runtime_adapter.py::test_supported_provider_reference_forms_are_preserved[http://cache:8134] 
action_server_tests/test_rcc_runtime_adapter.py::test_legacy_descriptor_without_trust_binding_cannot_exec 
[gw1] [ 46%] PASSED action_server_tests/test_rcc_runtime_adapter.py::test_legacy_descriptor_without_trust_binding_cannot_exec 
action_server_tests/test_rcc_runtime_adapter.py::test_provider_reference_with_secret_or_control_data_is_rejected_before_rcc[http://user:password@127.0.0.1:8134] 
[gw1] [ 47%] PASSED action_server_tests/test_rcc_runtime_adapter.py::test_provider_reference_with_secret_or_control_data_is_rejected_before_rcc[http://user:password@127.0.0.1:8134] 
action_server_tests/test_rcc_runtime_adapter.py::test_provider_reference_with_secret_or_control_data_is_rejected_before_rcc[http://127.0.0.1:8134?token=secret] 
[gw1] [ 47%] PASSED action_server_tests/test_rcc_runtime_adapter.py::test_provider_reference_with_secret_or_control_data_is_rejected_before_rcc[http://127.0.0.1:8134?token=secret] 
action_server_tests/test_rcc_runtime_adapter.py::test_provider_reference_with_secret_or_control_data_is_rejected_before_rcc[http://127.0.0.1:8134#secret] 
[gw1] [ 47%] PASSED action_server_tests/test_rcc_runtime_adapter.py::test_provider_reference_with_secret_or_control_data_is_rejected_before_rcc[http://127.0.0.1:8134#secret] 
action_server_tests/test_rcc_runtime_adapter.py::test_provider_reference_with_secret_or_control_data_is_rejected_before_rcc[http://127.0.0.1:8134\n--other-arg] 
[gw1] [ 47%] PASSED action_server_tests/test_rcc_runtime_adapter.py::test_provider_reference_with_secret_or_control_data_is_rejected_before_rcc[http://127.0.0.1:8134\n--other-arg] 
action_server_tests/test_rcc_runtime_adapter.py::test_provider_reference_with_secret_or_control_data_is_rejected_before_rcc[//user:secret@provider] 
[gw1] [ 47%] PASSED action_server_tests/test_rcc_runtime_adapter.py::test_provider_reference_with_secret_or_control_data_is_rejected_before_rcc[//user:secret@provider] 
action_server_tests/test_rcc_runtime_adapter.py::test_provider_reference_with_secret_or_control_data_is_rejected_before_rcc[provider?token=secret] 
[gw1] [ 47%] PASSED action_server_tests/test_rcc_runtime_adapter.py::test_provider_reference_with_secret_or_control_data_is_rejected_before_rcc[provider?token=secret] 
action_server_tests/test_rcc_runtime_adapter.py::test_provider_reference_with_secret_or_control_data_is_rejected_before_rcc[http:provider?token=secret] 
[gw1] [ 47%] PASSED action_server_tests/test_rcc_runtime_adapter.py::test_provider_reference_with_secret_or_control_data_is_rejected_before_rcc[http:provider?token=secret] 
action_server_tests/test_rcc_runtime_adapter.py::test_provider_reference_with_secret_or_control_data_is_rejected_before_rcc[invalid profile name] 
[gw1] [ 47%] PASSED action_server_tests/test_rcc_runtime_adapter.py::test_provider_reference_with_secret_or_control_data_is_rejected_before_rcc[invalid profile name] 
action_server_tests/test_rcc_runtime_adapter.py::test_failed_publish_is_phase_error_without_fallback 
[gw1] [ 47%] PASSED action_server_tests/test_rcc_runtime_adapter.py::test_failed_publish_is_phase_error_without_fallback 
action_server_tests/test_rcc_runtime_adapter.py::test_rcc_failure_keeps_meaningful_error_instead_of_generic_exit_line 
[gw1] [ 47%] PASSED action_server_tests/test_rcc_runtime_adapter.py::test_rcc_failure_keeps_meaningful_error_instead_of_generic_exit_line 
action_server_tests/test_rcc_runtime_adapter.py::test_acquire_rejects_missing_or_conflicting_identity 
[gw1] [ 48%] PASSED action_server_tests/test_rcc_runtime_adapter.py::test_acquire_rejects_missing_or_conflicting_identity 
action_server_tests/test_rcc_runtime_adapter.py::test_rcc_version_mismatch_fails_closed 
[gw1] [ 48%] PASSED action_server_tests/test_rcc_runtime_adapter.py::test_rcc_version_mismatch_fails_closed 
action_server_tests/test_rcc_runtime_adapter.py::test_source_only_reload_reuses_verified_artifact_without_republishing 
[gw1] [ 48%] PASSED action_server_tests/test_rcc_runtime_adapter.py::test_source_only_reload_reuses_verified_artifact_without_republishing 
action_server_tests/test_rcc_runtime_adapter.py::test_snapshot_environment_input_preserves_original_cache_identity 
[gw1] [ 48%] PASSED action_server_tests/test_rcc_runtime_adapter.py::test_snapshot_environment_input_preserves_original_cache_identity 
action_server_tests/test_rcc_runtime_adapter.py::test_cached_artifact_is_revalidated_and_rebuilt_when_materialization_disappears 
[gw1] [ 48%] PASSED action_server_tests/test_rcc_runtime_adapter.py::test_cached_artifact_is_revalidated_and_rebuilt_when_materialization_disappears 
action_server_tests/test_rcc_runtime_adapter.py::test_non_materialization_acquire_failure_does_not_replace_pinned_identity 
[gw1] [ 48%] PASSED action_server_tests/test_rcc_runtime_adapter.py::test_non_materialization_acquire_failure_does_not_replace_pinned_identity 
action_server_tests/test_rcc_runtime_adapter.py::test_environment_change_does_not_reuse_cached_artifact 
[gw1] [ 48%] PASSED action_server_tests/test_rcc_runtime_adapter.py::test_environment_change_does_not_reuse_cached_artifact 
action_server_tests/test_rcc_runtime_adapter.py::test_environment_fingerprint_classifies_pythonpath_as_source_change 
[gw1] [ 48%] PASSED action_server_tests/test_rcc_runtime_adapter.py::test_environment_fingerprint_classifies_pythonpath_as_source_change 
action_server_tests/test_rcc_runtime_adapter.py::test_restart_reacquires_existing_artifact_without_republishing 
[gw1] [ 48%] PASSED action_server_tests/test_rcc_runtime_adapter.py::test_restart_reacquires_existing_artifact_without_republishing 
action_server_tests/test_rcc_runtime_adapter.py::test_legacy_descriptor_is_reprepared_with_current_provider 
[gw1] [ 48%] PASSED action_server_tests/test_rcc_runtime_adapter.py::test_legacy_descriptor_is_reprepared_with_current_provider 
action_server_tests/test_rcc_runtime_adapter.py::test_missing_persisted_artifact_republishes_and_acquires_new_identity 
[gw1] [ 48%] PASSED action_server_tests/test_rcc_runtime_adapter.py::test_missing_persisted_artifact_republishes_and_acquires_new_identity 
action_server_tests/test_rcc_runtime_adapter.py::test_acquire_rejects_invalid_artifact_verification 
[gw1] [ 49%] PASSED action_server_tests/test_rcc_runtime_adapter.py::test_acquire_rejects_invalid_artifact_verification 
action_server_tests/test_rcc_runtime_adapter.py::test_acquire_rejects_missing_artifact_verification 
[gw1] [ 49%] PASSED action_server_tests/test_rcc_runtime_adapter.py::test_acquire_rejects_missing_artifact_verification 
action_server_tests/test_rcc_runtime_adapter.py::test_reload_marks_running_generation_non_reusable 
[gw1] [ 49%] PASSED action_server_tests/test_rcc_runtime_adapter.py::test_reload_marks_running_generation_non_reusable 
action_server_tests/test_rcc_runtime_adapter.py::test_reload_rolls_back_routing_when_new_generation_warmup_fails 
[gw1] [ 49%] PASSED action_server_tests/test_rcc_runtime_adapter.py::test_reload_rolls_back_routing_when_new_generation_warmup_fails 
action_server_tests/test_rcc_runtime_adapter.py::test_route_and_pool_reload_commits_after_inflight_old_call 
[gw1] [ 49%] PASSED action_server_tests/test_rcc_runtime_adapter.py::test_route_and_pool_reload_commits_after_inflight_old_call 
action_server_tests/test_rcc_runtime_adapter.py::test_admitted_route_pins_process_lookup_to_old_generation 
[gw1] [ 49%] PASSED action_server_tests/test_rcc_runtime_adapter.py::test_admitted_route_pins_process_lookup_to_old_generation 
action_server_tests/test_rcc_runtime_adapter.py::test_scheduler_admission_pins_pool_and_package_across_reload 
[gw1] [ 49%] PASSED action_server_tests/test_rcc_runtime_adapter.py::test_scheduler_admission_pins_pool_and_package_across_reload 
action_server_tests/test_rcc_runtime_adapter.py::test_route_registration_failure_restores_routes_and_pool_generation 
[gw1] [ 49%] PASSED action_server_tests/test_rcc_runtime_adapter.py::test_route_registration_failure_restores_routes_and_pool_generation 
action_server_tests/test_rcc_runtime_adapter.py::test_receipt_requires_identity_verification_and_lease 
[gw1] [ 49%] PASSED action_server_tests/test_rcc_runtime_adapter.py::test_receipt_requires_identity_verification_and_lease 
action_server_tests/test_rcc_runtime_adapter.py::test_spec_v2_without_provider_preserves_legacy_bootstrap 
[gw1] [ 49%] PASSED action_server_tests/test_rcc_runtime_adapter.py::test_spec_v2_without_provider_preserves_legacy_bootstrap 
action_server_tests/test_rcc_runtime_adapter.py::test_process_handle_kill_waits_for_wrapper 
[gw1] [ 49%] PASSED action_server_tests/test_rcc_runtime_adapter.py::test_process_handle_kill_waits_for_wrapper 
action_server_tests/test_rcc_runtime_adapter.py::test_force_killing_wrapper_preserves_failed_receipt 
[gw1] [ 50%] PASSED action_server_tests/test_rcc_runtime_adapter.py::test_force_killing_wrapper_preserves_failed_receipt 
action_server_tests/test_rcc_runtime_adapter.py::test_bounded_force_kill_stops_owned_wrapper_and_child 
[gw1] [ 50%] PASSED action_server_tests/test_rcc_runtime_adapter.py::test_bounded_force_kill_stops_owned_wrapper_and_child 
action_server_tests/test_rcc_runtime_adapter.py::test_bounded_force_kill_terminates_worker_ignoring_term 
[gw1] [ 50%] PASSED action_server_tests/test_rcc_runtime_adapter.py::test_bounded_force_kill_terminates_worker_ignoring_term 
action_server_tests/test_rcc_runtime_adapter.py::test_zombie_descendants_are_reported_without_claiming_reap 
[gw1] [ 50%] PASSED action_server_tests/test_rcc_runtime_adapter.py::test_zombie_descendants_are_reported_without_claiming_reap 
action_server_tests/test_rcc_runtime_adapter.py::test_descendant_snapshot_does_not_treat_missing_owner_as_empty_tree 
[gw1] [ 50%] PASSED action_server_tests/test_rcc_runtime_adapter.py::test_descendant_snapshot_does_not_treat_missing_owner_as_empty_tree 
action_server_tests/test_rcc_runtime_adapter.py::test_pending_retirement_keeps_capacity_until_retry_completes 
[gw1] [ 50%] PASSED action_server_tests/test_rcc_runtime_adapter.py::test_pending_retirement_keeps_capacity_until_retry_completes 
action_server_tests/test_rcc_runtime_adapter.py::test_retirement_lock_wait_uses_remaining_caller_budget[10.25-10.5-0.25] 
[gw1] [ 50%] PASSED action_server_tests/test_rcc_runtime_adapter.py::test_retirement_lock_wait_uses_remaining_caller_budget[10.25-10.5-0.25] 
action_server_tests/test_rcc_runtime_adapter.py::test_retirement_lock_wait_uses_remaining_caller_budget[10.5-10.0-0.0] 
[gw1] [ 50%] PASSED action_server_tests/test_rcc_runtime_adapter.py::test_retirement_lock_wait_uses_remaining_caller_budget[10.5-10.0-0.0] 
action_server_tests/test_rcc_runtime_adapter.py::test_retirement_lock_wait_does_not_turn_scheduler_delay_into_failure 
[gw1] [ 50%] PASSED action_server_tests/test_rcc_runtime_adapter.py::test_retirement_lock_wait_does_not_turn_scheduler_delay_into_failure 
action_server_tests/test_rcc_runtime_adapter.py::test_retirement_lock_wait_smoke_when_real_lock_is_held 
[gw1] [ 50%] PASSED action_server_tests/test_rcc_runtime_adapter.py::test_retirement_lock_wait_smoke_when_real_lock_is_held 
action_server_tests/test_rcc_runtime_adapter.py::test_active_cancellation_retirement_skips_exit_send 
[gw1] [ 50%] PASSED action_server_tests/test_rcc_runtime_adapter.py::test_active_cancellation_retirement_skips_exit_send 
action_server_tests/test_rcc_runtime_adapter.py::test_unexpected_dead_worker_has_explicit_unverified_recovery 
[gw1] [ 51%] PASSED action_server_tests/test_rcc_runtime_adapter.py::test_unexpected_dead_worker_has_explicit_unverified_recovery 
action_server_tests/test_rcc_runtime_adapter.py::test_unexpected_crash_classification_survives_reader_retry 
[gw1] [ 51%] PASSED action_server_tests/test_rcc_runtime_adapter.py::test_unexpected_crash_classification_survives_reader_retry 
action_server_tests/test_rcc_runtime_adapter.py::test_controlled_snapshot_failure_stays_pending_after_its_force_kill 
[gw1] [ 51%] PASSED action_server_tests/test_rcc_runtime_adapter.py::test_controlled_snapshot_failure_stays_pending_after_its_force_kill 
action_server_tests/test_rcc_runtime_adapter.py::test_rcc_wrapper_retains_failed_snapshot_after_wrapper_exit 
[gw1] [ 51%] PASSED action_server_tests/test_rcc_runtime_adapter.py::test_rcc_wrapper_retains_failed_snapshot_after_wrapper_exit 
action_server_tests/test_rcc_runtime_adapter.py::test_process_startup_failure_closes_listener_and_accept_future 
[gw1] [ 51%] PASSED action_server_tests/test_rcc_runtime_adapter.py::test_process_startup_failure_closes_listener_and_accept_future 
action_server_tests/test_rcc_runtime_adapter.py::test_process_pool_releases_capacity_when_warmup_fails 
[gw1] [ 51%] PASSED action_server_tests/test_rcc_runtime_adapter.py::test_process_pool_releases_capacity_when_warmup_fails 
action_server_tests/test_rcc_runtime_adapter.py::test_real_rcc_artifact_action_vertical 
[gw1] [ 51%] SKIPPED action_server_tests/test_rcc_runtime_adapter.py::test_real_rcc_artifact_action_vertical 
action_server_tests/test_rcc_runtime_adapter.py::test_bootstrap_rejects_non_string_pythonpath[42] 
[gw1] [ 51%] PASSED action_server_tests/test_rcc_runtime_adapter.py::test_bootstrap_rejects_non_string_pythonpath[42] 
action_server_tests/test_rcc_runtime_adapter.py::test_bootstrap_rejects_non_string_pythonpath[invalid_pythonpath1] 
[gw1] [ 51%] PASSED action_server_tests/test_rcc_runtime_adapter.py::test_bootstrap_rejects_non_string_pythonpath[invalid_pythonpath1] 
action_server_tests/test_rcc_runtime_adapter.py::test_bootstrap_rejects_non_string_pythonpath[invalid_pythonpath2] 
[gw1] [ 51%] PASSED action_server_tests/test_rcc_runtime_adapter.py::test_bootstrap_rejects_non_string_pythonpath[invalid_pythonpath2] 
action_server_tests/test_rcc_runtime_source_snapshots.py::test_snapshot_launch_path_budget 
[gw1] [ 51%] PASSED action_server_tests/test_rcc_runtime_source_snapshots.py::test_snapshot_launch_path_budget 
action_server_tests/test_rcc_runtime_source_snapshots.py::test_snapshot_pins_environment_yaml_across_aba_edit 
[gw1] [ 52%] PASSED action_server_tests/test_rcc_runtime_source_snapshots.py::test_snapshot_pins_environment_yaml_across_aba_edit 
action_server_tests/test_rcc_runtime_source_snapshots.py::test_snapshot_prepare_discards_new_mismatched_candidate_only 
[gw1] [ 52%] PASSED action_server_tests/test_rcc_runtime_source_snapshots.py::test_snapshot_prepare_discards_new_mismatched_candidate_only 
action_server_tests/test_rcc_runtime_source_snapshots.py::test_snapshot_prepare_preserves_reused_snapshot_on_validation_failure 
[gw1] [ 52%] PASSED action_server_tests/test_rcc_runtime_source_snapshots.py::test_snapshot_prepare_preserves_reused_snapshot_on_validation_failure 
action_server_tests/test_rcc_runtime_source_snapshots.py::test_import_does_not_prune_previous_runtime_snapshot 
[gw1] [ 52%] PASSED action_server_tests/test_rcc_runtime_source_snapshots.py::test_import_does_not_prune_previous_runtime_snapshot 
action_server_tests/test_rcc_runtime_source_snapshots.py::test_snapshot_identity_changes_when_executable_mode_changes 
[gw1] [ 52%] PASSED action_server_tests/test_rcc_runtime_source_snapshots.py::test_snapshot_identity_changes_when_executable_mode_changes 
action_server_tests/test_server/test_work_items_files.py::test_work_item_file_api_maps_attachment_errors_and_round_trips 
[gw1] [ 52%] PASSED action_server_tests/test_server/test_work_items_files.py::test_work_item_file_api_maps_attachment_errors_and_round_trips 
action_server_tests/test_server/test_work_items_files.py::test_work_items_import_ignores_project_actions_module 
[gw1] [ 52%] PASSED action_server_tests/test_server/test_work_items_files.py::test_work_items_import_ignores_project_actions_module 
action_server_tests/test_server/test_work_items_files.py::test_rest_projects_non_object_library_payload_to_null 
[gw1] [ 52%] PASSED action_server_tests/test_server/test_work_items_files.py::test_rest_projects_non_object_library_payload_to_null 
action_server_tests/test_server/test_work_items_files.py::test_work_items_loader_failure_is_actionable_and_does_not_expose_details[failure0-work_items_runtime_unavailable] 
[gw1] [ 52%] PASSED action_server_tests/test_server/test_work_items_files.py::test_work_items_loader_failure_is_actionable_and_does_not_expose_details[failure0-work_items_runtime_unavailable] 
action_server_tests/test_server/test_work_items_files.py::test_work_items_loader_failure_is_actionable_and_does_not_expose_details[failure1-work_items_load_failed] 
[gw1] [ 52%] PASSED action_server_tests/test_server/test_work_items_files.py::test_work_items_loader_failure_is_actionable_and_does_not_expose_details[failure1-work_items_load_failed] 
action_server_tests/test_server/test_work_items_files.py::test_work_items_storage_error_is_bounded_and_actionable 
[gw1] [ 53%] PASSED action_server_tests/test_server/test_work_items_files.py::test_work_items_storage_error_is_bounded_and_actionable 
action_server_tests/test_server/test_work_items_files.py::test_runtime_http_error_handler_preserves_work_items_recovery_code[failure0-work_items_runtime_unavailable] 
[gw1] [ 53%] PASSED action_server_tests/test_server/test_work_items_files.py::test_runtime_http_error_handler_preserves_work_items_recovery_code[failure0-work_items_runtime_unavailable] 
action_server_tests/test_server/test_work_items_files.py::test_runtime_http_error_handler_preserves_work_items_recovery_code[failure1-work_items_load_failed] 
[gw1] [ 53%] PASSED action_server_tests/test_server/test_work_items_files.py::test_runtime_http_error_handler_preserves_work_items_recovery_code[failure1-work_items_load_failed] 
action_server_tests/test_server/test_work_items_files.py::test_runtime_http_error_handler_keeps_plain_detail_contract 
[gw1] [ 53%] PASSED action_server_tests/test_server/test_work_items_files.py::test_runtime_http_error_handler_keeps_plain_detail_contract 
action_server_tests/test_server/test_work_items_files.py::test_corrupt_stored_payload_is_storage_failure_for_detail_and_list 
[gw1] [ 53%] PASSED action_server_tests/test_server/test_work_items_files.py::test_corrupt_stored_payload_is_storage_failure_for_detail_and_list 
action_server_tests/test_server.py::test_import_action_server_strategies[no-conda] 
[gw1] [ 53%] FAILED action_server_tests/test_server.py::test_import_action_server_strategies[no-conda] [gw1] linux -- Python 3.12.15 /workspace/work/actions-mk3-canvas-proof/action_server/.venv/bin/python

action_server_datadir = PosixPath('/workspace/actions-cloud/robocorp/temp/a62d53703001534b/pytest-of-agent/pytest-2/popen-gw1/test_import_action_server_stra0/.sema4ai-test-action-server')
strategy = 'no-conda'

    @pytest.mark.parametrize(
        "strategy",
        ["no-conda", "package.yaml", "package.yaml:uv"],
    )
    def test_import_action_server_strategies(
        action_server_datadir: Path,
        strategy: str,
    ) -> None:
        from action_server_tests.fixtures import actions_server_run, get_in_resources
    
        from actions.server._models import Action, ActionPackage, load_db
    
        if strategy == "package.yaml":
            root_dir = get_in_resources("hello")
        elif strategy == "package.yaml:uv":
            root_dir = get_in_resources("hello_uv")
        else:
            assert strategy == "no-conda"
            root_dir = get_in_resources("no_conda", "greeter")
    
>       actions_server_run(
            [
                "import",
                f"--dir={root_dir}",
                "--db-file=server.db",
                "-v",
                "--datadir",
                action_server_datadir,
            ],
            returncode=0,
        )

action_server_tests/test_server.py:220: 
_ _ _ _ _ _ _ _ _ _ _ _ _ _ _ _ _ _ _ _ _ _ _ _ _ _ _ _ _ _ _ _ _ _ _ _ _ _ _ _ 
../src/actions/server/_selftest.py:459: in actions_server_run
    return run_python_module(
../src/actions/server/_selftest.py:479: in run_python_module
    return run_command_line(
_ _ _ _ _ _ _ _ _ _ _ _ _ _ _ _ _ _ _ _ _ _ _ _ _ _ _ _ _ _ _ _ _ _ _ _ _ _ _ _ 

cmdline = ['/workspace/work/actions-mk3-canvas-proof/action_server/.venv/bin/python', '-m', 'actions.server', 'import', '--dir=/...tions-mk3-db-savepoint/action_server/tests/action_server_tests/resources/no_conda/greeter', '--db-file=server.db', ...]
returncode = 0, cwd = None, additional_env = None, timeout = None
capture_output = True

    def run_command_line(
        cmdline,
        returncode: Optional[Union[Literal["error"], int]],
        cwd=None,
        additional_env: Optional[Dict[str, str]] = None,
        timeout=None,
        capture_output=True,
    ) -> CompletedProcess:
        cp = os.environ.copy()
        cp["PYTHONPATH"] = os.pathsep.join([x for x in sys.path if x])
        cp["PYTHONIOENCODING"] = "utf-8"
        if additional_env:
            cp.update(additional_env)
        result = subprocess.run(
            cmdline,
            capture_output=capture_output,
            text=True,
            env=cp,
            cwd=cwd,
            timeout=timeout,
            encoding="utf-8",
        )
    
        if returncode is None:
            return result
    
        if returncode == "error" and result.returncode:
            return result
    
        if result.returncode == returncode:
            return result
    
        # Not really that helpful in general and very verbose...
        # env_str = "\n".join(str(x) for x in sorted(cp.items()))
>       raise AssertionError(
            f"""Expected returncode: {returncode}. Found: {result.returncode}.
    === stdout:
    {result.stdout}
    
    === stderr:
    {result.stderr}
    
    === Args:
    {cmdline}
    
    """
        )
E       AssertionError: Expected returncode: 0. Found: 1.
E       === stdout:
E       
E       
E       === stderr:
E       [2026-10-10 20:21:11] [actions.server._cli_impl: DEBUG] Arguments: /workspace/work/actions-mk3-db-savepoint/action_server/src/actions/server/__main__.py import --dir=/workspace/work/actions-mk3-db-savepoint/action_server/tests/action_server_tests/resources/no_conda/greeter --db-file=server.db -v --datadir /workspace/actions-cloud/robocorp/temp/a62d53703001534b/pytest-of-agent/pytest-2/popen-gw1/test_import_action_server_stra0/.sema4ai-test-action-server
E       [2026-10-10 20:21:11] [actions.server._cli_impl: DEBUG] CWD: /workspace/work/actions-mk3-db-savepoint/action_server/tests
E       [2026-10-10 20:21:11] [actions.server._cli_impl: INFO] 
E         ⚡️ Starting Action Server... v1.0.3
E       
E       [2026-10-10 20:21:11] [actions.server._settings: INFO] Using user-specified datadir: /workspace/actions-cloud/robocorp/temp/a62d53703001534b/pytest-of-agent/pytest-2/popen-gw1/test_import_action_server_stra0/.sema4ai-test-action-server
E       [2026-10-10 20:21:11] [actions.server._cli_impl: INFO] Logs may be found at: /workspace/actions-cloud/robocorp/temp/a62d53703001534b/pytest-of-agent/pytest-2/popen-gw1/test_import_action_server_stra0/.sema4ai-test-action-server/server_log.txt.
E       [2026-10-10 20:21:11] [actions.server._cli_impl: INFO] Database file does not exist. Creating it at: /workspace/actions-cloud/robocorp/temp/a62d53703001534b/pytest-of-agent/pytest-2/popen-gw1/test_import_action_server_stra0/.sema4ai-test-action-server/server.db
E       [2026-10-10 20:21:11] [actions.server._actions_import: DEBUG] Importing action package from: /workspace/work/actions-mk3-db-savepoint/action_server/tests/action_server_tests/resources/no_conda/greeter
E       [2026-10-10 20:21:11] [robocorp.log._rewrite_filtering: DEBUG] ROBOT_ROOTS ['/workspace/work/actions-mk3-db-savepoint/developer']
E       
E       [2026-10-10 20:21:11] [robocorp.log._rewrite_filtering: DEBUG] Collecting default library roots.
E       [2026-10-10 20:21:11] [robocorp.log._rewrite_filtering: DEBUG] LIBRARY_ROOTS ['/home/agent/.local/lib/python3.12/site-packages', '/workspace/actions-cloud/robocorp/holotree/c2fd1aa_5a1fac3_9fcd2534/lib/python3.12', '/workspace/work/actions-mk3-canvas-proof/action_server/.venv/lib/python3.12', '/workspace/work/actions-mk3-canvas-proof/action_server/.venv/lib/python3.12/site-packages']
E       
E       [2026-10-10 20:21:11] [actions.server._action_package_handler: INFO] Adding action without a managed environment (package.yaml unavailable).
E           Note: no virtual environment will be used for the imported actions, they'll be run in the same environment used to run the action server.
E       [2026-10-10 20:21:11] [actions.server._actions_import: DEBUG] Collecting actions for Action Package: greeter.
E       Traceback (most recent call last):
E         File "<string>", line 1, in <module>
E       ModuleNotFoundError: No module named 'actions'
E       Traceback (most recent call last):
E         File "<string>", line 1, in <module>
E       ModuleNotFoundError: No module named 'robocorp'
E       Traceback (most recent call last):
E         File "/workspace/work/actions-mk3-db-savepoint/action_server/src/actions/server/_actions_import.py", line 413, in _get_actions_version
E           output = subprocess.check_output(cmdline, env=env, cwd=cwd)
E                    ^^^^^^^^^^^^^^^^^^^^^^^^^^^^^^^^^^^^^^^^^^^^^^^^^^
E         File "/workspace/actions-cloud/robocorp/holotree/c2fd1aa_5a1fac3_9fcd2534/lib/python3.12/subprocess.py", line 466, in check_output
E           return run(*popenargs, stdout=PIPE, timeout=timeout, check=True,
E                  ^^^^^^^^^^^^^^^^^^^^^^^^^^^^^^^^^^^^^^^^^^^^^^^^^^^^^^^^^
E         File "/workspace/actions-cloud/robocorp/holotree/c2fd1aa_5a1fac3_9fcd2534/lib/python3.12/subprocess.py", line 571, in run
E           raise CalledProcessError(retcode, process.args,
E       subprocess.CalledProcessError: Command '['/workspace/actions-cloud/robocorp/holotree/c2fd1aa_5a1fac3_9fcd2534/bin/python3', '-c', 'import actions;print(actions.__version__)']' returned non-zero exit status 1.
E       
E       During handling of the above exception, another exception occurred:
E       
E       Traceback (most recent call last):
E         File "/workspace/work/actions-mk3-db-savepoint/action_server/src/actions/server/__main__.py", line 18, in <module>
E           main(args)
E         File "/workspace/work/actions-mk3-db-savepoint/action_server/src/actions/server/cli.py", line 62, in main
E           retcode = _main_retcode(args)
E                     ^^^^^^^^^^^^^^^^^^^
E         File "/workspace/work/actions-mk3-db-savepoint/action_server/src/actions/server/_cli_impl.py", line 888, in _main_retcode
E           return _command_requiring_datadir(
E                  ^^^^^^^^^^^^^^^^^^^^^^^^^^^
E         File "/workspace/work/actions-mk3-db-savepoint/action_server/src/actions/server/_cli_impl.py", line 1035, in _command_requiring_datadir
E           return _import_actions(
E                  ^^^^^^^^^^^^^^^^
E         File "/workspace/work/actions-mk3-db-savepoint/action_server/src/actions/server/_cli_impl.py", line 670, in _import_actions
E           _actions_import.import_action_packages(
E         File "/workspace/work/actions-mk3-db-savepoint/action_server/src/actions/server/_actions_import.py", line 77, in import_action_packages
E           import_action_package(
E         File "/workspace/work/actions-mk3-db-savepoint/action_server/src/actions/server/_actions_import.py", line 263, in import_action_package
E           actions_library_version = _get_actions_version(
E                                     ^^^^^^^^^^^^^^^^^^^^^
E         File "/workspace/work/actions-mk3-db-savepoint/action_server/src/actions/server/_actions_import.py", line 415, in _get_actions_version
E           raise RuntimeError(msg)
E       RuntimeError: Unable to get actions version.
E       
E       This usually means that `actions` is not installed in the python
E       environment (make sure that `actions`
E       is defined in your `package.yaml`).
E       
E       Python executable being used:
E       /workspace/actions-cloud/robocorp/holotree/c2fd1aa_5a1fac3_9fcd2534/bin/python3
E       
E       
E       
E       === Args:
E       ['/workspace/work/actions-mk3-canvas-proof/action_server/.venv/bin/python', '-m', 'actions.server', 'import', '--dir=/workspace/work/actions-mk3-db-savepoint/action_server/tests/action_server_tests/resources/no_conda/greeter', '--db-file=server.db', '-v', '--datadir', PosixPath('/workspace/actions-cloud/robocorp/temp/a62d53703001534b/pytest-of-agent/pytest-2/popen-gw1/test_import_action_server_stra0/.sema4ai-test-action-server')]

../src/actions/server/_selftest.py:523: AssertionError

action_server_tests/test_server.py::test_import_action_server_strategies[package.yaml] 
[gw1] [ 53%] PASSED action_server_tests/test_server.py::test_import_action_server_strategies[package.yaml] 
action_server_tests/test_server.py::test_import_action_server_strategies[package.yaml:uv] 
[gw1] [ 53%] PASSED action_server_tests/test_server.py::test_import_action_server_strategies[package.yaml:uv] 
action_server_tests/test_server.py::test_import_default_value 
[gw1] [ 53%] FAILED action_server_tests/test_server.py::test_import_default_value [gw1] linux -- Python 3.12.15 /workspace/work/actions-mk3-canvas-proof/action_server/.venv/bin/python

tmpdir = local('/workspace/actions-cloud/robocorp/temp/a62d53703001534b/pytest-of-agent/pytest-2/popen-gw1/test_import_default_value0')
action_server_datadir = PosixPath('/workspace/actions-cloud/robocorp/temp/a62d53703001534b/pytest-of-agent/pytest-2/popen-gw1/test_import_default_value0/.sema4ai-test-action-server')

    def test_import_default_value(
        tmpdir,
        action_server_datadir: Path,
    ) -> None:
        from action_server_tests.fixtures import actions_server_run
    
        from actions.server._database import Database
        from actions.server._models import Action, load_db
    
        action_server_datadir.mkdir(parents=True, exist_ok=True)
        db_path = action_server_datadir / "server.db"
        assert not db_path.exists()
    
        calculator = Path(tmpdir) / "v1" / "calculator" / "action_calculator.py"
        calculator.parent.mkdir(parents=True, exist_ok=True)
        calculator.write_text(
            """
    from actions import action
    
    @action
    def calculator_sum(v1: int = 5) -> float:
        return v1 + v2
    """
        )
    
>       actions_server_run(
            [
                "import",
                f"--dir={calculator.parent}",
                "--db-file=server.db",
                "-v",
                "--skip-lint",
                "--datadir",
                action_server_datadir,
            ],
            returncode=0,
        )

action_server_tests/test_server.py:286: 
_ _ _ _ _ _ _ _ _ _ _ _ _ _ _ _ _ _ _ _ _ _ _ _ _ _ _ _ _ _ _ _ _ _ _ _ _ _ _ _ 
../src/actions/server/_selftest.py:459: in actions_server_run
    return run_python_module(
../src/actions/server/_selftest.py:479: in run_python_module
    return run_command_line(
_ _ _ _ _ _ _ _ _ _ _ _ _ _ _ _ _ _ _ _ _ _ _ _ _ _ _ _ _ _ _ _ _ _ _ _ _ _ _ _ 

cmdline = ['/workspace/work/actions-mk3-canvas-proof/action_server/.venv/bin/python', '-m', 'actions.server', 'import', '--dir=/...d53703001534b/pytest-of-agent/pytest-2/popen-gw1/test_import_default_value0/v1/calculator', '--db-file=server.db', ...]
returncode = 0, cwd = None, additional_env = None, timeout = None
capture_output = True

    def run_command_line(
        cmdline,
        returncode: Optional[Union[Literal["error"], int]],
        cwd=None,
        additional_env: Optional[Dict[str, str]] = None,
        timeout=None,
        capture_output=True,
    ) -> CompletedProcess:
        cp = os.environ.copy()
        cp["PYTHONPATH"] = os.pathsep.join([x for x in sys.path if x])
        cp["PYTHONIOENCODING"] = "utf-8"
        if additional_env:
            cp.update(additional_env)
        result = subprocess.run(
            cmdline,
            capture_output=capture_output,
            text=True,
            env=cp,
            cwd=cwd,
            timeout=timeout,
            encoding="utf-8",
        )
    
        if returncode is None:
            return result
    
        if returncode == "error" and result.returncode:
            return result
    
        if result.returncode == returncode:
            return result
    
        # Not really that helpful in general and very verbose...
        # env_str = "\n".join(str(x) for x in sorted(cp.items()))
>       raise AssertionError(
            f"""Expected returncode: {returncode}. Found: {result.returncode}.
    === stdout:
    {result.stdout}
    
    === stderr:
    {result.stderr}
    
    === Args:
    {cmdline}
    
    """
        )
E       AssertionError: Expected returncode: 0. Found: 1.
E       === stdout:
E       
E       
E       === stderr:
E       [2026-10-10 20:21:18] [actions.server._cli_impl: DEBUG] Arguments: /workspace/work/actions-mk3-db-savepoint/action_server/src/actions/server/__main__.py import --dir=/workspace/actions-cloud/robocorp/temp/a62d53703001534b/pytest-of-agent/pytest-2/popen-gw1/test_import_default_value0/v1/calculator --db-file=server.db -v --skip-lint --datadir /workspace/actions-cloud/robocorp/temp/a62d53703001534b/pytest-of-agent/pytest-2/popen-gw1/test_import_default_value0/.sema4ai-test-action-server
E       [2026-10-10 20:21:18] [actions.server._cli_impl: DEBUG] CWD: /workspace/work/actions-mk3-db-savepoint/action_server/tests
E       [2026-10-10 20:21:18] [actions.server._cli_impl: INFO] 
E         ⚡️ Starting Action Server... v1.0.3
E       
E       [2026-10-10 20:21:18] [actions.server._settings: INFO] Using user-specified datadir: /workspace/actions-cloud/robocorp/temp/a62d53703001534b/pytest-of-agent/pytest-2/popen-gw1/test_import_default_value0/.sema4ai-test-action-server
E       [2026-10-10 20:21:18] [actions.server._cli_impl: INFO] Logs may be found at: /workspace/actions-cloud/robocorp/temp/a62d53703001534b/pytest-of-agent/pytest-2/popen-gw1/test_import_default_value0/.sema4ai-test-action-server/server_log.txt.
E       [2026-10-10 20:21:18] [actions.server._cli_impl: INFO] Database file does not exist. Creating it at: /workspace/actions-cloud/robocorp/temp/a62d53703001534b/pytest-of-agent/pytest-2/popen-gw1/test_import_default_value0/.sema4ai-test-action-server/server.db
E       [2026-10-10 20:21:18] [actions.server._actions_import: DEBUG] Importing action package from: /workspace/actions-cloud/robocorp/temp/a62d53703001534b/pytest-of-agent/pytest-2/popen-gw1/test_import_default_value0/v1/calculator
E       [2026-10-10 20:21:18] [robocorp.log._rewrite_filtering: DEBUG] ROBOT_ROOTS ['/workspace/work/actions-mk3-db-savepoint/developer']
E       
E       [2026-10-10 20:21:18] [robocorp.log._rewrite_filtering: DEBUG] Collecting default library roots.
E       [2026-10-10 20:21:18] [robocorp.log._rewrite_filtering: DEBUG] LIBRARY_ROOTS ['/home/agent/.local/lib/python3.12/site-packages', '/workspace/actions-cloud/robocorp/holotree/c2fd1aa_5a1fac3_9fcd2534/lib/python3.12', '/workspace/work/actions-mk3-canvas-proof/action_server/.venv/lib/python3.12', '/workspace/work/actions-mk3-canvas-proof/action_server/.venv/lib/python3.12/site-packages']
E       
E       [2026-10-10 20:21:18] [actions.server._action_package_handler: INFO] Adding action without a managed environment (package.yaml unavailable).
E           Note: no virtual environment will be used for the imported actions, they'll be run in the same environment used to run the action server.
E       [2026-10-10 20:21:18] [actions.server._actions_import: DEBUG] Collecting actions for Action Package: calculator.
E       Traceback (most recent call last):
E         File "<string>", line 1, in <module>
E       ModuleNotFoundError: No module named 'actions'
E       Traceback (most recent call last):
E         File "<string>", line 1, in <module>
E       ModuleNotFoundError: No module named 'robocorp'
E       Traceback (most recent call last):
E         File "/workspace/work/actions-mk3-db-savepoint/action_server/src/actions/server/_actions_import.py", line 413, in _get_actions_version
E           output = subprocess.check_output(cmdline, env=env, cwd=cwd)
E                    ^^^^^^^^^^^^^^^^^^^^^^^^^^^^^^^^^^^^^^^^^^^^^^^^^^
E         File "/workspace/actions-cloud/robocorp/holotree/c2fd1aa_5a1fac3_9fcd2534/lib/python3.12/subprocess.py", line 466, in check_output
E           return run(*popenargs, stdout=PIPE, timeout=timeout, check=True,
E                  ^^^^^^^^^^^^^^^^^^^^^^^^^^^^^^^^^^^^^^^^^^^^^^^^^^^^^^^^^
E         File "/workspace/actions-cloud/robocorp/holotree/c2fd1aa_5a1fac3_9fcd2534/lib/python3.12/subprocess.py", line 571, in run
E           raise CalledProcessError(retcode, process.args,
E       subprocess.CalledProcessError: Command '['/workspace/actions-cloud/robocorp/holotree/c2fd1aa_5a1fac3_9fcd2534/bin/python3', '-c', 'import actions;print(actions.__version__)']' returned non-zero exit status 1.
E       
E       During handling of the above exception, another exception occurred:
E       
E       Traceback (most recent call last):
E         File "/workspace/work/actions-mk3-db-savepoint/action_server/src/actions/server/__main__.py", line 18, in <module>
E           main(args)
E         File "/workspace/work/actions-mk3-db-savepoint/action_server/src/actions/server/cli.py", line 62, in main
E           retcode = _main_retcode(args)
E                     ^^^^^^^^^^^^^^^^^^^
E         File "/workspace/work/actions-mk3-db-savepoint/action_server/src/actions/server/_cli_impl.py", line 888, in _main_retcode
E           return _command_requiring_datadir(
E                  ^^^^^^^^^^^^^^^^^^^^^^^^^^^
E         File "/workspace/work/actions-mk3-db-savepoint/action_server/src/actions/server/_cli_impl.py", line 1035, in _command_requiring_datadir
E           return _import_actions(
E                  ^^^^^^^^^^^^^^^^
E         File "/workspace/work/actions-mk3-db-savepoint/action_server/src/actions/server/_cli_impl.py", line 670, in _import_actions
E           _actions_import.import_action_packages(
E         File "/workspace/work/actions-mk3-db-savepoint/action_server/src/actions/server/_actions_import.py", line 77, in import_action_packages
E           import_action_package(
E         File "/workspace/work/actions-mk3-db-savepoint/action_server/src/actions/server/_actions_import.py", line 263, in import_action_package
E           actions_library_version = _get_actions_version(
E                                     ^^^^^^^^^^^^^^^^^^^^^
E         File "/workspace/work/actions-mk3-db-savepoint/action_server/src/actions/server/_actions_import.py", line 415, in _get_actions_version
E           raise RuntimeError(msg)
E       RuntimeError: Unable to get actions version.
E       
E       This usually means that `actions` is not installed in the python
E       environment (make sure that `actions`
E       is defined in your `package.yaml`).
E       
E       Python executable being used:
E       /workspace/actions-cloud/robocorp/holotree/c2fd1aa_5a1fac3_9fcd2534/bin/python3
E       
E       
E       
E       === Args:
E       ['/workspace/work/actions-mk3-canvas-proof/action_server/.venv/bin/python', '-m', 'actions.server', 'import', '--dir=/workspace/actions-cloud/robocorp/temp/a62d53703001534b/pytest-of-agent/pytest-2/popen-gw1/test_import_default_value0/v1/calculator', '--db-file=server.db', '-v', '--skip-lint', '--datadir', PosixPath('/workspace/actions-cloud/robocorp/temp/a62d53703001534b/pytest-of-agent/pytest-2/popen-gw1/test_import_default_value0/.sema4ai-test-action-server')]

../src/actions/server/_selftest.py:523: AssertionError

action_server_tests/test_server.py::test_run_summary_state_selects_only_summary_columns 
[gw1] [ 53%] PASSED action_server_tests/test_server.py::test_run_summary_state_selects_only_summary_columns 
action_server_tests/test_server.py::test_run_summary_invalid_database_text_returns_service_unavailable 
[gw1] [ 53%] PASSED action_server_tests/test_server.py::test_run_summary_invalid_database_text_returns_service_unavailable 
action_server_tests/test_server.py::test_run_summary_fields_have_a_finite_page_budget 
[gw1] [ 54%] PASSED action_server_tests/test_server.py::test_run_summary_fields_have_a_finite_page_budget 
action_server_tests/test_server.py::test_run_api_openapi_distinguishes_legacy_summary_and_detail_contracts 
[gw1] [ 54%] PASSED action_server_tests/test_server.py::test_run_api_openapi_distinguishes_legacy_summary_and_detail_contracts 
action_server_tests/test_server.py::test_configured_api_key_rejects_before_body_receive 
[gw1] [ 54%] PASSED action_server_tests/test_server.py::test_configured_api_key_rejects_before_body_receive 
action_server_tests/test_server_cors.py::test_configured_origin_is_allowed_by_assembled_http_cors 
[gw1] [ 54%] PASSED action_server_tests/test_server_cors.py::test_configured_origin_is_allowed_by_assembled_http_cors 
action_server_tests/test_server_cors.py::test_cors_allow_origin_cli_option_is_repeatable 
[gw1] [ 54%] PASSED action_server_tests/test_server_cors.py::test_cors_allow_origin_cli_option_is_repeatable 
action_server_tests/test_server_cors.py::test_default_cors_is_fail_closed_for_cross_origin_requests 
[gw1] [ 54%] PASSED action_server_tests/test_server_cors.py::test_default_cors_is_fail_closed_for_cross_origin_requests 
action_server_tests/test_server_cors.py::test_cors_rejects_non_exact_origins[http://allowed.example:81] 
[gw1] [ 54%] PASSED action_server_tests/test_server_cors.py::test_cors_rejects_non_exact_origins[http://allowed.example:81] 
action_server_tests/test_server_cors.py::test_cors_rejects_non_exact_origins[https://allowed.example] 
[gw1] [ 54%] PASSED action_server_tests/test_server_cors.py::test_cors_rejects_non_exact_origins[https://allowed.example] 
action_server_tests/test_server_cors.py::test_cors_rejects_non_exact_origins[http://evilallowed.example] 
[gw1] [ 54%] PASSED action_server_tests/test_server_cors.py::test_cors_rejects_non_exact_origins[http://evilallowed.example] 
action_server_tests/test_server_cors.py::test_cors_rejects_non_exact_origins[http://allowed.example.evil] 
[gw1] [ 54%] PASSED action_server_tests/test_server_cors.py::test_cors_rejects_non_exact_origins[http://allowed.example.evil] 
action_server_tests/test_server_cors.py::test_cors_rejects_non_exact_origins[http://allowed.example/path] 
[gw1] [ 54%] PASSED action_server_tests/test_server_cors.py::test_cors_rejects_non_exact_origins[http://allowed.example/path] 
action_server_tests/test_server_cors.py::test_cors_rejects_non_exact_origins[http://allowed.example?query=1] 
[gw1] [ 55%] PASSED action_server_tests/test_server_cors.py::test_cors_rejects_non_exact_origins[http://allowed.example?query=1] 
action_server_tests/test_server_cors.py::test_cors_rejects_non_exact_origins[http://user:pass@allowed.example] 
[gw1] [ 55%] PASSED action_server_tests/test_server_cors.py::test_cors_rejects_non_exact_origins[http://user:pass@allowed.example] 
action_server_tests/test_server_cors.py::test_cors_rejects_non_exact_origins[null] 
[gw1] [ 55%] PASSED action_server_tests/test_server_cors.py::test_cors_rejects_non_exact_origins[null] 
action_server_tests/test_server_cors.py::test_cors_rejects_non_exact_origins[not-an-origin] 
[gw1] [ 55%] PASSED action_server_tests/test_server_cors.py::test_cors_rejects_non_exact_origins[not-an-origin] 
action_server_tests/test_server_cors.py::test_cors_uses_effective_port_for_preflight_and_simple_responses 
[gw1] [ 55%] PASSED action_server_tests/test_server_cors.py::test_cors_uses_effective_port_for_preflight_and_simple_responses 
action_server_tests/test_server_cors.py::test_cors_preflight_is_independent_of_api_key_authentication 
[gw1] [ 55%] PASSED action_server_tests/test_server_cors.py::test_cors_preflight_is_independent_of_api_key_authentication 
action_server_tests/test_server_cors.py::test_unhandled_error_cors_headers_use_the_same_allowlist 
[gw1] [ 55%] PASSED action_server_tests/test_server_cors.py::test_unhandled_error_cors_headers_use_the_same_allowlist 
action_server_tests/test_server_cors.py::test_assembled_websocket_rejects_disallowed_origins[http://denied.example] 
[gw1] [ 55%] PASSED action_server_tests/test_server_cors.py::test_assembled_websocket_rejects_disallowed_origins[http://denied.example] 
action_server_tests/test_server_cors.py::test_assembled_websocket_rejects_disallowed_origins[http://allowed.example:81] 
[gw1] [ 55%] PASSED action_server_tests/test_server_cors.py::test_assembled_websocket_rejects_disallowed_origins[http://allowed.example:81] 
action_server_tests/test_server_cors.py::test_assembled_websocket_rejects_disallowed_origins[null] 
[gw1] [ 55%] PASSED action_server_tests/test_server_cors.py::test_assembled_websocket_rejects_disallowed_origins[null] 
action_server_tests/test_server_cors.py::test_assembled_websocket_rejects_disallowed_origins[http://allowed.example/path] 
[gw1] [ 55%] PASSED action_server_tests/test_server_cors.py::test_assembled_websocket_rejects_disallowed_origins[http://allowed.example/path] 
action_server_tests/test_server_cors.py::test_assembled_websocket_allows_effective_port_and_no_origin 
[gw1] [ 56%] PASSED action_server_tests/test_server_cors.py::test_assembled_websocket_allows_effective_port_and_no_origin 
action_server_tests/test_server_cors.py::test_assembled_websocket_allows_same_origin_with_empty_cross_origin_allowlist 
[gw1] [ 56%] PASSED action_server_tests/test_server_cors.py::test_assembled_websocket_allows_same_origin_with_empty_cross_origin_allowlist 
action_server_tests/test_server_cors.py::test_invalid_configured_origin_fails_closed_without_echoing_value 
[gw1] [ 56%] PASSED action_server_tests/test_server_cors.py::test_invalid_configured_origin_fails_closed_without_echoing_value 
action_server_tests/test_server_cors.py::test_request_origin_keeps_loopback_authorities_distinct[socket-localhost-localhost] 
[gw1] [ 56%] PASSED action_server_tests/test_server_cors.py::test_request_origin_keeps_loopback_authorities_distinct[socket-localhost-localhost] 
action_server_tests/test_server_cors.py::test_request_origin_keeps_loopback_authorities_distinct[socket-localhost-127.0.0.1] 
[gw1] [ 56%] PASSED action_server_tests/test_server_cors.py::test_request_origin_keeps_loopback_authorities_distinct[socket-localhost-127.0.0.1] 
action_server_tests/test_server_cors.py::test_request_origin_keeps_loopback_authorities_distinct[socket-localhost-[::1]] 
[gw1] [ 56%] PASSED action_server_tests/test_server_cors.py::test_request_origin_keeps_loopback_authorities_distinct[socket-localhost-[::1]] 
action_server_tests/test_server_cors.py::test_request_origin_keeps_loopback_authorities_distinct[socket-localhost-127.77.88.99] 
[gw1] [ 56%] PASSED action_server_tests/test_server_cors.py::test_request_origin_keeps_loopback_authorities_distinct[socket-localhost-127.77.88.99] 
action_server_tests/test_server_cors.py::test_request_origin_keeps_loopback_authorities_distinct[socket-127.0.0.1-localhost] 
[gw1] [ 56%] PASSED action_server_tests/test_server_cors.py::test_request_origin_keeps_loopback_authorities_distinct[socket-127.0.0.1-localhost] 
action_server_tests/test_server_cors.py::test_request_origin_keeps_loopback_authorities_distinct[socket-127.0.0.1-127.0.0.1] 
[gw1] [ 56%] PASSED action_server_tests/test_server_cors.py::test_request_origin_keeps_loopback_authorities_distinct[socket-127.0.0.1-127.0.0.1] 
action_server_tests/test_server_cors.py::test_request_origin_keeps_loopback_authorities_distinct[socket-127.0.0.1-[::1]] 
[gw1] [ 56%] PASSED action_server_tests/test_server_cors.py::test_request_origin_keeps_loopback_authorities_distinct[socket-127.0.0.1-[::1]] 
action_server_tests/test_server_cors.py::test_request_origin_keeps_loopback_authorities_distinct[socket-127.0.0.1-127.77.88.99] 
[gw1] [ 56%] PASSED action_server_tests/test_server_cors.py::test_request_origin_keeps_loopback_authorities_distinct[socket-127.0.0.1-127.77.88.99] 
action_server_tests/test_server_cors.py::test_request_origin_keeps_loopback_authorities_distinct[socket-[::1]-localhost] 
[gw1] [ 57%] PASSED action_server_tests/test_server_cors.py::test_request_origin_keeps_loopback_authorities_distinct[socket-[::1]-localhost] 
action_server_tests/test_server_cors.py::test_request_origin_keeps_loopback_authorities_distinct[socket-[::1]-127.0.0.1] 
[gw1] [ 57%] PASSED action_server_tests/test_server_cors.py::test_request_origin_keeps_loopback_authorities_distinct[socket-[::1]-127.0.0.1] 
action_server_tests/test_server_cors.py::test_request_origin_keeps_loopback_authorities_distinct[socket-[::1]-[::1]] 
[gw1] [ 57%] PASSED action_server_tests/test_server_cors.py::test_request_origin_keeps_loopback_authorities_distinct[socket-[::1]-[::1]] 
action_server_tests/test_server_cors.py::test_request_origin_keeps_loopback_authorities_distinct[socket-[::1]-127.77.88.99] 
[gw1] [ 57%] PASSED action_server_tests/test_server_cors.py::test_request_origin_keeps_loopback_authorities_distinct[socket-[::1]-127.77.88.99] 
action_server_tests/test_server_cors.py::test_request_origin_keeps_loopback_authorities_distinct[socket-127.77.88.99-localhost] 
[gw1] [ 57%] PASSED action_server_tests/test_server_cors.py::test_request_origin_keeps_loopback_authorities_distinct[socket-127.77.88.99-localhost] 
action_server_tests/test_server_cors.py::test_request_origin_keeps_loopback_authorities_distinct[socket-127.77.88.99-127.0.0.1] 
[gw1] [ 57%] PASSED action_server_tests/test_server_cors.py::test_request_origin_keeps_loopback_authorities_distinct[socket-127.77.88.99-127.0.0.1] 
action_server_tests/test_server_cors.py::test_request_origin_keeps_loopback_authorities_distinct[socket-127.77.88.99-[::1]] 
[gw1] [ 57%] PASSED action_server_tests/test_server_cors.py::test_request_origin_keeps_loopback_authorities_distinct[socket-127.77.88.99-[::1]] 
action_server_tests/test_server_cors.py::test_request_origin_keeps_loopback_authorities_distinct[socket-127.77.88.99-127.77.88.99] 
[gw1] [ 57%] PASSED action_server_tests/test_server_cors.py::test_request_origin_keeps_loopback_authorities_distinct[socket-127.77.88.99-127.77.88.99] 
action_server_tests/test_server_cors.py::test_request_origin_keeps_loopback_authorities_distinct[configured-localhost-localhost] 
[gw1] [ 57%] PASSED action_server_tests/test_server_cors.py::test_request_origin_keeps_loopback_authorities_distinct[configured-localhost-localhost] 
action_server_tests/test_server_cors.py::test_request_origin_keeps_loopback_authorities_distinct[configured-localhost-127.0.0.1] 
[gw1] [ 57%] PASSED action_server_tests/test_server_cors.py::test_request_origin_keeps_loopback_authorities_distinct[configured-localhost-127.0.0.1] 
action_server_tests/test_server_cors.py::test_request_origin_keeps_loopback_authorities_distinct[configured-localhost-[::1]] 
[gw1] [ 57%] PASSED action_server_tests/test_server_cors.py::test_request_origin_keeps_loopback_authorities_distinct[configured-localhost-[::1]] 
action_server_tests/test_server_cors.py::test_request_origin_keeps_loopback_authorities_distinct[configured-localhost-127.77.88.99] 
[gw1] [ 58%] PASSED action_server_tests/test_server_cors.py::test_request_origin_keeps_loopback_authorities_distinct[configured-localhost-127.77.88.99] 
action_server_tests/test_server_cors.py::test_request_origin_keeps_loopback_authorities_distinct[configured-127.0.0.1-localhost] 
[gw1] [ 58%] PASSED action_server_tests/test_server_cors.py::test_request_origin_keeps_loopback_authorities_distinct[configured-127.0.0.1-localhost] 
action_server_tests/test_server_cors.py::test_request_origin_keeps_loopback_authorities_distinct[configured-127.0.0.1-127.0.0.1] 
[gw1] [ 58%] PASSED action_server_tests/test_server_cors.py::test_request_origin_keeps_loopback_authorities_distinct[configured-127.0.0.1-127.0.0.1] 
action_server_tests/test_server_cors.py::test_request_origin_keeps_loopback_authorities_distinct[configured-127.0.0.1-[::1]] 
[gw1] [ 58%] PASSED action_server_tests/test_server_cors.py::test_request_origin_keeps_loopback_authorities_distinct[configured-127.0.0.1-[::1]] 
action_server_tests/test_server_cors.py::test_request_origin_keeps_loopback_authorities_distinct[configured-127.0.0.1-127.77.88.99] 
[gw1] [ 58%] PASSED action_server_tests/test_server_cors.py::test_request_origin_keeps_loopback_authorities_distinct[configured-127.0.0.1-127.77.88.99] 
action_server_tests/test_server_cors.py::test_request_origin_keeps_loopback_authorities_distinct[configured-[::1]-localhost] 
[gw1] [ 58%] PASSED action_server_tests/test_server_cors.py::test_request_origin_keeps_loopback_authorities_distinct[configured-[::1]-localhost] 
action_server_tests/test_server_cors.py::test_request_origin_keeps_loopback_authorities_distinct[configured-[::1]-127.0.0.1] 
[gw1] [ 58%] PASSED action_server_tests/test_server_cors.py::test_request_origin_keeps_loopback_authorities_distinct[configured-[::1]-127.0.0.1] 
action_server_tests/test_server_cors.py::test_request_origin_keeps_loopback_authorities_distinct[configured-[::1]-[::1]] 
[gw1] [ 58%] PASSED action_server_tests/test_server_cors.py::test_request_origin_keeps_loopback_authorities_distinct[configured-[::1]-[::1]] 
action_server_tests/test_server_cors.py::test_request_origin_keeps_loopback_authorities_distinct[configured-[::1]-127.77.88.99] 
[gw1] [ 58%] PASSED action_server_tests/test_server_cors.py::test_request_origin_keeps_loopback_authorities_distinct[configured-[::1]-127.77.88.99] 
action_server_tests/test_server_cors.py::test_request_origin_keeps_loopback_authorities_distinct[configured-127.77.88.99-localhost] 
[gw1] [ 58%] PASSED action_server_tests/test_server_cors.py::test_request_origin_keeps_loopback_authorities_distinct[configured-127.77.88.99-localhost] 
action_server_tests/test_server_cors.py::test_request_origin_keeps_loopback_authorities_distinct[configured-127.77.88.99-127.0.0.1] 
[gw1] [ 59%] PASSED action_server_tests/test_server_cors.py::test_request_origin_keeps_loopback_authorities_distinct[configured-127.77.88.99-127.0.0.1] 
action_server_tests/test_server_cors.py::test_request_origin_keeps_loopback_authorities_distinct[configured-127.77.88.99-[::1]] 
[gw1] [ 59%] PASSED action_server_tests/test_server_cors.py::test_request_origin_keeps_loopback_authorities_distinct[configured-127.77.88.99-[::1]] 
action_server_tests/test_server_cors.py::test_request_origin_keeps_loopback_authorities_distinct[configured-127.77.88.99-127.77.88.99] 
[gw1] [ 59%] PASSED action_server_tests/test_server_cors.py::test_request_origin_keeps_loopback_authorities_distinct[configured-127.77.88.99-127.77.88.99] 
action_server_tests/test_server_cors.py::test_request_origin_can_explicitly_allow_an_additional_loopback_authority 
[gw1] [ 59%] PASSED action_server_tests/test_server_cors.py::test_request_origin_can_explicitly_allow_an_additional_loopback_authority 
action_server_tests/test_server_cors.py::test_assembled_websocket_rejects_loopback_alias_without_explicit_authority[http://localhost:8087] 
[gw1] [ 59%] PASSED action_server_tests/test_server_cors.py::test_assembled_websocket_rejects_loopback_alias_without_explicit_authority[http://localhost:8087] 
action_server_tests/test_server_cors.py::test_assembled_websocket_rejects_loopback_alias_without_explicit_authority[http://[::1]:8087] 
[gw1] [ 59%] PASSED action_server_tests/test_server_cors.py::test_assembled_websocket_rejects_loopback_alias_without_explicit_authority[http://[::1]:8087] 
action_server_tests/test_server_websockets.py::test_run_websocket_events_publish_summaries_only 
[gw1] [ 59%] PASSED action_server_tests/test_server_websockets.py::test_run_websocket_events_publish_summaries_only 
action_server_tests/test_server_websockets.py::test_summary_only_websocket_events_never_serialize_legacy_run_payloads 
[gw1] [ 59%] PASSED action_server_tests/test_server_websockets.py::test_summary_only_websocket_events_never_serialize_legacy_run_payloads 
action_server_tests/test_server_websockets.py::test_run_change_cache_snapshots_do_not_copy_large_payload_strings 
[gw1] [ 59%] PASSED action_server_tests/test_server_websockets.py::test_run_change_cache_snapshots_do_not_copy_large_payload_strings 
action_server_tests/test_server_websockets.py::test_summary_websocket_invalid_snapshot_reports_safe_unavailable_state 
[gw1] [ 59%] PASSED action_server_tests/test_server_websockets.py::test_summary_websocket_invalid_snapshot_reports_safe_unavailable_state 
action_server_tests/test_server_websockets.py::test_websocket_emit_routes_legacy_and_summary_payloads_by_connection 
[gw1] [ 59%] PASSED action_server_tests/test_server_websockets.py::test_websocket_emit_routes_legacy_and_summary_payloads_by_connection 
action_server_tests/test_server_whitelist.py::test_whitelist_exact_match 
[gw1] [ 60%] PASSED action_server_tests/test_server_whitelist.py::test_whitelist_exact_match 
action_server_tests/test_server_whitelist.py::test_whitelist_package_match 
[gw1] [ 60%] PASSED action_server_tests/test_server_whitelist.py::test_whitelist_package_match 
action_server_tests/test_server_whitelist.py::test_whitelist_wildcard_match 
[gw1] [ 60%] PASSED action_server_tests/test_server_whitelist.py::test_whitelist_wildcard_match 
action_server_tests/test_server_whitelist.py::test_whitelist_multiple_patterns 
[gw1] [ 60%] PASSED action_server_tests/test_server_whitelist.py::test_whitelist_multiple_patterns 
action_server_tests/test_server_whitelist.py::test_whitelist_hyphen_underscore_match 
[gw1] [ 60%] PASSED action_server_tests/test_server_whitelist.py::test_whitelist_hyphen_underscore_match 
action_server_tests/test_sorting_robolog.py::test_sorting_robolog 
[gw1] [ 60%] PASSED action_server_tests/test_sorting_robolog.py::test_sorting_robolog 
action_server_tests/test_sqlite_commit_admission.py::test_nondurable_commit_failure_rolls_back_same_connection 
[gw1] [ 60%] PASSED action_server_tests/test_sqlite_commit_admission.py::test_nondurable_commit_failure_rolls_back_same_connection 
action_server_tests/test_sqlite_commit_admission.py::test_batch_commit_failure_rolls_back_staging_without_publication 
[gw1] [ 60%] PASSED action_server_tests/test_sqlite_commit_admission.py::test_batch_commit_failure_rolls_back_staging_without_publication 
action_server_tests/test_sqlite_commit_admission.py::test_rollback_failure_preserves_original_commit_error 
[gw1] [ 60%] PASSED action_server_tests/test_sqlite_commit_admission.py::test_rollback_failure_preserves_original_commit_error 
action_server_tests/test_template_bundle.py::test_template_bundle_generation_is_byte_for_byte_deterministic 
[gw1] [ 60%] PASSED action_server_tests/test_template_bundle.py::test_template_bundle_generation_is_byte_for_byte_deterministic 
action_server_tests/test_template_bundle.py::test_generated_template_archive_omits_local_state_and_keeps_authored_devdata 
[gw1] [ 60%] PASSED action_server_tests/test_template_bundle.py::test_generated_template_archive_omits_local_state_and_keeps_authored_devdata 
action_server_tests/test_template_bundle.py::test_existing_template_archives_retain_authored_devdata 
[gw1] [ 61%] PASSED action_server_tests/test_template_bundle.py::test_existing_template_archives_retain_authored_devdata 
action_server_tests/test_template_bundle.py::test_embedded_metadata_covers_all_production_templates 
[gw1] [ 61%] PASSED action_server_tests/test_template_bundle.py::test_embedded_metadata_covers_all_production_templates 
action_server_tests/test_template_bundle.py::test_beta_inventory_remains_a_separate_selected_subset 
[gw1] [ 61%] PASSED action_server_tests/test_template_bundle.py::test_beta_inventory_remains_a_separate_selected_subset 
action_server_tests/test_template_bundle.py::test_mcp_v2_showcase_is_in_the_generated_offline_bundle 
[gw1] [ 61%] PASSED action_server_tests/test_template_bundle.py::test_mcp_v2_showcase_is_in_the_generated_offline_bundle 
action_server_tests/test_template_bundle.py::test_embedded_templates_are_available_without_network_transport 
[gw1] [ 61%] PASSED action_server_tests/test_template_bundle.py::test_embedded_templates_are_available_without_network_transport 
action_server_tests/test_template_bundle.py::test_symlinked_template_cache_is_reseeded_without_writing_target 
[gw1] [ 61%] PASSED action_server_tests/test_template_bundle.py::test_symlinked_template_cache_is_reseeded_without_writing_target 
action_server_tests/test_template_bundle.py::test_malformed_template_metadata_is_invalid_without_raising[templates0] 
[gw1] [ 61%] PASSED action_server_tests/test_template_bundle.py::test_malformed_template_metadata_is_invalid_without_raising[templates0] 
action_server_tests/test_template_bundle.py::test_malformed_template_metadata_is_invalid_without_raising[None] 
[gw1] [ 61%] PASSED action_server_tests/test_template_bundle.py::test_malformed_template_metadata_is_invalid_without_raising[None] 
action_server_tests/test_template_bundle.py::test_parseable_template_metadata_validation_error_is_invalid_without_raising 
[gw1] [ 61%] PASSED action_server_tests/test_template_bundle.py::test_parseable_template_metadata_validation_error_is_invalid_without_raising 
action_server_tests/test_template_bundle.py::test_template_metadata_read_error_is_treated_as_missing 
[gw1] [ 61%] PASSED action_server_tests/test_template_bundle.py::test_template_metadata_read_error_is_treated_as_missing 
action_server_tests/test_template_bundle.py::test_malformed_local_metadata_is_reseeded_from_embedded_bundle 
[gw1] [ 61%] PASSED action_server_tests/test_template_bundle.py::test_malformed_local_metadata_is_reseeded_from_embedded_bundle 
action_server_tests/test_template_bundle.py::test_invalid_template_archive_never_writes_outside_destination 
[gw1] [ 62%] PASSED action_server_tests/test_template_bundle.py::test_invalid_template_archive_never_writes_outside_destination 
action_server_tests/test_template_bundle.py::test_duplicate_bundle_member_is_rejected 
[gw1] [ 62%] PASSED action_server_tests/test_template_bundle.py::test_duplicate_bundle_member_is_rejected 
action_server_tests/test_watcher_shutdown.py::test_watcher_stop_observed_before_next_reload 
[gw1] [ 62%] PASSED action_server_tests/test_watcher_shutdown.py::test_watcher_stop_observed_before_next_reload 
action_server_tests/test_watcher_shutdown.py::test_watcher_join_does_not_block_loop_needed_by_callback 
[gw1] [ 62%] PASSED action_server_tests/test_watcher_shutdown.py::test_watcher_join_does_not_block_loop_needed_by_callback 
action_server_tests/test_watcher_shutdown.py::test_unstarted_watcher_can_be_stopped_repeatedly 
[gw1] [ 62%] PASSED action_server_tests/test_watcher_shutdown.py::test_unstarted_watcher_can_be_stopped_repeatedly 
action_server_tests/test_watcher_shutdown.py::test_lifespan_joins_watcher_off_loop_before_other_teardown 
[gw1] [ 62%] PASSED action_server_tests/test_watcher_shutdown.py::test_lifespan_joins_watcher_off_loop_before_other_teardown 
action_server_tests/test_watcher_shutdown.py::test_lifespan_reports_stuck_watcher_and_test_releases_thread 
[gw1] [ 62%] PASSED action_server_tests/test_watcher_shutdown.py::test_lifespan_reports_stuck_watcher_and_test_releases_thread 
action_server_tests/test_watcher_shutdown.py::test_lifespan_handles_watcher_that_never_started 
[gw1] [ 62%] PASSED action_server_tests/test_watcher_shutdown.py::test_lifespan_handles_watcher_that_never_started 
action_server_tests/test_work_items_import.py::test_locate_work_items_package_prefers_copied_package 
[gw1] [ 62%] PASSED action_server_tests/test_work_items_import.py::test_locate_work_items_package_prefers_copied_package 
action_server_tests/test_work_items_import.py::test_locate_work_items_package_resolves_editable_direct_url[src/actions/work_items] 
[gw1] [ 62%] PASSED action_server_tests/test_work_items_import.py::test_locate_work_items_package_resolves_editable_direct_url[src/actions/work_items] 
action_server_tests/test_work_items_import.py::test_locate_work_items_package_resolves_editable_direct_url[actions/work_items] 
[gw1] [ 62%] PASSED action_server_tests/test_work_items_import.py::test_locate_work_items_package_resolves_editable_direct_url[actions/work_items] 
action_server_tests/test_work_items_import.py::test_locate_work_items_package_rejects_untrusted_editable_metadata[not json] 
[gw1] [ 63%] PASSED action_server_tests/test_work_items_import.py::test_locate_work_items_package_rejects_untrusted_editable_metadata[not json] 
action_server_tests/test_work_items_import.py::test_locate_work_items_package_rejects_untrusted_editable_metadata[{"url": "https://example.invalid/work-items", "dir_info": {"editable": true}}] 
[gw1] [ 63%] PASSED action_server_tests/test_work_items_import.py::test_locate_work_items_package_rejects_untrusted_editable_metadata[{"url": "https://example.invalid/work-items", "dir_info": {"editable": true}}] 
action_server_tests/test_work_items_import.py::test_locate_work_items_package_rejects_untrusted_editable_metadata[{"url": "file:///tmp/work-items", "dir_info": {"editable": false}}] 
[gw1] [ 63%] PASSED action_server_tests/test_work_items_import.py::test_locate_work_items_package_rejects_untrusted_editable_metadata[{"url": "file:///tmp/work-items", "dir_info": {"editable": false}}] 
action_server_tests/test_work_items_import.py::test_locate_work_items_package_rejects_untrusted_editable_metadata[{"url": "file:///bad%00path", "dir_info": {"editable": true}}] 
[gw1] [ 63%] PASSED action_server_tests/test_work_items_import.py::test_locate_work_items_package_rejects_untrusted_editable_metadata[{"url": "file:///bad%00path", "dir_info": {"editable": true}}] 
action_server_tests/test_work_items_import.py::test_locate_work_items_package_rejects_editable_root_without_initializer 
[gw1] [ 63%] PASSED action_server_tests/test_work_items_import.py::test_locate_work_items_package_rejects_editable_root_without_initializer 
action_server_tests/test_work_items_import.py::test_failed_loader_clears_private_children_and_can_retry 
[gw1] [ 63%] PASSED action_server_tests/test_work_items_import.py::test_failed_loader_clears_private_children_and_can_retry 
action_server_tests/test_worker_core_floor.py::test_old_actions_core_worker_reports_required_upgrade 
[gw1] [ 63%] PASSED action_server_tests/test_worker_core_floor.py::test_old_actions_core_worker_reports_required_upgrade 
build_system_tests/test_build_artifact.py::test_compute_sha256_is_deterministic 
[gw1] [ 63%] PASSED build_system_tests/test_build_artifact.py::test_compute_sha256_is_deterministic 
build_system_tests/test_build_artifact.py::test_build_artifact_records_public_metadata 
[gw1] [ 63%] PASSED build_system_tests/test_build_artifact.py::test_build_artifact_records_public_metadata 
build_system_tests/test_build_artifact.py::test_build_artifact_requires_existing_sbom 
[gw1] [ 63%] PASSED build_system_tests/test_build_artifact.py::test_build_artifact_requires_existing_sbom 
build_system_tests/test_package_manifest.py::test_loads_and_validates_canonical_manifest 
[gw1] [ 63%] PASSED build_system_tests/test_package_manifest.py::test_loads_and_validates_canonical_manifest 
build_system_tests/test_package_manifest.py::test_rejects_private_product_dependency 
[gw1] [ 64%] PASSED build_system_tests/test_package_manifest.py::test_rejects_private_product_dependency 
build_system_tests/test_package_manifest.py::test_allows_public_scoped_dependency[@codemirror/view] 
[gw1] [ 64%] PASSED build_system_tests/test_package_manifest.py::test_allows_public_scoped_dependency[@codemirror/view] 
build_system_tests/test_package_manifest.py::test_allows_public_scoped_dependency[@radix-ui/react-dialog] 
[gw1] [ 64%] PASSED build_system_tests/test_package_manifest.py::test_allows_public_scoped_dependency[@radix-ui/react-dialog] 
build_system_tests/test_package_manifest.py::test_rejects_prohibited_product_dependency_or_registry[dependency0] 
[gw1] [ 64%] PASSED build_system_tests/test_package_manifest.py::test_rejects_prohibited_product_dependency_or_registry[dependency0] 
build_system_tests/test_package_manifest.py::test_rejects_prohibited_product_dependency_or_registry[dependency1] 
[gw1] [ 64%] PASSED build_system_tests/test_package_manifest.py::test_rejects_prohibited_product_dependency_or_registry[dependency1] 
build_system_tests/test_package_manifest.py::test_rejects_prohibited_product_dependency_or_registry[dependency2] 
[gw1] [ 64%] PASSED build_system_tests/test_package_manifest.py::test_rejects_prohibited_product_dependency_or_registry[dependency2] 
build_system_tests/test_package_resolver.py::test_validates_canonical_frontend_contract 
[gw1] [ 64%] PASSED build_system_tests/test_package_resolver.py::test_validates_canonical_frontend_contract 
build_system_tests/test_package_resolver.py::test_rejects_missing_lock 
[gw1] [ 64%] PASSED build_system_tests/test_package_resolver.py::test_rejects_missing_lock 
build_system_tests/test_tree_shaker.py::TestScanImports::test_detect_enterprise_import_in_core_file 
[gw1] [ 64%] PASSED build_system_tests/test_tree_shaker.py::TestScanImports::test_detect_enterprise_import_in_core_file 
build_system_tests/test_tree_shaker.py::TestScanImports::test_detect_multiple_enterprise_imports 
[gw1] [ 64%] PASSED build_system_tests/test_tree_shaker.py::TestScanImports::test_detect_multiple_enterprise_imports 
build_system_tests/test_tree_shaker.py::TestScanImports::test_detect_enterprise_path_import 
[gw1] [ 65%] PASSED build_system_tests/test_tree_shaker.py::TestScanImports::test_detect_enterprise_path_import 
build_system_tests/test_tree_shaker.py::TestScanImports::test_no_violation_for_core_imports 
[gw1] [ 65%] PASSED build_system_tests/test_tree_shaker.py::TestScanImports::test_no_violation_for_core_imports 
build_system_tests/test_tree_shaker.py::TestScanImports::test_enterprise_path_does_not_bypass_import_validation 
[gw1] [ 65%] PASSED build_system_tests/test_tree_shaker.py::TestScanImports::test_enterprise_path_does_not_bypass_import_validation 
build_system_tests/test_tree_shaker.py::TestScanImports::test_scan_directory_scans_shipped_text_extensions[html] 
[gw1] [ 65%] PASSED build_system_tests/test_tree_shaker.py::TestScanImports::test_scan_directory_scans_shipped_text_extensions[html] 
build_system_tests/test_tree_shaker.py::TestScanImports::test_scan_directory_scans_shipped_text_extensions[js] 
[gw1] [ 65%] PASSED build_system_tests/test_tree_shaker.py::TestScanImports::test_scan_directory_scans_shipped_text_extensions[js] 
build_system_tests/test_tree_shaker.py::TestScanImports::test_scan_directory_scans_shipped_text_extensions[jsx] 
[gw1] [ 65%] PASSED build_system_tests/test_tree_shaker.py::TestScanImports::test_scan_directory_scans_shipped_text_extensions[jsx] 
build_system_tests/test_tree_shaker.py::TestScanImports::test_scan_directory_scans_shipped_text_extensions[ts] 
[gw1] [ 65%] PASSED build_system_tests/test_tree_shaker.py::TestScanImports::test_scan_directory_scans_shipped_text_extensions[ts] 
build_system_tests/test_tree_shaker.py::TestScanImports::test_scan_directory_scans_shipped_text_extensions[tsx] 
[gw1] [ 65%] PASSED build_system_tests/test_tree_shaker.py::TestScanImports::test_scan_directory_scans_shipped_text_extensions[tsx] 
build_system_tests/test_tree_shaker.py::TestScanImports::test_scan_directory_scans_shipped_text_extensions[mjs] 
[gw1] [ 65%] PASSED build_system_tests/test_tree_shaker.py::TestScanImports::test_scan_directory_scans_shipped_text_extensions[mjs] 
build_system_tests/test_tree_shaker.py::TestScanImports::test_scan_directory_scans_shipped_text_extensions[cjs] 
[gw1] [ 65%] PASSED build_system_tests/test_tree_shaker.py::TestScanImports::test_scan_directory_scans_shipped_text_extensions[cjs] 
build_system_tests/test_tree_shaker.py::TestScanImports::test_scan_directory_scans_shipped_text_extensions[css] 
[gw1] [ 65%] PASSED build_system_tests/test_tree_shaker.py::TestScanImports::test_scan_directory_scans_shipped_text_extensions[css] 
build_system_tests/test_tree_shaker.py::TestScanImports::test_scan_directory_ignores_non_source_assets 
[gw1] [ 66%] PASSED build_system_tests/test_tree_shaker.py::TestScanImports::test_scan_directory_ignores_non_source_assets 
build_system_tests/test_tree_shaker.py::TestDetectRemovedProductImports::test_detect_sema4ai_import_in_bundle 
[gw1] [ 66%] PASSED build_system_tests/test_tree_shaker.py::TestDetectRemovedProductImports::test_detect_sema4ai_import_in_bundle 
build_system_tests/test_tree_shaker.py::TestDetectRemovedProductImports::test_detect_enterprise_path_in_bundle 
[gw1] [ 66%] PASSED build_system_tests/test_tree_shaker.py::TestDetectRemovedProductImports::test_detect_enterprise_path_in_bundle 
build_system_tests/test_tree_shaker.py::TestDetectRemovedProductImports::test_no_violation_for_clean_community_bundle 
[gw1] [ 66%] PASSED build_system_tests/test_tree_shaker.py::TestDetectRemovedProductImports::test_no_violation_for_clean_community_bundle 
build_system_tests/test_tree_shaker.py::TestDetectRemovedProductImports::test_scan_minified_bundle 
[gw1] [ 66%] PASSED build_system_tests/test_tree_shaker.py::TestDetectRemovedProductImports::test_scan_minified_bundle 
build_system_tests/test_tree_shaker.py::TestImportViolation::test_violation_has_required_fields 
[gw1] [ 66%] PASSED build_system_tests/test_tree_shaker.py::TestImportViolation::test_violation_has_required_fields 
build_system_tests/test_tree_shaker.py::TestImportViolation::test_violation_severity_error_or_warning 
[gw1] [ 66%] PASSED build_system_tests/test_tree_shaker.py::TestImportViolation::test_violation_severity_error_or_warning 
build_system_tests/test_tree_shaker.py::TestFeatureBoundaryEnforcement::test_enforce_boundaries_blocks_enterprise_in_core 
[gw1] [ 66%] PASSED build_system_tests/test_tree_shaker.py::TestFeatureBoundaryEnforcement::test_enforce_boundaries_blocks_enterprise_in_core 
build_system_tests/test_tree_shaker.py::TestFeatureBoundaryEnforcement::test_enterprise_features_are_not_exempt_in_enterprise_dir 
[gw1] [ 66%] PASSED build_system_tests/test_tree_shaker.py::TestFeatureBoundaryEnforcement::test_enterprise_features_are_not_exempt_in_enterprise_dir 
build_system_tests/test_tree_shaker.py::TestTreeShakerIntegration::test_scan_entire_core_directory 
[gw1] [ 66%] PASSED build_system_tests/test_tree_shaker.py::TestTreeShakerIntegration::test_scan_entire_core_directory 
build_system_tests/test_tree_shaker.py::TestTreeShakerIntegration::test_generate_violation_report 
[gw1] [ 66%] PASSED build_system_tests/test_tree_shaker.py::TestTreeShakerIntegration::test_generate_violation_report 
build_system_tests/test_tree_shaker.py::TestTreeShakerIntegration::test_scan_directory_reports_prohibited_imports_in_built_tree 
[gw1] [ 67%] PASSED build_system_tests/test_tree_shaker.py::TestTreeShakerIntegration::test_scan_directory_reports_prohibited_imports_in_built_tree 
build_system_tests/test_tree_shaker.py::TestTreeShakerIntegration::test_detect_removed_product_imports_does_not_swallow_read_errors 
[gw1] [ 67%] PASSED build_system_tests/test_tree_shaker.py::TestTreeShakerIntegration::test_detect_removed_product_imports_does_not_swallow_read_errors 
build_system_tests/test_tree_shaker.py::TestTreeShakerIntegration::test_scan_directory_does_not_swallow_read_errors 
[gw1] [ 67%] PASSED build_system_tests/test_tree_shaker.py::TestTreeShakerIntegration::test_scan_directory_does_not_swallow_read_errors 
contract_tests/test_active_contracts.py::test_active_contracts_scan_supported_docs_templates_and_build_inputs 
[gw1] [ 67%] PASSED contract_tests/test_active_contracts.py::test_active_contracts_scan_supported_docs_templates_and_build_inputs 
contract_tests/test_active_contracts.py::test_private_import_detection_covers_aliases_and_static_dynamic_imports[from actions import _request as request] 
[gw1] [ 67%] PASSED contract_tests/test_active_contracts.py::test_private_import_detection_covers_aliases_and_static_dynamic_imports[from actions import _request as request] 
contract_tests/test_active_contracts.py::test_private_import_detection_covers_aliases_and_static_dynamic_imports[import importlib as loader\nloader.import_module('actions._request')] 
[gw1] [ 67%] PASSED contract_tests/test_active_contracts.py::test_private_import_detection_covers_aliases_and_static_dynamic_imports[import importlib as loader\nloader.import_module('actions._request')] 
contract_tests/test_active_contracts.py::test_private_import_detection_covers_aliases_and_static_dynamic_imports[from importlib import import_module as load\nload('actions._request')] 
[gw1] [ 67%] PASSED contract_tests/test_active_contracts.py::test_private_import_detection_covers_aliases_and_static_dynamic_imports[from importlib import import_module as load\nload('actions._request')] 
contract_tests/test_active_contracts.py::test_private_import_detection_covers_aliases_and_static_dynamic_imports[__import__('actions._request')] 
[gw1] [ 67%] PASSED contract_tests/test_active_contracts.py::test_private_import_detection_covers_aliases_and_static_dynamic_imports[__import__('actions._request')] 
contract_tests/test_active_contracts.py::test_private_import_detection_covers_aliases_and_static_dynamic_imports[import importlib\nimportlib.import_module('._request', package='actions')] 
[gw1] [ 67%] PASSED contract_tests/test_active_contracts.py::test_private_import_detection_covers_aliases_and_static_dynamic_imports[import importlib\nimportlib.import_module('._request', package='actions')] 
contract_tests/test_active_contracts.py::test_private_import_detection_covers_aliases_and_static_dynamic_imports[__import__('actions', fromlist=['_request'])] 
[gw1] [ 67%] PASSED contract_tests/test_active_contracts.py::test_private_import_detection_covers_aliases_and_static_dynamic_imports[__import__('actions', fromlist=['_request'])] 
contract_tests/test_active_contracts.py::test_private_import_detection_covers_aliases_and_static_dynamic_imports[import importlib\nimportlib.import_module('actions.' + '_request')] 
[gw1] [ 67%] PASSED contract_tests/test_active_contracts.py::test_private_import_detection_covers_aliases_and_static_dynamic_imports[import importlib\nimportlib.import_module('actions.' + '_request')] 
contract_tests/test_active_contracts.py::test_private_import_detection_covers_aliases_and_static_dynamic_imports[import importlib\nimportlib.import_module(name='actions._request')] 
[gw1] [ 68%] PASSED contract_tests/test_active_contracts.py::test_private_import_detection_covers_aliases_and_static_dynamic_imports[import importlib\nimportlib.import_module(name='actions._request')] 
contract_tests/test_active_contracts.py::test_private_import_detection_covers_aliases_and_static_dynamic_imports[__import__(name='actions._request')] 
[gw1] [ 68%] PASSED contract_tests/test_active_contracts.py::test_private_import_detection_covers_aliases_and_static_dynamic_imports[__import__(name='actions._request')] 
contract_tests/test_active_contracts.py::test_private_import_detection_covers_aliases_and_static_dynamic_imports[import importlib\nimportlib.import_module('.child', package='actions._request')] 
[gw1] [ 68%] PASSED contract_tests/test_active_contracts.py::test_private_import_detection_covers_aliases_and_static_dynamic_imports[import importlib\nimportlib.import_module('.child', package='actions._request')] 
contract_tests/test_active_contracts.py::test_private_import_detection_covers_aliases_and_static_dynamic_imports[import importlib.util\nimportlib.import_module('actions._request')] 
[gw1] [ 68%] PASSED contract_tests/test_active_contracts.py::test_private_import_detection_covers_aliases_and_static_dynamic_imports[import importlib.util\nimportlib.import_module('actions._request')] 
contract_tests/test_active_contracts.py::test_private_import_detection_covers_aliases_and_static_dynamic_imports[from builtins import __import__ as load\nload('actions._request')] 
[gw1] [ 68%] PASSED contract_tests/test_active_contracts.py::test_private_import_detection_covers_aliases_and_static_dynamic_imports[from builtins import __import__ as load\nload('actions._request')] 
contract_tests/test_active_contracts.py::test_private_import_detection_covers_aliases_and_static_dynamic_imports[import builtins as loader\nloader.__import__('actions._request')] 
[gw1] [ 68%] PASSED contract_tests/test_active_contracts.py::test_private_import_detection_covers_aliases_and_static_dynamic_imports[import builtins as loader\nloader.__import__('actions._request')] 
contract_tests/test_active_contracts.py::test_private_import_detection_preserves_public_and_runtime_modules[from actions import ActionContext as Context] 
[gw1] [ 68%] PASSED contract_tests/test_active_contracts.py::test_private_import_detection_preserves_public_and_runtime_modules[from actions import ActionContext as Context] 
contract_tests/test_active_contracts.py::test_private_import_detection_preserves_public_and_runtime_modules[from actions.server_integration import PluginManager] 
[gw1] [ 68%] PASSED contract_tests/test_active_contracts.py::test_private_import_detection_preserves_public_and_runtime_modules[from actions.server_integration import PluginManager] 
contract_tests/test_active_contracts.py::test_private_import_detection_preserves_public_and_runtime_modules[import importlib\nimportlib.import_module('actions.server')] 
[gw1] [ 68%] PASSED contract_tests/test_active_contracts.py::test_private_import_detection_preserves_public_and_runtime_modules[import importlib\nimportlib.import_module('actions.server')] 
contract_tests/test_active_contracts.py::test_private_import_detection_preserves_public_and_runtime_modules[import importlib\nimportlib.import_module('other._request')] 
[gw1] [ 68%] PASSED contract_tests/test_active_contracts.py::test_private_import_detection_preserves_public_and_runtime_modules[import importlib\nimportlib.import_module('other._request')] 
contract_tests/test_active_contracts.py::test_private_import_detection_preserves_public_and_runtime_modules[import importlib\nimportlib.import_module(module_name)] 
[gw1] [ 68%] PASSED contract_tests/test_active_contracts.py::test_private_import_detection_preserves_public_and_runtime_modules[import importlib\nimportlib.import_module(module_name)] 
contract_tests/test_active_contracts.py::test_private_import_detection_preserves_public_and_runtime_modules[import actions.server._models] 
[gw1] [ 69%] PASSED contract_tests/test_active_contracts.py::test_private_import_detection_preserves_public_and_runtime_modules[import actions.server._models] 
contract_tests/test_active_contracts.py::test_runtime_imports_core_only_through_public_modules 
[gw1] [ 69%] PASSED contract_tests/test_active_contracts.py::test_runtime_imports_core_only_through_public_modules 
contract_tests/test_active_contracts.py::test_runtime_import_scan_decodes_utf8_source 
[gw1] [ 69%] PASSED contract_tests/test_active_contracts.py::test_runtime_import_scan_decodes_utf8_source 
contract_tests/test_active_contracts.py::test_template_package_script_is_executable_for_direct_workflow_invocation 
[gw1] [ 69%] PASSED contract_tests/test_active_contracts.py::test_template_package_script_is_executable_for_direct_workflow_invocation 
contract_tests/test_active_contracts.py::test_removed_product_paths_do_not_exist 
[gw1] [ 69%] PASSED contract_tests/test_active_contracts.py::test_removed_product_paths_do_not_exist 
contract_tests/test_active_contracts.py::test_runtime_has_no_data_server_or_data_context_compatibility 
[gw1] [ 69%] PASSED contract_tests/test_active_contracts.py::test_runtime_has_no_data_server_or_data_context_compatibility 
contract_tests/test_active_contracts.py::test_project_templates_use_embedded_assets_without_hosted_update_transport 
[gw1] [ 69%] PASSED contract_tests/test_active_contracts.py::test_project_templates_use_embedded_assets_without_hosted_update_transport 
contract_tests/test_active_contracts.py::test_active_guidance_and_ci_have_no_private_product_lane 
[gw1] [ 69%] PASSED contract_tests/test_active_contracts.py::test_active_guidance_and_ci_have_no_private_product_lane 
contract_tests/test_active_contracts.py::test_runtime_metadata_uses_published_active_dependencies 
[gw1] [ 69%] PASSED contract_tests/test_active_contracts.py::test_runtime_metadata_uses_published_active_dependencies 
contract_tests/test_active_contracts.py::test_template_manifests_pin_supported_worker_core 
[gw1] [ 69%] PASSED contract_tests/test_active_contracts.py::test_template_manifests_pin_supported_worker_core 
contract_tests/test_active_contracts.py::test_template_sources_use_actions_core_without_module_name_collision 
[gw1] [ 69%] PASSED contract_tests/test_active_contracts.py::test_template_sources_use_actions_core_without_module_name_collision 
contract_tests/test_active_contracts.py::test_runtime_python_prefers_the_active_supported_interpreter 
[gw1] [ 70%] PASSED contract_tests/test_active_contracts.py::test_runtime_python_prefers_the_active_supported_interpreter 
contract_tests/test_active_contracts.py::test_runtime_clean_wheels_install_outside_checkout_in_both_uninstall_orders 
[gw1] [ 70%] FAILED contract_tests/test_active_contracts.py::test_runtime_clean_wheels_install_outside_checkout_in_both_uninstall_orders [gw1] linux -- Python 3.12.15 /workspace/work/actions-mk3-canvas-proof/action_server/.venv/bin/python

tmp_path = PosixPath('/workspace/actions-cloud/robocorp/temp/a62d53703001534b/pytest-of-agent/pytest-2/popen-gw1/test_runtime_clean_wheels_inst0')

    def test_runtime_clean_wheels_install_outside_checkout_in_both_uninstall_orders(
        tmp_path,
    ):
        runtime_python = _runtime_python()
        wheelhouse = tmp_path / "wheelhouse"
        wheelhouse.mkdir()
>       wheels = _build_wheels(wheelhouse, runtime_python)
                 ^^^^^^^^^^^^^^^^^^^^^^^^^^^^^^^^^^^^^^^^^

contract_tests/test_active_contracts.py:634: 
_ _ _ _ _ _ _ _ _ _ _ _ _ _ _ _ _ _ _ _ _ _ _ _ _ _ _ _ _ _ _ _ _ _ _ _ _ _ _ _ 
contract_tests/test_active_contracts.py:449: in _build_wheels
    subprocess.run(
_ _ _ _ _ _ _ _ _ _ _ _ _ _ _ _ _ _ _ _ _ _ _ _ _ _ _ _ _ _ _ _ _ _ _ _ _ _ _ _ 

input = None, capture_output = True, timeout = None, check = True
popenargs = (['poetry', 'build', '-f', 'wheel', '-o', '/workspace/actions-cloud/robocorp/temp/a62d53703001534b/pytest-of-agent/pytest-2/popen-gw1/test_runtime_clean_wheels_inst0/wheelhouse'],)
kwargs = {'cwd': PosixPath('/workspace/work/actions-mk3-db-savepoint/action_server'), 'env': {'ACTIONS_CLOUD_ROOT': '/workspace...SER_MANAGEMENT_SOCKET_PATH': '/home/agent/.local/run/browser-management/socket', ...}, 'stderr': -1, 'stdout': -1, ...}
process = <Popen: returncode: 1 args: ['poetry', 'build', '-f', 'wheel', '-o', '/works...>
stdout = 'Building actions-runtime (1.0.3)\nBuilding wheel\n'
stderr = '\nPEP517 build of a dependency failed\n\nBackend subprocess exited when trying to invoke build_wheel\n\n    | Command...rify this by running pip wheel --no-cache-dir --use-pep517 "/workspace/work/actions-mk3-db-savepoint/action_server".\n'
retcode = 1

    def run(*popenargs,
            input=None, capture_output=False, timeout=None, check=False, **kwargs):
        """Run command with arguments and return a CompletedProcess instance.
    
        The returned instance will have attributes args, returncode, stdout and
        stderr. By default, stdout and stderr are not captured, and those attributes
        will be None. Pass stdout=PIPE and/or stderr=PIPE in order to capture them,
        or pass capture_output=True to capture both.
    
        If check is True and the exit code was non-zero, it raises a
        CalledProcessError. The CalledProcessError object will have the return code
        in the returncode attribute, and output & stderr attributes if those streams
        were captured.
    
        If timeout (seconds) is given and the process takes too long,
         a TimeoutExpired exception will be raised.
    
        There is an optional argument "input", allowing you to
        pass bytes or a string to the subprocess's stdin.  If you use this argument
        you may not also use the Popen constructor's "stdin" argument, as
        it will be used internally.
    
        By default, all communication is in bytes, and therefore any "input" should
        be bytes, and the stdout and stderr will be bytes. If in text mode, any
        "input" should be a string, and stdout and stderr will be strings decoded
        according to locale encoding, or by "encoding" if set. Text mode is
        triggered by setting any of text, encoding, errors or universal_newlines.
    
        The other arguments are the same as for the Popen constructor.
        """
        if input is not None:
            if kwargs.get('stdin') is not None:
                raise ValueError('stdin and input arguments may not both be used.')
            kwargs['stdin'] = PIPE
    
        if capture_output:
            if kwargs.get('stdout') is not None or kwargs.get('stderr') is not None:
                raise ValueError('stdout and stderr arguments may not be used '
                                 'with capture_output.')
            kwargs['stdout'] = PIPE
            kwargs['stderr'] = PIPE
    
        with Popen(*popenargs, **kwargs) as process:
            try:
                stdout, stderr = process.communicate(input, timeout=timeout)
            except TimeoutExpired as exc:
                process.kill()
                if _mswindows:
                    # Windows accumulates the output in a single blocking
                    # read() call run on child threads, with the timeout
                    # being done in a join() on those threads.  communicate()
                    # _after_ kill() is required to collect that and add it
                    # to the exception.
                    exc.stdout, exc.stderr = process.communicate()
                else:
                    # POSIX _communicate already populated the output so
                    # far into the TimeoutExpired exception.
                    process.wait()
                raise
            except:  # Including KeyboardInterrupt, communicate handled that.
                process.kill()
                # We don't call process.wait() as .__exit__ does that for us.
                raise
            retcode = process.poll()
            if check and retcode:
>               raise CalledProcessError(retcode, process.args,
                                         output=stdout, stderr=stderr)
E               subprocess.CalledProcessError: Command '['poetry', 'build', '-f', 'wheel', '-o', '/workspace/actions-cloud/robocorp/temp/a62d53703001534b/pytest-of-agent/pytest-2/popen-gw1/test_runtime_clean_wheels_inst0/wheelhouse']' returned non-zero exit status 1.

/workspace/actions-cloud/robocorp/holotree/c2fd1aa_5a1fac3_9fcd2534/lib/python3.12/subprocess.py:571: CalledProcessError

contract_tests/test_artifact_naming.py::test_public_frontend_artifact_name 
[gw1] [ 70%] PASSED contract_tests/test_artifact_naming.py::test_public_frontend_artifact_name 
contract_tests/test_artifact_naming.py::test_public_executable_artifact_name 
[gw1] [ 70%] PASSED contract_tests/test_artifact_naming.py::test_public_executable_artifact_name 
contract_tests/test_artifact_naming.py::test_removed_tier_names_are_rejected 
[gw1] [ 70%] PASSED contract_tests/test_artifact_naming.py::test_removed_tier_names_are_rejected 
contract_tests/test_artifact_validator_import.py::test_artifact_validator_imports_from_build_binary_directory 
[gw1] [ 70%] PASSED contract_tests/test_artifact_validator_import.py::test_artifact_validator_imports_from_build_binary_directory 
contract_tests/test_artifact_validator_import.py::test_validate_artifact_task_rejects_removed_product_imports 
[gw1] [ 70%] PASSED contract_tests/test_artifact_validator_import.py::test_validate_artifact_task_rejects_removed_product_imports 
contract_tests/test_artifact_validator_import.py::test_validate_artifact_task_accepts_clean_artifact 
[gw1] [ 70%] PASSED contract_tests/test_artifact_validator_import.py::test_validate_artifact_task_accepts_clean_artifact 
contract_tests/test_artifact_validator_import.py::test_validate_artifact_builds_missing_default_canvas_once 
[gw1] [ 70%] PASSED contract_tests/test_artifact_validator_import.py::test_validate_artifact_builds_missing_default_canvas_once 
contract_tests/test_artifact_validator_import.py::test_validate_artifact_propagates_default_canvas_build_failure 
[gw1] [ 70%] PASSED contract_tests/test_artifact_validator_import.py::test_validate_artifact_propagates_default_canvas_build_failure 
contract_tests/test_artifact_validator_import.py::test_validate_artifact_does_not_build_explicit_missing_root 
[gw1] [ 71%] PASSED contract_tests/test_artifact_validator_import.py::test_validate_artifact_does_not_build_explicit_missing_root 
contract_tests/test_artifact_validator_import.py::test_validate_artifact_rejects_unsuitable_explicit_runtime_root[file] 
[gw1] [ 71%] PASSED contract_tests/test_artifact_validator_import.py::test_validate_artifact_rejects_unsuitable_explicit_runtime_root[file] 
contract_tests/test_artifact_validator_import.py::test_validate_artifact_rejects_unsuitable_explicit_runtime_root[missing] 
[gw1] [ 71%] PASSED contract_tests/test_artifact_validator_import.py::test_validate_artifact_rejects_unsuitable_explicit_runtime_root[missing] 
contract_tests/test_artifact_validator_import.py::test_validate_artifact_rejects_unsuitable_explicit_runtime_root[broken-symlink] 
[gw1] [ 71%] PASSED contract_tests/test_artifact_validator_import.py::test_validate_artifact_rejects_unsuitable_explicit_runtime_root[broken-symlink] 
contract_tests/test_artifact_validator_import.py::test_validate_artifact_explicit_directory_scans_all_source_files 
[gw1] [ 71%] PASSED contract_tests/test_artifact_validator_import.py::test_validate_artifact_explicit_directory_scans_all_source_files 
contract_tests/test_artifact_validator_import.py::test_validate_artifact_accepts_clean_explicit_directories 
[gw1] [ 71%] PASSED contract_tests/test_artifact_validator_import.py::test_validate_artifact_accepts_clean_explicit_directories 
contract_tests/test_artifact_validator_import.py::test_validate_artifact_task_rejects_poisoned_runtime_html 
[gw1] [ 71%] PASSED contract_tests/test_artifact_validator_import.py::test_validate_artifact_task_rejects_poisoned_runtime_html 
contract_tests/test_artifact_validator_import.py::test_validate_artifact_task_rejects_poisoned_canvas_html 
[gw1] [ 71%] PASSED contract_tests/test_artifact_validator_import.py::test_validate_artifact_task_rejects_poisoned_canvas_html 
contract_tests/test_artifact_validator_import.py::test_validate_artifact_task_rejects_poisoned_enterprise_path 
[gw1] [ 71%] PASSED contract_tests/test_artifact_validator_import.py::test_validate_artifact_task_rejects_poisoned_enterprise_path 
contract_tests/test_artifact_validator_import.py::test_validate_artifact_task_fails_closed_on_read_error 
[gw1] [ 71%] PASSED contract_tests/test_artifact_validator_import.py::test_validate_artifact_task_fails_closed_on_read_error 
contract_tests/test_frontend_artifact_contract.py::test_frontend_manifest_declares_modern_dual_artifact_contract 
[gw1] [ 71%] PASSED contract_tests/test_frontend_artifact_contract.py::test_frontend_manifest_declares_modern_dual_artifact_contract 
contract_tests/test_frontend_artifact_contract.py::test_product_evidence_binds_dual_artifacts_and_repeats_outputs 
[gw1] [ 72%] PASSED contract_tests/test_frontend_artifact_contract.py::test_product_evidence_binds_dual_artifacts_and_repeats_outputs 
contract_tests/test_frontend_artifact_contract.py::test_each_default_build_script_emits_its_own_release_sbom 
[gw1] [ 72%] PASSED contract_tests/test_frontend_artifact_contract.py::test_each_default_build_script_emits_its_own_release_sbom 
contract_tests/test_frontend_artifact_contract.py::test_vite_config_keeps_runtime_embeddable_and_canvas_mcp_view_distinct 
[gw1] [ 72%] PASSED contract_tests/test_frontend_artifact_contract.py::test_vite_config_keeps_runtime_embeddable_and_canvas_mcp_view_distinct 
contract_tests/test_frontend_artifact_contract.py::test_artifact_validator_checks_manifests_and_directory_budgets 
[gw1] [ 72%] PASSED contract_tests/test_frontend_artifact_contract.py::test_artifact_validator_checks_manifests_and_directory_budgets 
contract_tests/test_frontend_artifact_contract.py::test_hosted_bundle_budget_uses_the_manifest_payload_for_both_artifacts 
[gw1] [ 72%] PASSED contract_tests/test_frontend_artifact_contract.py::test_hosted_bundle_budget_uses_the_manifest_payload_for_both_artifacts 
contract_tests/test_frontend_artifact_contract.py::test_frontend_release_metadata_and_canvas_identity_are_cross_platform 
[gw1] [ 72%] PASSED contract_tests/test_frontend_artifact_contract.py::test_frontend_release_metadata_and_canvas_identity_are_cross_platform 
contract_tests/test_frontend_artifact_contract.py::test_hosted_determinism_check_covers_every_matrix_os 
[gw1] [ 72%] PASSED contract_tests/test_frontend_artifact_contract.py::test_hosted_determinism_check_covers_every_matrix_os 
contract_tests/test_frontend_artifact_contract.py::test_hosted_workflow_runs_frontend_quality_and_compares_both_roots 
[gw1] [ 72%] PASSED contract_tests/test_frontend_artifact_contract.py::test_hosted_workflow_runs_frontend_quality_and_compares_both_roots 
contract_tests/test_frontend_artifact_contract.py::test_hosted_determinism_block_closes_heredoc_before_restoring_artifacts 
[gw1] [ 72%] PASSED contract_tests/test_frontend_artifact_contract.py::test_hosted_determinism_block_closes_heredoc_before_restoring_artifacts 
contract_tests/test_frontend_artifact_contract.py::test_frontend_quality_uses_cross_platform_prettier_eol_contract 
[gw1] [ 72%] PASSED contract_tests/test_frontend_artifact_contract.py::test_frontend_quality_uses_cross_platform_prettier_eol_contract 
contract_tests/test_frontend_artifact_contract.py::test_hosted_quality_gate_includes_offline_ui_system_contract 
[gw1] [ 72%] PASSED contract_tests/test_frontend_artifact_contract.py::test_hosted_quality_gate_includes_offline_ui_system_contract 
contract_tests/test_frontend_artifact_contract.py::test_runtime_mobile_sidebar_has_no_closed_focus_or_breakpoint_gap 
[gw1] [ 73%] PASSED contract_tests/test_frontend_artifact_contract.py::test_runtime_mobile_sidebar_has_no_closed_focus_or_breakpoint_gap 
contract_tests/test_frontend_artifact_contract.py::test_runtime_inliner_preserves_adversarial_bundle_text_and_raw_text_boundaries 
[gw1] [ 73%] PASSED contract_tests/test_frontend_artifact_contract.py::test_runtime_inliner_preserves_adversarial_bundle_text_and_raw_text_boundaries 
contract_tests/test_frontend_artifact_contract.py::test_runtime_inliner_fails_on_unprocessed_asset_payload 
[gw1] [ 73%] PASSED contract_tests/test_frontend_artifact_contract.py::test_runtime_inliner_fails_on_unprocessed_asset_payload 
contract_tests/test_frontend_artifact_contract.py::test_validators_prove_manifest_inventory_and_metadata 
[gw1] [ 73%] PASSED contract_tests/test_frontend_artifact_contract.py::test_validators_prove_manifest_inventory_and_metadata 
contract_tests/test_frontend_artifact_contract.py::test_python_validator_rejects_missing_manifest_in_release_mode 
[gw1] [ 73%] PASSED contract_tests/test_frontend_artifact_contract.py::test_python_validator_rejects_missing_manifest_in_release_mode 
contract_tests/test_frontend_artifact_contract.py::test_python_validator_rejects_unsafe_manifest_before_payload_reads 
[gw1] [ 73%] PASSED contract_tests/test_frontend_artifact_contract.py::test_python_validator_rejects_unsafe_manifest_before_payload_reads 
contract_tests/test_frontend_artifact_contract.py::test_python_validator_preflights_inventory_before_import_scan 
[gw1] [ 73%] PASSED contract_tests/test_frontend_artifact_contract.py::test_python_validator_preflights_inventory_before_import_scan 
contract_tests/test_frontend_artifact_contract.py::test_python_validator_rejects_empty_structural_extras 
[gw1] [ 73%] PASSED contract_tests/test_frontend_artifact_contract.py::test_python_validator_rejects_empty_structural_extras 
contract_tests/test_frontend_artifact_contract.py::test_javascript_validator_rejects_empty_structural_extras 
[gw1] [ 73%] PASSED contract_tests/test_frontend_artifact_contract.py::test_javascript_validator_rejects_empty_structural_extras 
contract_tests/test_frontend_artifact_contract.py::test_manifest_contract_rejects_inventory_mutations[omission] 
[gw1] [ 73%] PASSED contract_tests/test_frontend_artifact_contract.py::test_manifest_contract_rejects_inventory_mutations[omission] 
contract_tests/test_frontend_artifact_contract.py::test_manifest_contract_rejects_inventory_mutations[extra] 
[gw1] [ 73%] PASSED contract_tests/test_frontend_artifact_contract.py::test_manifest_contract_rejects_inventory_mutations[extra] 
contract_tests/test_frontend_artifact_contract.py::test_manifest_contract_rejects_inventory_mutations[path-swap] 
[gw1] [ 74%] PASSED contract_tests/test_frontend_artifact_contract.py::test_manifest_contract_rejects_inventory_mutations[path-swap] 
contract_tests/test_frontend_artifact_contract.py::test_manifest_contract_rejects_inventory_mutations[reorder] 
[gw1] [ 74%] PASSED contract_tests/test_frontend_artifact_contract.py::test_manifest_contract_rejects_inventory_mutations[reorder] 
contract_tests/test_frontend_artifact_contract.py::test_python_validator_treats_nested_metadata_as_payload_inventory 
[gw1] [ 74%] PASSED contract_tests/test_frontend_artifact_contract.py::test_python_validator_treats_nested_metadata_as_payload_inventory 
contract_tests/test_frontend_artifact_contract.py::test_python_validator_rejects_unlisted_non_regular_entries 
[gw1] [ 74%] PASSED contract_tests/test_frontend_artifact_contract.py::test_python_validator_rejects_unlisted_non_regular_entries 
contract_tests/test_frontend_artifact_contract.py::test_javascript_validator_rejects_malformed_sbom 
[gw1] [ 74%] PASSED contract_tests/test_frontend_artifact_contract.py::test_javascript_validator_rejects_malformed_sbom 
contract_tests/test_frontend_artifact_contract.py::test_python_validator_rejects_symlink_payload_and_root_aliases[file] 
[gw1] [ 74%] PASSED contract_tests/test_frontend_artifact_contract.py::test_python_validator_rejects_symlink_payload_and_root_aliases[file] 
contract_tests/test_frontend_artifact_contract.py::test_python_validator_rejects_symlink_payload_and_root_aliases[directory] 
[gw1] [ 74%] PASSED contract_tests/test_frontend_artifact_contract.py::test_python_validator_rejects_symlink_payload_and_root_aliases[directory] 
contract_tests/test_frontend_artifact_contract.py::test_python_validator_rejects_symlink_payload_and_root_aliases[broken] 
[gw1] [ 74%] PASSED contract_tests/test_frontend_artifact_contract.py::test_python_validator_rejects_symlink_payload_and_root_aliases[broken] 
contract_tests/test_frontend_artifact_contract.py::test_python_validator_binds_artifact_identity_and_content_type[runtime-admin-text/html-canvas-mcp-app-text/html;profile=mcp-app] 
[gw1] [ 74%] PASSED contract_tests/test_frontend_artifact_contract.py::test_python_validator_binds_artifact_identity_and_content_type[runtime-admin-text/html-canvas-mcp-app-text/html;profile=mcp-app] 
contract_tests/test_frontend_artifact_contract.py::test_python_validator_binds_artifact_identity_and_content_type[canvas-mcp-app-text/html;profile=mcp-app-runtime-admin-text/html] 
[gw1] [ 74%] PASSED contract_tests/test_frontend_artifact_contract.py::test_python_validator_binds_artifact_identity_and_content_type[canvas-mcp-app-text/html;profile=mcp-app-runtime-admin-text/html] 
contract_tests/test_frontend_artifact_contract.py::test_python_validator_cli_accepts_bound_identity_options 
[gw1] [ 74%] PASSED contract_tests/test_frontend_artifact_contract.py::test_python_validator_cli_accepts_bound_identity_options 
contract_tests/test_frontend_artifact_contract.py::test_python_validator_cli_rejects_bound_file_artifact 
[gw1] [ 75%] PASSED contract_tests/test_frontend_artifact_contract.py::test_python_validator_cli_rejects_bound_file_artifact 
contract_tests/test_frontend_artifact_contract.py::test_javascript_validator_rejects_symlink_payload[dist-runtime-admin-text/html-file] 
[gw1] [ 75%] PASSED contract_tests/test_frontend_artifact_contract.py::test_javascript_validator_rejects_symlink_payload[dist-runtime-admin-text/html-file] 
contract_tests/test_frontend_artifact_contract.py::test_javascript_validator_rejects_symlink_payload[dist-runtime-admin-text/html-directory] 
[gw1] [ 75%] PASSED contract_tests/test_frontend_artifact_contract.py::test_javascript_validator_rejects_symlink_payload[dist-runtime-admin-text/html-directory] 
contract_tests/test_frontend_artifact_contract.py::test_javascript_validator_rejects_symlink_payload[dist-runtime-admin-text/html-broken] 
[gw1] [ 75%] PASSED contract_tests/test_frontend_artifact_contract.py::test_javascript_validator_rejects_symlink_payload[dist-runtime-admin-text/html-broken] 
contract_tests/test_frontend_artifact_contract.py::test_javascript_validator_rejects_symlink_payload[dist-canvas-canvas-mcp-app-text/html;profile=mcp-app-file] 
[gw1] [ 75%] PASSED contract_tests/test_frontend_artifact_contract.py::test_javascript_validator_rejects_symlink_payload[dist-canvas-canvas-mcp-app-text/html;profile=mcp-app-file] 
contract_tests/test_frontend_artifact_contract.py::test_javascript_validator_rejects_symlink_payload[dist-canvas-canvas-mcp-app-text/html;profile=mcp-app-directory] 
[gw1] [ 75%] PASSED contract_tests/test_frontend_artifact_contract.py::test_javascript_validator_rejects_symlink_payload[dist-canvas-canvas-mcp-app-text/html;profile=mcp-app-directory] 
contract_tests/test_frontend_artifact_contract.py::test_javascript_validator_rejects_symlink_payload[dist-canvas-canvas-mcp-app-text/html;profile=mcp-app-broken] 
[gw1] [ 75%] PASSED contract_tests/test_frontend_artifact_contract.py::test_javascript_validator_rejects_symlink_payload[dist-canvas-canvas-mcp-app-text/html;profile=mcp-app-broken] 
contract_tests/test_frontend_artifact_contract.py::test_javascript_validator_rejects_symlink_root 
[gw1] [ 75%] PASSED contract_tests/test_frontend_artifact_contract.py::test_javascript_validator_rejects_symlink_root 
contract_tests/test_frontend_artifact_contract.py::test_javascript_validator_rejects_unsupported_manifest_schema 
[gw1] [ 75%] PASSED contract_tests/test_frontend_artifact_contract.py::test_javascript_validator_rejects_unsupported_manifest_schema 
contract_tests/test_frontend_artifact_contract.py::test_javascript_validator_rejects_symlinked_metadata_before_parsing[artifact-manifest.json] 
[gw1] [ 75%] PASSED contract_tests/test_frontend_artifact_contract.py::test_javascript_validator_rejects_symlinked_metadata_before_parsing[artifact-manifest.json] 
contract_tests/test_frontend_artifact_contract.py::test_javascript_validator_rejects_symlinked_metadata_before_parsing[sbom.json] 
[gw1] [ 75%] PASSED contract_tests/test_frontend_artifact_contract.py::test_javascript_validator_rejects_symlinked_metadata_before_parsing[sbom.json] 
contract_tests/test_frontend_artifact_contract.py::test_javascript_validator_rejects_fifo_metadata_before_read[artifact-manifest.json] 
[gw1] [ 76%] PASSED contract_tests/test_frontend_artifact_contract.py::test_javascript_validator_rejects_fifo_metadata_before_read[artifact-manifest.json] 
contract_tests/test_frontend_artifact_contract.py::test_javascript_validator_rejects_fifo_metadata_before_read[sbom.json] 
[gw1] [ 76%] PASSED contract_tests/test_frontend_artifact_contract.py::test_javascript_validator_rejects_fifo_metadata_before_read[sbom.json] 
contract_tests/test_frontend_artifact_contract.py::test_javascript_validator_rejects_non_regular_inventory_entries 
[gw1] [ 76%] PASSED contract_tests/test_frontend_artifact_contract.py::test_javascript_validator_rejects_non_regular_inventory_entries 
contract_tests/test_frontend_artifact_contract.py::test_invoke_validator_rejects_explicit_root_alias_before_resolution 
[gw1] [ 76%] PASSED contract_tests/test_frontend_artifact_contract.py::test_invoke_validator_rejects_explicit_root_alias_before_resolution 
contract_tests/test_frontend_artifact_contract.py::test_hosted_import_validator_rejects_poisoned_canvas_root 
[gw1] [ 76%] PASSED contract_tests/test_frontend_artifact_contract.py::test_hosted_import_validator_rejects_poisoned_canvas_root 
contract_tests/test_frontend_artifact_contract.py::test_hosted_import_validator_rejects_canvas_symlink_before_scanning 
[gw1] [ 76%] PASSED contract_tests/test_frontend_artifact_contract.py::test_hosted_import_validator_rejects_canvas_symlink_before_scanning 
contract_tests/test_package_revision_schema.py::test_portable_package_revision_schema_accepts_fixture 
[gw1] [ 76%] PASSED contract_tests/test_package_revision_schema.py::test_portable_package_revision_schema_accepts_fixture 
contract_tests/test_package_revision_schema.py::test_portable_package_revision_schema_rejects_installation_state[workspace-reference] 
[gw1] [ 76%] PASSED contract_tests/test_package_revision_schema.py::test_portable_package_revision_schema_rejects_installation_state[workspace-reference] 
contract_tests/test_package_revision_schema.py::test_portable_package_revision_schema_rejects_installation_state[deployment-reference] 
[gw1] [ 76%] PASSED contract_tests/test_package_revision_schema.py::test_portable_package_revision_schema_rejects_installation_state[deployment-reference] 
contract_tests/test_package_revision_schema.py::test_portable_package_revision_schema_rejects_installation_state[binding-value] 
[gw1] [ 76%] PASSED contract_tests/test_package_revision_schema.py::test_portable_package_revision_schema_rejects_installation_state[binding-value] 
contract_tests/test_package_revision_schema.py::test_portable_package_revision_schema_rejects_installation_state[host-path] 
[gw1] [ 77%] PASSED contract_tests/test_package_revision_schema.py::test_portable_package_revision_schema_rejects_installation_state[host-path] 
contract_tests/test_package_revision_schema.py::test_portable_package_revision_schema_rejects_installation_state[deployment-selection] 
[gw1] [ 77%] PASSED contract_tests/test_package_revision_schema.py::test_portable_package_revision_schema_rejects_installation_state[deployment-selection] 
contract_tests/test_package_revision_schema.py::test_portable_package_revision_schema_rejects_installation_state[duplicate-plan-feature] 
[gw1] [ 77%] PASSED contract_tests/test_package_revision_schema.py::test_portable_package_revision_schema_rejects_installation_state[duplicate-plan-feature] 
contract_tests/test_package_revision_schema.py::test_reference_schema_requires_workspace_and_full_package_plan_identity 
[gw1] [ 77%] PASSED contract_tests/test_package_revision_schema.py::test_reference_schema_requires_workspace_and_full_package_plan_identity 
contract_tests/test_package_revision_schema.py::test_reference_schema_has_one_authoritative_package_owner 
[gw1] [ 77%] PASSED contract_tests/test_package_revision_schema.py::test_reference_schema_has_one_authoritative_package_owner 
contract_tests/test_package_revision_schema.py::test_reference_schema_rejects_contradictory_outer_package_owner[workspaceId-workspace-other] 
[gw1] [ 77%] PASSED contract_tests/test_package_revision_schema.py::test_reference_schema_rejects_contradictory_outer_package_owner[workspaceId-workspace-other] 
contract_tests/test_package_revision_schema.py::test_reference_schema_rejects_contradictory_outer_package_owner[packageId-other-package] 
[gw1] [ 77%] PASSED contract_tests/test_package_revision_schema.py::test_reference_schema_rejects_contradictory_outer_package_owner[packageId-other-package] 
contract_tests/test_package_revision_schema.py::test_reference_schema_rejects_contradictory_outer_package_owner[revisionDigest-sha256:9999999999999999999999999999999999999999999999999999999999999999] 
[gw1] [ 77%] PASSED contract_tests/test_package_revision_schema.py::test_reference_schema_rejects_contradictory_outer_package_owner[revisionDigest-sha256:9999999999999999999999999999999999999999999999999999999999999999] 
contract_tests/test_package_revision_schema.py::test_reference_schema_rejects_even_a_matching_outer_package_owner 
[gw1] [ 77%] PASSED contract_tests/test_package_revision_schema.py::test_reference_schema_rejects_even_a_matching_outer_package_owner 
contract_tests/test_package_revision_schema.py::test_plan_schema_version_accepts_positive_integers[1-schema_path0] 
[gw1] [ 77%] PASSED contract_tests/test_package_revision_schema.py::test_plan_schema_version_accepts_positive_integers[1-schema_path0] 
contract_tests/test_package_revision_schema.py::test_plan_schema_version_accepts_positive_integers[1-schema_path1] 
[gw1] [ 77%] PASSED contract_tests/test_package_revision_schema.py::test_plan_schema_version_accepts_positive_integers[1-schema_path1] 
contract_tests/test_package_revision_schema.py::test_plan_schema_version_accepts_positive_integers[2-schema_path0] 
[gw1] [ 78%] PASSED contract_tests/test_package_revision_schema.py::test_plan_schema_version_accepts_positive_integers[2-schema_path0] 
contract_tests/test_package_revision_schema.py::test_plan_schema_version_accepts_positive_integers[2-schema_path1] 
[gw1] [ 78%] PASSED contract_tests/test_package_revision_schema.py::test_plan_schema_version_accepts_positive_integers[2-schema_path1] 
contract_tests/test_package_revision_schema.py::test_plan_schema_version_rejects_non_positive_integer_values[actions.runtime-plan/v1-draft-schema_path0] 
[gw1] [ 78%] PASSED contract_tests/test_package_revision_schema.py::test_plan_schema_version_rejects_non_positive_integer_values[actions.runtime-plan/v1-draft-schema_path0] 
contract_tests/test_package_revision_schema.py::test_plan_schema_version_rejects_non_positive_integer_values[actions.runtime-plan/v1-draft-schema_path1] 
[gw1] [ 78%] PASSED contract_tests/test_package_revision_schema.py::test_plan_schema_version_rejects_non_positive_integer_values[actions.runtime-plan/v1-draft-schema_path1] 
contract_tests/test_package_revision_schema.py::test_plan_schema_version_rejects_non_positive_integer_values[1-schema_path0] 
[gw1] [ 78%] PASSED contract_tests/test_package_revision_schema.py::test_plan_schema_version_rejects_non_positive_integer_values[1-schema_path0] 
contract_tests/test_package_revision_schema.py::test_plan_schema_version_rejects_non_positive_integer_values[1-schema_path1] 
[gw1] [ 78%] PASSED contract_tests/test_package_revision_schema.py::test_plan_schema_version_rejects_non_positive_integer_values[1-schema_path1] 
contract_tests/test_package_revision_schema.py::test_plan_schema_version_rejects_non_positive_integer_values[0-schema_path0] 
[gw1] [ 78%] PASSED contract_tests/test_package_revision_schema.py::test_plan_schema_version_rejects_non_positive_integer_values[0-schema_path0] 
contract_tests/test_package_revision_schema.py::test_plan_schema_version_rejects_non_positive_integer_values[0-schema_path1] 
[gw1] [ 78%] PASSED contract_tests/test_package_revision_schema.py::test_plan_schema_version_rejects_non_positive_integer_values[0-schema_path1] 
contract_tests/test_package_revision_schema.py::test_plan_schema_version_rejects_non_positive_integer_values[-1-schema_path0] 
[gw1] [ 78%] PASSED contract_tests/test_package_revision_schema.py::test_plan_schema_version_rejects_non_positive_integer_values[-1-schema_path0] 
contract_tests/test_package_revision_schema.py::test_plan_schema_version_rejects_non_positive_integer_values[-1-schema_path1] 
[gw1] [ 78%] PASSED contract_tests/test_package_revision_schema.py::test_plan_schema_version_rejects_non_positive_integer_values[-1-schema_path1] 
contract_tests/test_package_revision_schema.py::test_plan_schema_version_rejects_non_positive_integer_values[True-schema_path0] 
[gw1] [ 78%] PASSED contract_tests/test_package_revision_schema.py::test_plan_schema_version_rejects_non_positive_integer_values[True-schema_path0] 
contract_tests/test_package_revision_schema.py::test_plan_schema_version_rejects_non_positive_integer_values[True-schema_path1] 
[gw1] [ 79%] PASSED contract_tests/test_package_revision_schema.py::test_plan_schema_version_rejects_non_positive_integer_values[True-schema_path1] 
contract_tests/test_package_revision_schema.py::test_plan_schema_version_rejects_non_positive_integer_values[1.5-schema_path0] 
[gw1] [ 79%] PASSED contract_tests/test_package_revision_schema.py::test_plan_schema_version_rejects_non_positive_integer_values[1.5-schema_path0] 
contract_tests/test_package_revision_schema.py::test_plan_schema_version_rejects_non_positive_integer_values[1.5-schema_path1] 
[gw1] [ 79%] PASSED contract_tests/test_package_revision_schema.py::test_plan_schema_version_rejects_non_positive_integer_values[1.5-schema_path1] 
contract_tests/test_package_revision_schema.py::test_plan_schema_version_rejects_non_positive_integer_values[None-schema_path0] 
[gw1] [ 79%] PASSED contract_tests/test_package_revision_schema.py::test_plan_schema_version_rejects_non_positive_integer_values[None-schema_path0] 
contract_tests/test_package_revision_schema.py::test_plan_schema_version_rejects_non_positive_integer_values[None-schema_path1] 
[gw1] [ 79%] PASSED contract_tests/test_package_revision_schema.py::test_plan_schema_version_rejects_non_positive_integer_values[None-schema_path1] 
contract_tests/test_package_revision_schema.py::test_portable_fixture_is_stably_serialized 
[gw1] [ 79%] PASSED contract_tests/test_package_revision_schema.py::test_portable_fixture_is_stably_serialized 
contract_tests/test_package_revision_schema.py::test_consumer_reference_fixture_is_stably_serialized 
[gw1] [ 79%] PASSED contract_tests/test_package_revision_schema.py::test_consumer_reference_fixture_is_stably_serialized 
contract_tests/test_source_manifest.py::test_inventory_is_order_independent_and_omits_directory_entries 
[gw1] [ 79%] PASSED contract_tests/test_source_manifest.py::test_inventory_is_order_independent_and_omits_directory_entries 
contract_tests/test_source_manifest.py::test_empty_inventory_keeps_the_same_explicit_policy_version 
[gw1] [ 79%] PASSED contract_tests/test_source_manifest.py::test_empty_inventory_keeps_the_same_explicit_policy_version 
contract_tests/test_source_manifest.py::test_rejects_unsafe_or_non_nfc_names[] 
[gw1] [ 79%] PASSED contract_tests/test_source_manifest.py::test_rejects_unsafe_or_non_nfc_names[] 
contract_tests/test_source_manifest.py::test_rejects_unsafe_or_non_nfc_names[/absolute.py] 
[gw1] [ 79%] PASSED contract_tests/test_source_manifest.py::test_rejects_unsafe_or_non_nfc_names[/absolute.py] 
contract_tests/test_source_manifest.py::test_rejects_unsafe_or_non_nfc_names[C:/drive.py] 
[gw1] [ 80%] PASSED contract_tests/test_source_manifest.py::test_rejects_unsafe_or_non_nfc_names[C:/drive.py] 
contract_tests/test_source_manifest.py::test_rejects_unsafe_or_non_nfc_names[a\\b.py] 
[gw1] [ 80%] PASSED contract_tests/test_source_manifest.py::test_rejects_unsafe_or_non_nfc_names[a\\b.py] 
contract_tests/test_source_manifest.py::test_rejects_unsafe_or_non_nfc_names[a/../b.py] 
[gw1] [ 80%] PASSED contract_tests/test_source_manifest.py::test_rejects_unsafe_or_non_nfc_names[a/../b.py] 
contract_tests/test_source_manifest.py::test_rejects_unsafe_or_non_nfc_names[a/./b.py] 
[gw1] [ 80%] PASSED contract_tests/test_source_manifest.py::test_rejects_unsafe_or_non_nfc_names[a/./b.py] 
contract_tests/test_source_manifest.py::test_rejects_unsafe_or_non_nfc_names[a//b.py] 
[gw1] [ 80%] PASSED contract_tests/test_source_manifest.py::test_rejects_unsafe_or_non_nfc_names[a//b.py] 
contract_tests/test_source_manifest.py::test_rejects_unsafe_or_non_nfc_names[CON.txt] 
[gw1] [ 80%] PASSED contract_tests/test_source_manifest.py::test_rejects_unsafe_or_non_nfc_names[CON.txt] 
contract_tests/test_source_manifest.py::test_rejects_unsafe_or_non_nfc_names[folder/name.] 
[gw1] [ 80%] PASSED contract_tests/test_source_manifest.py::test_rejects_unsafe_or_non_nfc_names[folder/name.] 
contract_tests/test_source_manifest.py::test_rejects_unsafe_or_non_nfc_names[bad:name] 
[gw1] [ 80%] PASSED contract_tests/test_source_manifest.py::test_rejects_unsafe_or_non_nfc_names[bad:name] 
contract_tests/test_source_manifest.py::test_rejects_unsafe_or_non_nfc_names[bad\x00name] 
[gw1] [ 80%] PASSED contract_tests/test_source_manifest.py::test_rejects_unsafe_or_non_nfc_names[bad\x00name] 
contract_tests/test_source_manifest.py::test_rejects_unsafe_or_non_nfc_names[e\u0301.py] 
[gw1] [ 80%] PASSED contract_tests/test_source_manifest.py::test_rejects_unsafe_or_non_nfc_names[e\u0301.py] 
contract_tests/test_source_manifest.py::test_rejects_prefix_case_collisions_and_file_directory_conflicts[entries0] 
[gw1] [ 80%] PASSED contract_tests/test_source_manifest.py::test_rejects_prefix_case_collisions_and_file_directory_conflicts[entries0] 
contract_tests/test_source_manifest.py::test_rejects_prefix_case_collisions_and_file_directory_conflicts[entries1] 
[gw1] [ 81%] PASSED contract_tests/test_source_manifest.py::test_rejects_prefix_case_collisions_and_file_directory_conflicts[entries1] 
contract_tests/test_source_manifest.py::test_rejects_prefix_case_collisions_and_file_directory_conflicts[entries2] 
[gw1] [ 81%] PASSED contract_tests/test_source_manifest.py::test_rejects_prefix_case_collisions_and_file_directory_conflicts[entries2] 
contract_tests/test_source_manifest.py::test_rejects_prefix_case_collisions_and_file_directory_conflicts[entries3] 
[gw1] [ 81%] PASSED contract_tests/test_source_manifest.py::test_rejects_prefix_case_collisions_and_file_directory_conflicts[entries3] 
contract_tests/test_source_manifest.py::test_rejects_prefix_case_collisions_and_file_directory_conflicts[entries4] 
[gw1] [ 81%] PASSED contract_tests/test_source_manifest.py::test_rejects_prefix_case_collisions_and_file_directory_conflicts[entries4] 
contract_tests/test_source_manifest.py::test_rejects_non_regular_entry_kinds[symlink] 
[gw1] [ 81%] PASSED contract_tests/test_source_manifest.py::test_rejects_non_regular_entry_kinds[symlink] 
contract_tests/test_source_manifest.py::test_rejects_non_regular_entry_kinds[hardlink] 
[gw1] [ 81%] PASSED contract_tests/test_source_manifest.py::test_rejects_non_regular_entry_kinds[hardlink] 
contract_tests/test_source_manifest.py::test_rejects_non_regular_entry_kinds[fifo] 
[gw1] [ 81%] PASSED contract_tests/test_source_manifest.py::test_rejects_non_regular_entry_kinds[fifo] 
contract_tests/test_source_manifest.py::test_rejects_non_regular_entry_kinds[device] 
[gw1] [ 81%] PASSED contract_tests/test_source_manifest.py::test_rejects_non_regular_entry_kinds[device] 
contract_tests/test_source_manifest.py::test_rejects_non_regular_entry_kinds[socket] 
[gw1] [ 81%] PASSED contract_tests/test_source_manifest.py::test_rejects_non_regular_entry_kinds[socket] 
contract_tests/test_source_manifest.py::test_protected_input_must_be_a_selected_regular_file 
[gw1] [ 81%] PASSED contract_tests/test_source_manifest.py::test_protected_input_must_be_a_selected_regular_file 
contract_tests/test_source_manifest.py::test_rejects_privileged_or_non_permission_mode_bits[2541] 
[gw1] [ 81%] PASSED contract_tests/test_source_manifest.py::test_rejects_privileged_or_non_permission_mode_bits[2541] 
contract_tests/test_source_manifest.py::test_rejects_privileged_or_non_permission_mode_bits[1517] 
[gw1] [ 82%] PASSED contract_tests/test_source_manifest.py::test_rejects_privileged_or_non_permission_mode_bits[1517] 
contract_tests/test_source_manifest.py::test_rejects_privileged_or_non_permission_mode_bits[1005] 
[gw1] [ 82%] PASSED contract_tests/test_source_manifest.py::test_rejects_privileged_or_non_permission_mode_bits[1005] 
contract_tests/test_source_manifest.py::test_rejects_privileged_or_non_permission_mode_bits[4096] 
[gw1] [ 82%] PASSED contract_tests/test_source_manifest.py::test_rejects_privileged_or_non_permission_mode_bits[4096] 
contract_tests/test_source_manifest.py::test_rejects_directory_payload_and_non_bytes_file_content 
[gw1] [ 82%] PASSED contract_tests/test_source_manifest.py::test_rejects_directory_payload_and_non_bytes_file_content 
contract_tests/test_source_manifest.py::test_accepts_immutable_bytes_and_integer_subclasses 
[gw1] [ 82%] PASSED contract_tests/test_source_manifest.py::test_accepts_immutable_bytes_and_integer_subclasses 
contract_tests/test_source_manifest.py::test_rejects_boolean_file_mode 
[gw1] [ 82%] PASSED contract_tests/test_source_manifest.py::test_rejects_boolean_file_mode 
contract_tests/test_source_manifest.py::test_enforces_entry_file_total_and_path_bounds 
[gw1] [ 82%] PASSED contract_tests/test_source_manifest.py::test_enforces_entry_file_total_and_path_bounds 
contract_tests/test_source_manifest.py::test_rejects_oversized_lazy_entries_before_consuming_generator_tail 
[gw1] [ 82%] PASSED contract_tests/test_source_manifest.py::test_rejects_oversized_lazy_entries_before_consuming_generator_tail 
contract_tests/test_source_manifest.py::test_rejects_cumulative_bytes_before_consuming_generator_tail 
[gw1] [ 82%] PASSED contract_tests/test_source_manifest.py::test_rejects_cumulative_bytes_before_consuming_generator_tail 
contract_tests/test_source_read.py::test_measured_files_match_supplied_policy_and_borrow_root_fd 
[gw1] [ 82%] PASSED contract_tests/test_source_read.py::test_measured_files_match_supplied_policy_and_borrow_root_fd 
contract_tests/test_source_read.py::test_policy_rejection_precedes_any_content_read[paths0-protected0] 
[gw1] [ 83%] PASSED contract_tests/test_source_read.py::test_policy_rejection_precedes_any_content_read[paths0-protected0] 
contract_tests/test_source_read.py::test_policy_rejection_precedes_any_content_read[paths1-protected1] 
[gw1] [ 83%] PASSED contract_tests/test_source_read.py::test_policy_rejection_precedes_any_content_read[paths1-protected1] 
contract_tests/test_source_read.py::test_policy_rejection_precedes_any_content_read[paths2-protected2] 
[gw1] [ 83%] PASSED contract_tests/test_source_read.py::test_policy_rejection_precedes_any_content_read[paths2-protected2] 
contract_tests/test_source_read.py::test_policy_rejection_precedes_any_content_read[paths3-protected3] 
[gw1] [ 83%] PASSED contract_tests/test_source_read.py::test_policy_rejection_precedes_any_content_read[paths3-protected3] 
contract_tests/test_source_read.py::test_policy_rejection_precedes_any_content_read[paths4-protected4] 
[gw1] [ 83%] PASSED contract_tests/test_source_read.py::test_policy_rejection_precedes_any_content_read[paths4-protected4] 
contract_tests/test_source_read.py::test_unsafe_objects_are_not_read[leaf_link] 
[gw1] [ 83%] PASSED contract_tests/test_source_read.py::test_unsafe_objects_are_not_read[leaf_link] 
contract_tests/test_source_read.py::test_unsafe_objects_are_not_read[parent_link] 
[gw1] [ 83%] PASSED contract_tests/test_source_read.py::test_unsafe_objects_are_not_read[parent_link] 
contract_tests/test_source_read.py::test_unsafe_objects_are_not_read[hardlink] 
[gw1] [ 83%] PASSED contract_tests/test_source_read.py::test_unsafe_objects_are_not_read[hardlink] 
contract_tests/test_source_read.py::test_unsafe_objects_are_not_read[fifo] 
[gw1] [ 83%] PASSED contract_tests/test_source_read.py::test_unsafe_objects_are_not_read[fifo] 
contract_tests/test_source_read.py::test_unsafe_objects_are_not_read[directory] 
[gw1] [ 83%] PASSED contract_tests/test_source_read.py::test_unsafe_objects_are_not_read[directory] 
contract_tests/test_source_read.py::test_unsafe_objects_are_not_read[privileged] 
[gw1] [ 83%] PASSED contract_tests/test_source_read.py::test_unsafe_objects_are_not_read[privileged] 
contract_tests/test_source_read.py::test_changes_during_read_are_rejected[bytes] 
[gw1] [ 84%] PASSED contract_tests/test_source_read.py::test_changes_during_read_are_rejected[bytes] 
contract_tests/test_source_read.py::test_changes_during_read_are_rejected[mode] 
[gw1] [ 84%] PASSED contract_tests/test_source_read.py::test_changes_during_read_are_rejected[mode] 
contract_tests/test_source_read.py::test_changes_during_read_are_rejected[leaf_replace] 
[gw1] [ 84%] PASSED contract_tests/test_source_read.py::test_changes_during_read_are_rejected[leaf_replace] 
contract_tests/test_source_read.py::test_changes_during_read_are_rejected[parent_replace] 
[gw1] [ 84%] PASSED contract_tests/test_source_read.py::test_changes_during_read_are_rejected[parent_replace] 
contract_tests/test_source_read.py::test_changes_during_read_are_rejected[hardlink_added] 
[gw1] [ 84%] PASSED contract_tests/test_source_read.py::test_changes_during_read_are_rejected[hardlink_added] 
contract_tests/test_source_read.py::test_earlier_file_change_during_later_read_is_rejected 
[gw1] [ 84%] PASSED contract_tests/test_source_read.py::test_earlier_file_change_during_later_read_is_rejected 
contract_tests/test_source_read.py::test_replacement_during_open_is_rejected_before_content_read[leaf] 
[gw1] [ 84%] PASSED contract_tests/test_source_read.py::test_replacement_during_open_is_rejected_before_content_read[leaf] 
contract_tests/test_source_read.py::test_replacement_during_open_is_rejected_before_content_read[parent] 
[gw1] [ 84%] PASSED contract_tests/test_source_read.py::test_replacement_during_open_is_rejected_before_content_read[parent] 
contract_tests/test_source_read.py::test_borrowed_root_object_is_authority_after_original_name_replacement 
[gw1] [ 84%] PASSED contract_tests/test_source_read.py::test_borrowed_root_object_is_authority_after_original_name_replacement 
contract_tests/test_source_read.py::test_inventory_is_independent_of_verified_root_location 
[gw1] [ 84%] PASSED contract_tests/test_source_read.py::test_inventory_is_independent_of_verified_root_location 
contract_tests/test_source_read.py::test_read_calls_are_bounded_and_total_growth_is_rejected 
[gw1] [ 84%] PASSED contract_tests/test_source_read.py::test_read_calls_are_bounded_and_total_growth_is_rejected 
contract_tests/test_source_read.py::test_owned_descriptors_close_on_all_exits[missing] 
[gw1] [ 85%] PASSED contract_tests/test_source_read.py::test_owned_descriptors_close_on_all_exits[missing] 
contract_tests/test_source_read.py::test_owned_descriptors_close_on_all_exits[parent_link] 
[gw1] [ 85%] PASSED contract_tests/test_source_read.py::test_owned_descriptors_close_on_all_exits[parent_link] 
contract_tests/test_source_read.py::test_owned_descriptors_close_on_all_exits[read_error] 
[gw1] [ 85%] PASSED contract_tests/test_source_read.py::test_owned_descriptors_close_on_all_exits[read_error] 
contract_tests/test_source_read.py::test_owned_descriptors_close_on_all_exits[bounds] 
[gw1] [ 85%] PASSED contract_tests/test_source_read.py::test_owned_descriptors_close_on_all_exits[bounds] 
contract_tests/test_source_read.py::test_owned_descriptors_close_on_all_exits[success] 
[gw1] [ 85%] PASSED contract_tests/test_source_read.py::test_owned_descriptors_close_on_all_exits[success] 
contract_tests/test_source_read.py::test_actual_read_budget_and_declared_size_bounds 
[gw1] [ 85%] PASSED contract_tests/test_source_read.py::test_actual_read_budget_and_declared_size_bounds 
contract_tests/test_source_read.py::test_actual_bytes_enforced_when_opened_file_grows 
[gw1] [ 85%] PASSED contract_tests/test_source_read.py::test_actual_bytes_enforced_when_opened_file_grows 
contract_tests/test_source_read.py::test_selected_count_bound_precedes_file_read 
[gw1] [ 85%] PASSED contract_tests/test_source_read.py::test_selected_count_bound_precedes_file_read 
contract_tests/test_source_read.py::test_rejects_non_directory_root_descriptor 
[gw1] [ 85%] PASSED contract_tests/test_source_read.py::test_rejects_non_directory_root_descriptor 
contract_tests/test_source_read.py::test_unsupported_features_fail_without_fallback[platform] 
[gw1] [ 85%] PASSED contract_tests/test_source_read.py::test_unsupported_features_fail_without_fallback[platform] 
contract_tests/test_source_read.py::test_unsupported_features_fail_without_fallback[nofollow] 
[gw1] [ 85%] PASSED contract_tests/test_source_read.py::test_unsupported_features_fail_without_fallback[nofollow] 
contract_tests/test_source_read.py::test_unsupported_features_fail_without_fallback[open_dir_fd] 
[gw1] [ 86%] PASSED contract_tests/test_source_read.py::test_unsupported_features_fail_without_fallback[open_dir_fd] 
contract_tests/test_source_read.py::test_unsupported_features_fail_without_fallback[stat_nofollow] 
[gw1] [ 86%] PASSED contract_tests/test_source_read.py::test_unsupported_features_fail_without_fallback[stat_nofollow] 
contract_tests/test_source_read.py::test_device_is_classified_before_any_readable_open[existing_device] 
[gw1] [ 86%] PASSED contract_tests/test_source_read.py::test_device_is_classified_before_any_readable_open[existing_device] 
contract_tests/test_source_read.py::test_device_is_classified_before_any_readable_open[replacement_device] 
[gw1] [ 86%] PASSED contract_tests/test_source_read.py::test_device_is_classified_before_any_readable_open[replacement_device] 
contract_tests/test_source_read.py::test_procfd_failures_do_not_read_or_leak_descriptors[proc_directory] 
[gw1] [ 86%] PASSED contract_tests/test_source_read.py::test_procfd_failures_do_not_read_or_leak_descriptors[proc_directory] 
contract_tests/test_source_read.py::test_procfd_failures_do_not_read_or_leak_descriptors[proc_reopen] 
[gw1] [ 86%] PASSED contract_tests/test_source_read.py::test_procfd_failures_do_not_read_or_leak_descriptors[proc_reopen] 
contract_tests/test_source_read.py::test_procfd_failures_do_not_read_or_leak_descriptors[wrong_object] 
[gw1] [ 86%] PASSED contract_tests/test_source_read.py::test_procfd_failures_do_not_read_or_leak_descriptors[wrong_object] 
contract_tests/test_source_read.py::test_missing_o_path_fails_without_fallback 
[gw1] [ 86%] PASSED contract_tests/test_source_read.py::test_missing_o_path_fails_without_fallback 
contract_tests/test_source_read.py::test_invalid_linux_flag_fails_before_acquisition[True] 
[gw1] [ 86%] PASSED contract_tests/test_source_read.py::test_invalid_linux_flag_fails_before_acquisition[True] 
contract_tests/test_source_read.py::test_invalid_linux_flag_fails_before_acquisition[-1] 
[gw1] [ 86%] PASSED contract_tests/test_source_read.py::test_invalid_linux_flag_fails_before_acquisition[-1] 
contract_tests/test_source_read.py::test_invalid_linux_flag_fails_before_acquisition[unsupported] 
[gw1] [ 86%] PASSED contract_tests/test_source_read.py::test_invalid_linux_flag_fails_before_acquisition[unsupported] 
contract_tests/test_source_read.py::test_procfd_reopen_pins_original_leaf_and_rejects_replacement[regular] 
[gw1] [ 87%] PASSED contract_tests/test_source_read.py::test_procfd_reopen_pins_original_leaf_and_rejects_replacement[regular] 
contract_tests/test_source_read.py::test_procfd_reopen_pins_original_leaf_and_rejects_replacement[device_link] 
[gw1] [ 87%] PASSED contract_tests/test_source_read.py::test_procfd_reopen_pins_original_leaf_and_rejects_replacement[device_link] 
contract_tests/test_source_staging.py::test_stages_exact_measured_bytes_with_portable_modes_and_borrowed_fds 
[gw1] [ 87%] PASSED contract_tests/test_source_staging.py::test_stages_exact_measured_bytes_with_portable_modes_and_borrowed_fds 
contract_tests/test_source_staging.py::test_empty_selection_stages_empty_inventory_without_touching_destination 
[gw1] [ 87%] PASSED contract_tests/test_source_staging.py::test_empty_selection_stages_empty_inventory_without_touching_destination 
contract_tests/test_source_staging.py::test_missing_staging_descriptor_feature_fails_closed_before_read[mkdir_dir_fd] 
[gw1] [ 87%] PASSED contract_tests/test_source_staging.py::test_missing_staging_descriptor_feature_fails_closed_before_read[mkdir_dir_fd] 
contract_tests/test_source_staging.py::test_missing_staging_descriptor_feature_fails_closed_before_read[scandir_fd] 
[gw1] [ 87%] PASSED contract_tests/test_source_staging.py::test_missing_staging_descriptor_feature_fails_closed_before_read[scandir_fd] 
contract_tests/test_source_staging.py::test_missing_linux_callable_fails_before_read_or_staging[geteuid-missing] 
[gw1] [ 87%] PASSED contract_tests/test_source_staging.py::test_missing_linux_callable_fails_before_read_or_staging[geteuid-missing] 
contract_tests/test_source_staging.py::test_missing_linux_callable_fails_before_read_or_staging[geteuid-None] 
[gw1] [ 87%] PASSED contract_tests/test_source_staging.py::test_missing_linux_callable_fails_before_read_or_staging[geteuid-None] 
contract_tests/test_source_staging.py::test_missing_linux_callable_fails_before_read_or_staging[fchmod-missing] 
[gw1] [ 87%] PASSED contract_tests/test_source_staging.py::test_missing_linux_callable_fails_before_read_or_staging[fchmod-missing] 
contract_tests/test_source_staging.py::test_missing_linux_callable_fails_before_read_or_staging[fchmod-None] 
[gw1] [ 87%] PASSED contract_tests/test_source_staging.py::test_missing_linux_callable_fails_before_read_or_staging[fchmod-None] 
contract_tests/test_source_staging.py::test_initial_leaf_observation_failure_reports_unresolved_file 
[gw1] [ 87%] PASSED contract_tests/test_source_staging.py::test_initial_leaf_observation_failure_reports_unresolved_file 
contract_tests/test_source_staging.py::test_rejects_invalid_destination_before_read_or_modification[nonempty] 
[gw1] [ 88%] PASSED contract_tests/test_source_staging.py::test_rejects_invalid_destination_before_read_or_modification[nonempty] 
contract_tests/test_source_staging.py::test_rejects_invalid_destination_before_read_or_modification[public] 
[gw1] [ 88%] PASSED contract_tests/test_source_staging.py::test_rejects_invalid_destination_before_read_or_modification[public] 
contract_tests/test_source_staging.py::test_rejects_invalid_destination_before_read_or_modification[not_directory] 
[gw1] [ 88%] PASSED contract_tests/test_source_staging.py::test_rejects_invalid_destination_before_read_or_modification[not_directory] 
contract_tests/test_source_staging.py::test_unsafe_source_objects_are_rejected_without_stage_entries[symlink] 
[gw1] [ 88%] PASSED contract_tests/test_source_staging.py::test_unsafe_source_objects_are_rejected_without_stage_entries[symlink] 
contract_tests/test_source_staging.py::test_unsafe_source_objects_are_rejected_without_stage_entries[hardlink] 
[gw1] [ 88%] PASSED contract_tests/test_source_staging.py::test_unsafe_source_objects_are_rejected_without_stage_entries[hardlink] 
contract_tests/test_source_staging.py::test_unsafe_source_objects_are_rejected_without_stage_entries[fifo] 
[gw1] [ 88%] PASSED contract_tests/test_source_staging.py::test_unsafe_source_objects_are_rejected_without_stage_entries[fifo] 
contract_tests/test_source_staging.py::test_unsafe_source_objects_are_rejected_without_stage_entries[directory] 
[gw1] [ 88%] PASSED contract_tests/test_source_staging.py::test_unsafe_source_objects_are_rejected_without_stage_entries[directory] 
contract_tests/test_source_staging.py::test_source_replacement_after_measurement_is_rejected_and_cleaned 
[gw1] [ 88%] PASSED contract_tests/test_source_staging.py::test_source_replacement_after_measurement_is_rejected_and_cleaned 
contract_tests/test_source_staging.py::test_copy_failure_removes_only_task_created_entries 
[gw1] [ 88%] PASSED contract_tests/test_source_staging.py::test_copy_failure_removes_only_task_created_entries 
contract_tests/test_source_staging.py::test_cleanup_preserves_unowned_entry_added_during_failure 
[gw1] [ 88%] PASSED contract_tests/test_source_staging.py::test_cleanup_preserves_unowned_entry_added_during_failure 
contract_tests/test_source_staging.py::test_source_growth_during_staging_is_rejected_and_cleaned 
[gw1] [ 89%] PASSED contract_tests/test_source_staging.py::test_source_growth_during_staging_is_rejected_and_cleaned 
contract_tests/test_source_staging.py::test_nested_directory_setup_failure_cleans_all_created_ancestors[identity] 
[gw1] [ 89%] PASSED contract_tests/test_source_staging.py::test_nested_directory_setup_failure_cleans_all_created_ancestors[identity] 
contract_tests/test_source_staging.py::test_nested_directory_setup_failure_cleans_all_created_ancestors[open] 
[gw1] [ 89%] PASSED contract_tests/test_source_staging.py::test_nested_directory_setup_failure_cleans_all_created_ancestors[open] 
contract_tests/test_source_staging.py::test_nested_directory_setup_failure_cleans_all_created_ancestors[observe] 
[gw1] [ 89%] PASSED contract_tests/test_source_staging.py::test_nested_directory_setup_failure_cleans_all_created_ancestors[observe] 
contract_tests/test_source_staging.py::test_staged_bytes_are_rechecked_and_mutation_cleans_owned_tree 
[gw1] [ 89%] PASSED contract_tests/test_source_staging.py::test_staged_bytes_are_rechecked_and_mutation_cleans_owned_tree 
contract_tests/test_source_staging.py::test_actual_copy_bytes_stay_within_policy_bounds 
[gw1] [ 89%] PASSED contract_tests/test_source_staging.py::test_actual_copy_bytes_stay_within_policy_bounds 
[gw0] [ 89%] PASSED action_server_tests/common_tests/test_tools.py::test_action_server_tool 
action_server_tests/common_tests/test_tools.py::test_agent_cli_tool 
[gw0] [ 89%] PASSED action_server_tests/common_tests/test_tools.py::test_agent_cli_tool 
action_server_tests/common_tests/test_tools.py::test_rcc_tool 
[gw0] [ 89%] PASSED action_server_tests/common_tests/test_tools.py::test_rcc_tool 
action_server_tests/common_tests/test_uris.py::test_to_fs_path[file:///foo/bar#frag-/foo/bar] 
[gw0] [ 89%] PASSED action_server_tests/common_tests/test_uris.py::test_to_fs_path[file:///foo/bar#frag-/foo/bar] 
action_server_tests/common_tests/test_uris.py::test_to_fs_path[file:/foo/bar#frag-/foo/bar] 
[gw0] [ 89%] PASSED action_server_tests/common_tests/test_uris.py::test_to_fs_path[file:/foo/bar#frag-/foo/bar] 
action_server_tests/common_tests/test_uris.py::test_to_fs_path[file:/foo/space%20%3Fbar#frag-/foo/space ?bar] 
[gw0] [ 90%] PASSED action_server_tests/common_tests/test_uris.py::test_to_fs_path[file:/foo/space%20%3Fbar#frag-/foo/space ?bar] 
action_server_tests/common_tests/test_uris.py::test_normalize_uri 
[gw0] [ 90%] SKIPPED action_server_tests/common_tests/test_uris.py::test_normalize_uri 
action_server_tests/common_tests/test_uris.py::test_win_to_fs_path[file:///c:/far/boo-c:\\far\\boo] 
[gw0] [ 90%] SKIPPED action_server_tests/common_tests/test_uris.py::test_win_to_fs_path[file:///c:/far/boo-c:\\far\\boo] 
action_server_tests/common_tests/test_uris.py::test_win_to_fs_path[file:///C:/far/boo-c:\\far\\boo] 
[gw0] [ 90%] SKIPPED action_server_tests/common_tests/test_uris.py::test_win_to_fs_path[file:///C:/far/boo-c:\\far\\boo] 
action_server_tests/common_tests/test_uris.py::test_win_to_fs_path[file:///C:/far/space%20%3Fboo-c:\\far\\space ?boo] 
[gw0] [ 90%] SKIPPED action_server_tests/common_tests/test_uris.py::test_win_to_fs_path[file:///C:/far/space%20%3Fboo-c:\\far\\space ?boo] 
action_server_tests/common_tests/test_uris.py::test_from_fs_path[/foo/bar-file:///foo/bar] 
[gw0] [ 90%] PASSED action_server_tests/common_tests/test_uris.py::test_from_fs_path[/foo/bar-file:///foo/bar] 
action_server_tests/common_tests/test_uris.py::test_from_fs_path[/foo/space ?bar-file:///foo/space%20%3Fbar] 
[gw0] [ 90%] PASSED action_server_tests/common_tests/test_uris.py::test_from_fs_path[/foo/space ?bar-file:///foo/space%20%3Fbar] 
action_server_tests/common_tests/test_uris.py::test_win_from_fs_path[c:\\far\\boo-file:///c:/far/boo] 
[gw0] [ 90%] SKIPPED action_server_tests/common_tests/test_uris.py::test_win_from_fs_path[c:\\far\\boo-file:///c:/far/boo] 
action_server_tests/common_tests/test_uris.py::test_win_from_fs_path[C:\\far\\space ?boo-file:///c:/far/space%20%3Fboo] 
[gw0] [ 90%] SKIPPED action_server_tests/common_tests/test_uris.py::test_win_from_fs_path[C:\\far\\space ?boo-file:///c:/far/space%20%3Fboo] 
action_server_tests/common_tests/test_uris.py::test_uri_with[file:///foo/bar-kwargs0-file:///baz/boo] 
[gw0] [ 90%] PASSED action_server_tests/common_tests/test_uris.py::test_uri_with[file:///foo/bar-kwargs0-file:///baz/boo] 
action_server_tests/common_tests/test_uris.py::test_uri_with[file:///D:/hello%20world.py-kwargs1-file:///d:/hello%20universe.py] 
[gw0] [ 90%] PASSED action_server_tests/common_tests/test_uris.py::test_uri_with[file:///D:/hello%20world.py-kwargs1-file:///d:/hello%20universe.py] 
action_server_tests/common_tests/test_uris.py::test_normalize_drive 
[gw0] [ 91%] PASSED action_server_tests/common_tests/test_uris.py::test_normalize_drive 
action_server_tests/common_tests/test_wait_for.py::test_wait_for_non_error_condition 
[gw0] [ 91%] PASSED action_server_tests/common_tests/test_wait_for.py::test_wait_for_non_error_condition 
action_server_tests/common_tests/test_wait_for.py::test_wait_for_condition 
[gw0] [ 91%] PASSED action_server_tests/common_tests/test_wait_for.py::test_wait_for_condition 
action_server_tests/mcp/test_alias_history.py::test_generated_alias_cannot_be_captured_by_later_literal_name 
[gw0] [ 91%] PASSED action_server_tests/mcp/test_alias_history.py::test_generated_alias_cannot_be_captured_by_later_literal_name 
action_server_tests/mcp/test_alias_history.py::test_bare_alias_is_not_reassigned_after_collision_arrival_and_removal[disabled] 
[gw0] [ 91%] PASSED action_server_tests/mcp/test_alias_history.py::test_bare_alias_is_not_reassigned_after_collision_arrival_and_removal[disabled] 
action_server_tests/mcp/test_alias_history.py::test_bare_alias_is_not_reassigned_after_collision_arrival_and_removal[whitelist] 
[gw0] [ 91%] PASSED action_server_tests/mcp/test_alias_history.py::test_bare_alias_is_not_reassigned_after_collision_arrival_and_removal[whitelist] 
action_server_tests/mcp/test_alias_history.py::test_bare_alias_is_not_reassigned_after_collision_arrival_and_removal[deleted] 
[gw0] [ 91%] PASSED action_server_tests/mcp/test_alias_history.py::test_bare_alias_is_not_reassigned_after_collision_arrival_and_removal[deleted] 
action_server_tests/mcp/test_alias_history.py::test_retired_alias_does_not_bypass_bearer_authentication[secret] 
[gw0] [ 91%] PASSED action_server_tests/mcp/test_alias_history.py::test_retired_alias_does_not_bypass_bearer_authentication[secret] 
action_server_tests/mcp/test_alias_history.py::test_exact_public_key_reassignment_is_rejected_and_rename_recovers[resource] 
[gw0] [ 91%] PASSED action_server_tests/mcp/test_alias_history.py::test_exact_public_key_reassignment_is_rejected_and_rename_recovers[resource] 
action_server_tests/mcp/test_alias_history.py::test_exact_public_key_reassignment_is_rejected_and_rename_recovers[resource-template] 
[gw0] [ 91%] PASSED action_server_tests/mcp/test_alias_history.py::test_exact_public_key_reassignment_is_rejected_and_rename_recovers[resource-template] 
action_server_tests/mcp/test_alias_history.py::test_exact_public_key_reassignment_is_rejected_and_rename_recovers[prompt] 
[gw0] [ 91%] PASSED action_server_tests/mcp/test_alias_history.py::test_exact_public_key_reassignment_is_rejected_and_rename_recovers[prompt] 
action_server_tests/mcp/test_alias_history.py::test_public_key_namespaces_are_separate 
[gw0] [ 92%] PASSED action_server_tests/mcp/test_alias_history.py::test_public_key_namespaces_are_separate 
action_server_tests/mcp/test_alias_history.py::test_long_public_key_uses_fixed_size_index_and_preserves_exact_key 
[gw0] [ 92%] PASSED action_server_tests/mcp/test_alias_history.py::test_long_public_key_uses_fixed_size_index_and_preserves_exact_key 
action_server_tests/mcp/test_alias_history.py::test_catalog_key_digest_collision_is_rejected_before_inserting 
[gw0] [ 92%] PASSED action_server_tests/mcp/test_alias_history.py::test_catalog_key_digest_collision_is_rejected_before_inserting 
action_server_tests/mcp/test_alias_history.py::test_alias_ownership_survives_restart_and_action_uuid_change 
[gw0] [ 92%] PASSED action_server_tests/mcp/test_alias_history.py::test_alias_ownership_survives_restart_and_action_uuid_change 
action_server_tests/mcp/test_alias_history.py::test_equivalent_catalogs_ignore_unrelated_reservation_histories 
[gw0] [ 92%] PASSED action_server_tests/mcp/test_alias_history.py::test_equivalent_catalogs_ignore_unrelated_reservation_histories 
action_server_tests/mcp/test_alias_history.py::test_failed_batch_admission_rolls_back_name_reservations 
[gw0] [ 92%] PASSED action_server_tests/mcp/test_alias_history.py::test_failed_batch_admission_rolls_back_name_reservations 
action_server_tests/mcp/test_alias_history.py::test_invalid_catalog_does_not_reserve_candidate_names 
[gw0] [ 92%] PASSED action_server_tests/mcp/test_alias_history.py::test_invalid_catalog_does_not_reserve_candidate_names 
action_server_tests/mcp/test_alias_history.py::test_v12_migration_creates_empty_history_matching_fresh_schema 
[gw0] [ 92%] PASSED action_server_tests/mcp/test_alias_history.py::test_v12_migration_creates_empty_history_matching_fresh_schema 
action_server_tests/mcp/test_alias_history.py::test_concurrent_processes_serialize_empty_history_allocation[True] 
[gw0] [ 92%] PASSED action_server_tests/mcp/test_alias_history.py::test_concurrent_processes_serialize_empty_history_allocation[True] 
action_server_tests/mcp/test_alias_history.py::test_concurrent_processes_serialize_empty_history_allocation[False] 
[gw0] [ 92%] PASSED action_server_tests/mcp/test_alias_history.py::test_concurrent_processes_serialize_empty_history_allocation[False] 
action_server_tests/mcp/test_mcp_apps_authoring.py::test_public_mcp_apps_metadata_through_runtime_streamable_route 
[gw0] [ 92%] PASSED action_server_tests/mcp/test_mcp_apps_authoring.py::test_public_mcp_apps_metadata_through_runtime_streamable_route 
action_server_tests/mcp/test_mcp_gateway_metadata.py::test_exposes_privacy_safe_tool_class_to_state_and_context 
[gw0] [ 93%] PASSED action_server_tests/mcp/test_mcp_gateway_metadata.py::test_exposes_privacy_safe_tool_class_to_state_and_context 
action_server_tests/mcp/test_mcp_gateway_metadata.py::test_accepts_mcp_v2_and_future_method_names_with_finite_telemetry 
[gw0] [ 93%] PASSED action_server_tests/mcp/test_mcp_gateway_metadata.py::test_accepts_mcp_v2_and_future_method_names_with_finite_telemetry 
action_server_tests/mcp/test_mcp_gateway_metadata.py::test_extracts_named_resource_and_prompt_from_validated_params 
[gw0] [ 93%] PASSED action_server_tests/mcp/test_mcp_gateway_metadata.py::test_extracts_named_resource_and_prompt_from_validated_params 
action_server_tests/mcp/test_mcp_gateway_metadata.py::test_metadata_sinks_have_finite_privacy_safe_values_for_all_provenances 
[gw0] [ 93%] PASSED action_server_tests/mcp/test_mcp_gateway_metadata.py::test_metadata_sinks_have_finite_privacy_safe_values_for_all_provenances 
action_server_tests/mcp/test_mcp_gateway_metadata.py::test_batch_metadata_is_bounded_and_notifications_are_supported 
[gw0] [ 93%] PASSED action_server_tests/mcp/test_mcp_gateway_metadata.py::test_batch_metadata_is_bounded_and_notifications_are_supported 
action_server_tests/mcp/test_mcp_gateway_metadata.py::test_batch_response_entries_do_not_break_request_metadata 
[gw0] [ 93%] PASSED action_server_tests/mcp/test_mcp_gateway_metadata.py::test_batch_response_entries_do_not_break_request_metadata 
action_server_tests/mcp/test_mcp_gateway_metadata.py::test_response_only_batches_ignore_metadata_without_rejection 
[gw0] [ 93%] PASSED action_server_tests/mcp/test_mcp_gateway_metadata.py::test_response_only_batches_ignore_metadata_without_rejection 
action_server_tests/mcp/test_mcp_gateway_metadata.py::test_spoofed_or_inconsistent_identity_is_rejected 
[gw0] [ 93%] PASSED action_server_tests/mcp/test_mcp_gateway_metadata.py::test_spoofed_or_inconsistent_identity_is_rejected 
action_server_tests/mcp/test_mcp_gateway_metadata.py::test_missing_headers_are_normalized_from_body 
[gw0] [ 93%] PASSED action_server_tests/mcp/test_mcp_gateway_metadata.py::test_missing_headers_are_normalized_from_body 
action_server_tests/mcp/test_mcp_gateway_metadata.py::test_correlation_id_preserves_valid_uuid_and_generates_for_arbitrary_input 
[gw0] [ 93%] PASSED action_server_tests/mcp/test_mcp_gateway_metadata.py::test_correlation_id_preserves_valid_uuid_and_generates_for_arbitrary_input 
action_server_tests/mcp/test_mcp_gateway_metadata.py::test_outer_authentication_rejects_before_metadata_parser 
[gw0] [ 93%] PASSED action_server_tests/mcp/test_mcp_gateway_metadata.py::test_outer_authentication_rejects_before_metadata_parser 
action_server_tests/mcp/test_mcp_gateway_metadata.py::test_valid_jsonrpc_responses_with_metadata_headers_reach_the_sdk 
[gw0] [ 94%] PASSED action_server_tests/mcp/test_mcp_gateway_metadata.py::test_valid_jsonrpc_responses_with_metadata_headers_reach_the_sdk 
action_server_tests/mcp/test_mcp_gateway_metadata.py::test_fragmented_body_is_replayed_once_then_original_receive_is_delegated 
[gw0] [ 94%] PASSED action_server_tests/mcp/test_mcp_gateway_metadata.py::test_fragmented_body_is_replayed_once_then_original_receive_is_delegated 
action_server_tests/mcp/test_mcp_gateway_metadata.py::test_oversized_body_is_rejected_without_forwarding_body 
[gw0] [ 94%] PASSED action_server_tests/mcp/test_mcp_gateway_metadata.py::test_oversized_body_is_rejected_without_forwarding_body 
action_server_tests/mcp/test_mcp_gateway_metadata.py::test_body_at_one_mib_is_forwarded 
[gw0] [ 94%] PASSED action_server_tests/mcp/test_mcp_gateway_metadata.py::test_body_at_one_mib_is_forwarded 
action_server_tests/mcp/test_mcp_gateway_metadata.py::test_declared_oversized_body_is_rejected_before_consumption 
[gw0] [ 94%] PASSED action_server_tests/mcp/test_mcp_gateway_metadata.py::test_declared_oversized_body_is_rejected_before_consumption 
action_server_tests/mcp/test_mcp_gateway_metadata.py::test_disconnect_messages_are_replayed_to_the_sdk 
[gw0] [ 94%] PASSED action_server_tests/mcp/test_mcp_gateway_metadata.py::test_disconnect_messages_are_replayed_to_the_sdk 
action_server_tests/mcp/test_mcp_gateway_metadata.py::test_untrusted_jsonrpc_shapes_never_become_metadata 
[gw0] [ 94%] PASSED action_server_tests/mcp/test_mcp_gateway_metadata.py::test_untrusted_jsonrpc_shapes_never_become_metadata 
action_server_tests/mcp/test_mcp_gateway_metadata.py::test_parser_failures_are_forwarded_without_a_middleware_500 
[gw0] [ 94%] PASSED action_server_tests/mcp/test_mcp_gateway_metadata.py::test_parser_failures_are_forwarded_without_a_middleware_500 
action_server_tests/mcp/test_mcp_gateway_metadata.py::test_oversized_name_is_rejected_without_trusting_header 
[gw0] [ 94%] PASSED action_server_tests/mcp/test_mcp_gateway_metadata.py::test_oversized_name_is_rejected_without_trusting_header 
action_server_tests/mcp/test_mcp_gateway_metadata.py::test_duplicate_identity_headers_are_rejected_case_insensitively 
[gw0] [ 94%] PASSED action_server_tests/mcp/test_mcp_gateway_metadata.py::test_duplicate_identity_headers_are_rejected_case_insensitively 
action_server_tests/mcp/test_mcp_gateway_metadata.py::test_correlation_id_is_propagated_on_response_and_observed_by_consumer 
[gw0] [ 95%] PASSED action_server_tests/mcp/test_mcp_gateway_metadata.py::test_correlation_id_is_propagated_on_response_and_observed_by_consumer 
action_server_tests/mcp/test_mcp_gateway_metadata.py::test_response_request_id_replaces_downstream_duplicates_case_insensitively 
[gw0] [ 95%] PASSED action_server_tests/mcp/test_mcp_gateway_metadata.py::test_response_request_id_replaces_downstream_duplicates_case_insensitively 
action_server_tests/mcp/test_mcp_gateway_metadata.py::test_observability_record_is_bounded_redacted_and_has_outcome_fields 
[gw0] [ 95%] PASSED action_server_tests/mcp/test_mcp_gateway_metadata.py::test_observability_record_is_bounded_redacted_and_has_outcome_fields 
action_server_tests/mcp/test_mcp_gateway_metadata.py::test_resource_telemetry_redacts_opaque_and_sensitive_identifiers 
[gw0] [ 95%] PASSED action_server_tests/mcp/test_mcp_gateway_metadata.py::test_resource_telemetry_redacts_opaque_and_sensitive_identifiers 
action_server_tests/mcp/test_mcp_gateway_metadata.py::test_resource_telemetry_never_emits_authorities_or_uri_payloads 
[gw0] [ 95%] PASSED action_server_tests/mcp/test_mcp_gateway_metadata.py::test_resource_telemetry_never_emits_authorities_or_uri_payloads 
action_server_tests/mcp/test_mcp_gateway_metadata.py::test_every_uri_derived_name_is_strictly_sanitized_across_metadata_sinks 
[gw0] [ 95%] PASSED action_server_tests/mcp/test_mcp_gateway_metadata.py::test_every_uri_derived_name_is_strictly_sanitized_across_metadata_sinks 
action_server_tests/mcp/test_mcp_gateway_metadata.py::test_observer_exceptions_are_non_fatal_and_do_not_emit_request_data 
[gw0] [ 95%] PASSED action_server_tests/mcp/test_mcp_gateway_metadata.py::test_observer_exceptions_are_non_fatal_and_do_not_emit_request_data 
action_server_tests/mcp/test_mcp_gateway_metadata.py::test_whitespace_around_identity_values_is_rejected 
[gw0] [ 95%] PASSED action_server_tests/mcp/test_mcp_gateway_metadata.py::test_whitespace_around_identity_values_is_rejected 
action_server_tests/mcp/test_mcp_gateway_metadata.py::test_malformed_json_without_metadata_headers_preserves_downstream_status 
[gw0] [ 95%] PASSED action_server_tests/mcp/test_mcp_gateway_metadata.py::test_malformed_json_without_metadata_headers_preserves_downstream_status 
action_server_tests/mcp/test_mcp_gateway_metadata.py::test_outer_auth_gate_rejects_without_consuming_request_body 
[gw0] [ 95%] PASSED action_server_tests/mcp/test_mcp_gateway_metadata.py::test_outer_auth_gate_rejects_without_consuming_request_body 
action_server_tests/mcp/test_mcp_gateway_metadata.py::test_request_context_isolated_across_concurrent_requests 
[gw0] [ 95%] PASSED action_server_tests/mcp/test_mcp_gateway_metadata.py::test_request_context_isolated_across_concurrent_requests 
action_server_tests/mcp/test_mcp_gateway_metadata.py::test_cors_exposes_the_canonical_mcp_request_id 
[gw0] [ 96%] PASSED action_server_tests/mcp/test_mcp_gateway_metadata.py::test_cors_exposes_the_canonical_mcp_request_id 
action_server_tests/mcp/test_pinned_mcp_auth_sdk_contract.py::test_probe_is_bound_to_the_locked_sdk_version 
[gw0] [ 96%] PASSED action_server_tests/mcp/test_pinned_mcp_auth_sdk_contract.py::test_probe_is_bound_to_the_locked_sdk_version 
action_server_tests/mcp/test_pinned_mcp_auth_sdk_contract.py::test_sdk_accepts_https_and_loopback_http_issuer_urls[https://auth.example.test/issuer] 
[gw0] [ 96%] PASSED action_server_tests/mcp/test_pinned_mcp_auth_sdk_contract.py::test_sdk_accepts_https_and_loopback_http_issuer_urls[https://auth.example.test/issuer] 
action_server_tests/mcp/test_pinned_mcp_auth_sdk_contract.py::test_sdk_accepts_https_and_loopback_http_issuer_urls[http://localhost:9000/issuer] 
[gw0] [ 96%] PASSED action_server_tests/mcp/test_pinned_mcp_auth_sdk_contract.py::test_sdk_accepts_https_and_loopback_http_issuer_urls[http://localhost:9000/issuer] 
action_server_tests/mcp/test_pinned_mcp_auth_sdk_contract.py::test_sdk_accepts_https_and_loopback_http_issuer_urls[http://127.0.0.1:9000/issuer] 
[gw0] [ 96%] PASSED action_server_tests/mcp/test_pinned_mcp_auth_sdk_contract.py::test_sdk_accepts_https_and_loopback_http_issuer_urls[http://127.0.0.1:9000/issuer] 
action_server_tests/mcp/test_pinned_mcp_auth_sdk_contract.py::test_sdk_accepts_https_and_loopback_http_issuer_urls[http://[::1]:9000/issuer] 
[gw0] [ 96%] PASSED action_server_tests/mcp/test_pinned_mcp_auth_sdk_contract.py::test_sdk_accepts_https_and_loopback_http_issuer_urls[http://[::1]:9000/issuer] 
action_server_tests/mcp/test_pinned_mcp_auth_sdk_contract.py::test_sdk_rejects_non_loopback_http_and_issuer_query_or_fragment[http://auth.example.test/issuer] 
[gw0] [ 96%] PASSED action_server_tests/mcp/test_pinned_mcp_auth_sdk_contract.py::test_sdk_rejects_non_loopback_http_and_issuer_query_or_fragment[http://auth.example.test/issuer] 
action_server_tests/mcp/test_pinned_mcp_auth_sdk_contract.py::test_sdk_rejects_non_loopback_http_and_issuer_query_or_fragment[https://auth.example.test/issuer?tenant=one] 
[gw0] [ 96%] PASSED action_server_tests/mcp/test_pinned_mcp_auth_sdk_contract.py::test_sdk_rejects_non_loopback_http_and_issuer_query_or_fragment[https://auth.example.test/issuer?tenant=one] 
action_server_tests/mcp/test_pinned_mcp_auth_sdk_contract.py::test_sdk_rejects_non_loopback_http_and_issuer_query_or_fragment[https://auth.example.test/issuer#fragment] 
[gw0] [ 96%] PASSED action_server_tests/mcp/test_pinned_mcp_auth_sdk_contract.py::test_sdk_rejects_non_loopback_http_and_issuer_query_or_fragment[https://auth.example.test/issuer#fragment] 
action_server_tests/mcp/test_pinned_mcp_auth_sdk_contract.py::test_sdk_cimd_url_helper_requires_https_and_non_root_path[https://client.example.test/metadata.json-True] 
[gw0] [ 96%] PASSED action_server_tests/mcp/test_pinned_mcp_auth_sdk_contract.py::test_sdk_cimd_url_helper_requires_https_and_non_root_path[https://client.example.test/metadata.json-True] 
action_server_tests/mcp/test_pinned_mcp_auth_sdk_contract.py::test_sdk_cimd_url_helper_requires_https_and_non_root_path[https://client.example.test/-False] 
[gw0] [ 96%] PASSED action_server_tests/mcp/test_pinned_mcp_auth_sdk_contract.py::test_sdk_cimd_url_helper_requires_https_and_non_root_path[https://client.example.test/-False] 
action_server_tests/mcp/test_pinned_mcp_auth_sdk_contract.py::test_sdk_cimd_url_helper_requires_https_and_non_root_path[https://client.example.test-False] 
[gw0] [ 97%] PASSED action_server_tests/mcp/test_pinned_mcp_auth_sdk_contract.py::test_sdk_cimd_url_helper_requires_https_and_non_root_path[https://client.example.test-False] 
action_server_tests/mcp/test_pinned_mcp_auth_sdk_contract.py::test_sdk_cimd_url_helper_requires_https_and_non_root_path[http://client.example.test/metadata.json-False] 
[gw0] [ 97%] PASSED action_server_tests/mcp/test_pinned_mcp_auth_sdk_contract.py::test_sdk_cimd_url_helper_requires_https_and_non_root_path[http://client.example.test/metadata.json-False] 
action_server_tests/mcp/test_pinned_mcp_auth_sdk_contract.py::test_sdk_cimd_url_helper_requires_https_and_non_root_path[None-False] 
[gw0] [ 97%] PASSED action_server_tests/mcp/test_pinned_mcp_auth_sdk_contract.py::test_sdk_cimd_url_helper_requires_https_and_non_root_path[None-False] 
action_server_tests/mcp/test_pinned_mcp_auth_sdk_contract.py::test_locked_server_metadata_does_not_advertise_cimd_support 
[gw0] [ 97%] PASSED action_server_tests/mcp/test_pinned_mcp_auth_sdk_contract.py::test_locked_server_metadata_does_not_advertise_cimd_support 
action_server_tests/mcp/test_pinned_mcp_auth_sdk_contract.py::test_sdk_maps_resource_path_to_rfc9728_metadata_url[https://runtime.example.test/mcp-https://runtime.example.test/.well-known/oauth-protected-resource/mcp] 
[gw0] [ 97%] PASSED action_server_tests/mcp/test_pinned_mcp_auth_sdk_contract.py::test_sdk_maps_resource_path_to_rfc9728_metadata_url[https://runtime.example.test/mcp-https://runtime.example.test/.well-known/oauth-protected-resource/mcp] 
action_server_tests/mcp/test_pinned_mcp_auth_sdk_contract.py::test_sdk_maps_resource_path_to_rfc9728_metadata_url[https://runtime.example.test/-https://runtime.example.test/.well-known/oauth-protected-resource] 
[gw0] [ 97%] PASSED action_server_tests/mcp/test_pinned_mcp_auth_sdk_contract.py::test_sdk_maps_resource_path_to_rfc9728_metadata_url[https://runtime.example.test/-https://runtime.example.test/.well-known/oauth-protected-resource] 
action_server_tests/mcp/test_setup_mcp_server.py::test_package_scoped_http_actions_have_distinct_mcp_tools[all] 
[gw0] [ 97%] PASSED action_server_tests/mcp/test_setup_mcp_server.py::test_package_scoped_http_actions_have_distinct_mcp_tools[all] 
action_server_tests/mcp/test_setup_mcp_server.py::test_package_scoped_http_actions_have_distinct_mcp_tools[whitelist] 
[gw0] [ 97%] PASSED action_server_tests/mcp/test_setup_mcp_server.py::test_package_scoped_http_actions_have_distinct_mcp_tools[whitelist] 
action_server_tests/mcp/test_setup_mcp_server.py::test_package_scoped_http_actions_have_distinct_mcp_tools[disabled] 
[gw0] [ 97%] PASSED action_server_tests/mcp/test_setup_mcp_server.py::test_package_scoped_http_actions_have_distinct_mcp_tools[disabled] 
action_server_tests/mcp/test_setup_mcp_server.py::test_collision_names_reserve_bare_names_and_are_order_independent 
[gw0] [ 97%] PASSED action_server_tests/mcp/test_setup_mcp_server.py::test_collision_names_reserve_bare_names_and_are_order_independent 
action_server_tests/mcp/test_setup_mcp_server.py::test_tool_names_exclude_resources_and_prompts_and_reject_duplicate_identity 
[gw0] [ 97%] PASSED action_server_tests/mcp/test_setup_mcp_server.py::test_tool_names_exclude_resources_and_prompts_and_reject_duplicate_identity 
action_server_tests/mcp/test_setup_mcp_server.py::test_call_tool_uses_admitted_catalog_during_concurrent_reload 
[gw0] [ 98%] PASSED action_server_tests/mcp/test_setup_mcp_server.py::test_call_tool_uses_admitted_catalog_during_concurrent_reload 
action_server_tests/mcp/test_setup_mcp_server.py::test_invalid_ui_resource_reference_does_not_replace_catalog[None] 
[gw0] [ 98%] PASSED action_server_tests/mcp/test_setup_mcp_server.py::test_invalid_ui_resource_reference_does_not_replace_catalog[None] 
action_server_tests/mcp/test_setup_mcp_server.py::test_invalid_ui_resource_reference_does_not_replace_catalog[text/html] 
[gw0] [ 98%] PASSED action_server_tests/mcp/test_setup_mcp_server.py::test_invalid_ui_resource_reference_does_not_replace_catalog[text/html] 
action_server_tests/mcp/test_setup_mcp_server.py::test_unreferenced_ui_resource_requires_valid_uri_and_apps_mime_before_publish[ui://fixture/view-text/html] 
[gw0] [ 98%] PASSED action_server_tests/mcp/test_setup_mcp_server.py::test_unreferenced_ui_resource_requires_valid_uri_and_apps_mime_before_publish[ui://fixture/view-text/html] 
action_server_tests/mcp/test_setup_mcp_server.py::test_unreferenced_ui_resource_requires_valid_uri_and_apps_mime_before_publish[ui:///view-text/html;profile=mcp-app] 
[gw0] [ 98%] PASSED action_server_tests/mcp/test_setup_mcp_server.py::test_unreferenced_ui_resource_requires_valid_uri_and_apps_mime_before_publish[ui:///view-text/html;profile=mcp-app] 
action_server_tests/mcp/test_setup_mcp_server.py::test_resource_template_matches 
[gw0] [ 98%] PASSED action_server_tests/mcp/test_setup_mcp_server.py::test_resource_template_matches 
action_server_tests/mcp/test_setup_mcp_server.py::test_collect_and_call_resource 
[gw0] [ 98%] PASSED action_server_tests/mcp/test_setup_mcp_server.py::test_collect_and_call_resource 
action_server_tests/mcp/test_setup_mcp_server.py::test_collect_and_call_prompt 
[gw0] [ 98%] PASSED action_server_tests/mcp/test_setup_mcp_server.py::test_collect_and_call_prompt 
action_server_tests/mcp/test_setup_mcp_server.py::test_preserves_declared_mcp_meta_on_tool_and_result 
[gw0] [ 98%] PASSED action_server_tests/mcp/test_setup_mcp_server.py::test_preserves_declared_mcp_meta_on_tool_and_result 
action_server_tests/mcp/test_setup_mcp_server.py::test_preserves_declared_mcp_meta_on_resources_and_prompts 
[gw0] [ 98%] PASSED action_server_tests/mcp/test_setup_mcp_server.py::test_preserves_declared_mcp_meta_on_resources_and_prompts 
action_server_tests/mcp/test_setup_mcp_server.py::test_catalogs_are_sorted_and_revisioned_independently_of_registration_order 
[gw0] [ 98%] PASSED action_server_tests/mcp/test_setup_mcp_server.py::test_catalogs_are_sorted_and_revisioned_independently_of_registration_order 
action_server_tests/mcp/test_setup_mcp_server.py::test_catalog_revision_changes_when_surface_changes_and_reload_clears_cache 
[gw0] [ 99%] PASSED action_server_tests/mcp/test_setup_mcp_server.py::test_catalog_revision_changes_when_surface_changes_and_reload_clears_cache 
action_server_tests/mcp/test_setup_mcp_server.py::test_duplicate_catalog_keys_are_rejected_in_opposite_registration_orders[options0-names0-tool name] 
[gw0] [ 99%] PASSED action_server_tests/mcp/test_setup_mcp_server.py::test_duplicate_catalog_keys_are_rejected_in_opposite_registration_orders[options0-names0-tool name] 
action_server_tests/mcp/test_setup_mcp_server.py::test_duplicate_catalog_keys_are_rejected_in_opposite_registration_orders[options1-names1-resource URI] 
[gw0] [ 99%] PASSED action_server_tests/mcp/test_setup_mcp_server.py::test_duplicate_catalog_keys_are_rejected_in_opposite_registration_orders[options1-names1-resource URI] 
action_server_tests/mcp/test_setup_mcp_server.py::test_duplicate_catalog_keys_are_rejected_in_opposite_registration_orders[options2-names2-resource template URI] 
[gw0] [ 99%] PASSED action_server_tests/mcp/test_setup_mcp_server.py::test_duplicate_catalog_keys_are_rejected_in_opposite_registration_orders[options2-names2-resource template URI] 
action_server_tests/mcp/test_setup_mcp_server.py::test_duplicate_catalog_keys_are_rejected_in_opposite_registration_orders[options3-names3-prompt name] 
[gw0] [ 99%] PASSED action_server_tests/mcp/test_setup_mcp_server.py::test_duplicate_catalog_keys_are_rejected_in_opposite_registration_orders[options3-names3-prompt name] 
action_server_tests/mcp/test_setup_mcp_server.py::test_catalog_revision_changes_for_schema_and_meta_changes 
[gw0] [ 99%] PASSED action_server_tests/mcp/test_setup_mcp_server.py::test_catalog_revision_changes_for_schema_and_meta_changes 
action_server_tests/mcp/test_setup_mcp_server.py::test_large_catalog_revision_is_bounded 
[gw0] [ 99%] PASSED action_server_tests/mcp/test_setup_mcp_server.py::test_large_catalog_revision_is_bounded 
action_server_tests/robo_utils/test_system_mutex.py::test_system_mutex 
[gw0] [ 99%] PASSED action_server_tests/robo_utils/test_system_mutex.py::test_system_mutex 
action_server_tests/robo_utils/test_system_mutex.py::test_gen_mutex_name_from_path 
[gw0] [ 99%] PASSED action_server_tests/robo_utils/test_system_mutex.py::test_gen_mutex_name_from_path 
action_server_tests/robo_utils/test_system_mutex.py::test_system_mutex_error_on_timeout 
[gw0] [ 99%] PASSED action_server_tests/robo_utils/test_system_mutex.py::test_system_mutex_error_on_timeout 
action_server_tests/robo_utils/test_system_mutex.py::test_system_mutex_timed_acquire_no_error_on_timeout 
[gw0] [100%] PASSED action_server_tests/robo_utils/test_system_mutex.py::test_system_mutex_timed_acquire_no_error_on_timeout 

=================================== FAILURES ===================================
_____________________ test_package_metadata_oauth2_secrets _____________________
[gw1] linux -- Python 3.12.15 /workspace/work/actions-mk3-canvas-proof/action_server/.venv/bin/python

datadir = PosixPath('/workspace/actions-cloud/robocorp/temp/a62d53703001534b/pytest-of-agent/pytest-2/popen-gw1/test_package_metadata_oauth2_s0/test_package')
data_regression = <pytest_regressions.data_regression.DataRegressionFixture object at 0x7f5c4b0318b0>

    def test_package_metadata_oauth2_secrets(datadir, data_regression):
        from actions.server._selftest import actions_server_run
    
>       output = actions_server_run(
            [
                "package",
                "metadata",
                "--datadir",
                str(datadir / "data"),
            ],
            returncode=0,
            cwd=datadir / "pack_oauth2_secrets",
        )

action_server_tests/test_package.py:211: 
_ _ _ _ _ _ _ _ _ _ _ _ _ _ _ _ _ _ _ _ _ _ _ _ _ _ _ _ _ _ _ _ _ _ _ _ _ _ _ _ 
../src/actions/server/_selftest.py:459: in actions_server_run
    return run_python_module(
../src/actions/server/_selftest.py:479: in run_python_module
    return run_command_line(
_ _ _ _ _ _ _ _ _ _ _ _ _ _ _ _ _ _ _ _ _ _ _ _ _ _ _ _ _ _ _ _ _ _ _ _ _ _ _ _ 

cmdline = ['/workspace/work/actions-mk3-canvas-proof/action_server/.venv/bin/python', '-m', 'actions.server', 'package', 'metadata', '--datadir', ...]
returncode = 0
cwd = PosixPath('/workspace/actions-cloud/robocorp/temp/a62d53703001534b/pytest-of-agent/pytest-2/popen-gw1/test_package_metadata_oauth2_s0/test_package/pack_oauth2_secrets')
additional_env = None, timeout = None, capture_output = True

    def run_command_line(
        cmdline,
        returncode: Optional[Union[Literal["error"], int]],
        cwd=None,
        additional_env: Optional[Dict[str, str]] = None,
        timeout=None,
        capture_output=True,
    ) -> CompletedProcess:
        cp = os.environ.copy()
        cp["PYTHONPATH"] = os.pathsep.join([x for x in sys.path if x])
        cp["PYTHONIOENCODING"] = "utf-8"
        if additional_env:
            cp.update(additional_env)
        result = subprocess.run(
            cmdline,
            capture_output=capture_output,
            text=True,
            env=cp,
            cwd=cwd,
            timeout=timeout,
            encoding="utf-8",
        )
    
        if returncode is None:
            return result
    
        if returncode == "error" and result.returncode:
            return result
    
        if result.returncode == returncode:
            return result
    
        # Not really that helpful in general and very verbose...
        # env_str = "\n".join(str(x) for x in sorted(cp.items()))
>       raise AssertionError(
            f"""Expected returncode: {returncode}. Found: {result.returncode}.
    === stdout:
    {result.stdout}
    
    === stderr:
    {result.stderr}
    
    === Args:
    {cmdline}
    
    """
        )
E       AssertionError: Expected returncode: 0. Found: 1.
E       === stdout:
E       
E       
E       === stderr:
E       
E         ⚡️ Starting Action Server... v1.0.3
E       
E       Using user-specified datadir: /workspace/actions-cloud/robocorp/temp/a62d53703001534b/pytest-of-agent/pytest-2/popen-gw1/test_package_metadata_oauth2_s0/test_package/data
E       Logs may be found at: /workspace/actions-cloud/robocorp/temp/a62d53703001534b/pytest-of-agent/pytest-2/popen-gw1/test_package_metadata_oauth2_s0/test_package/data/server_log.txt.
E       Adding action without a managed environment (package.yaml unavailable).
E           Note: no virtual environment will be used for the imported actions, they'll be run in the same environment used to run the action server.
E       Traceback (most recent call last):
E         File "<string>", line 1, in <module>
E       ModuleNotFoundError: No module named 'actions'
E       Traceback (most recent call last):
E         File "<string>", line 1, in <module>
E       ModuleNotFoundError: No module named 'robocorp'
E       Traceback (most recent call last):
E         File "/workspace/work/actions-mk3-db-savepoint/action_server/src/actions/server/_actions_import.py", line 413, in _get_actions_version
E           output = subprocess.check_output(cmdline, env=env, cwd=cwd)
E                    ^^^^^^^^^^^^^^^^^^^^^^^^^^^^^^^^^^^^^^^^^^^^^^^^^^
E         File "/workspace/actions-cloud/robocorp/holotree/c2fd1aa_5a1fac3_9fcd2534/lib/python3.12/subprocess.py", line 466, in check_output
E           return run(*popenargs, stdout=PIPE, timeout=timeout, check=True,
E                  ^^^^^^^^^^^^^^^^^^^^^^^^^^^^^^^^^^^^^^^^^^^^^^^^^^^^^^^^^
E         File "/workspace/actions-cloud/robocorp/holotree/c2fd1aa_5a1fac3_9fcd2534/lib/python3.12/subprocess.py", line 571, in run
E           raise CalledProcessError(retcode, process.args,
E       subprocess.CalledProcessError: Command '['/workspace/actions-cloud/robocorp/holotree/c2fd1aa_5a1fac3_9fcd2534/bin/python3', '-c', 'import actions;print(actions.__version__)']' returned non-zero exit status 1.
E       
E       During handling of the above exception, another exception occurred:
E       
E       Traceback (most recent call last):
E         File "/workspace/work/actions-mk3-db-savepoint/action_server/src/actions/server/__main__.py", line 18, in <module>
E           main(args)
E         File "/workspace/work/actions-mk3-db-savepoint/action_server/src/actions/server/cli.py", line 62, in main
E           retcode = _main_retcode(args)
E                     ^^^^^^^^^^^^^^^^^^^
E         File "/workspace/work/actions-mk3-db-savepoint/action_server/src/actions/server/_cli_impl.py", line 840, in _main_retcode
E           return handle_package_command(base_args)
E                  ^^^^^^^^^^^^^^^^^^^^^^^^^^^^^^^^^
E         File "/workspace/work/actions-mk3-db-savepoint/action_server/src/actions/server/package/_package_build_cli.py", line 353, in handle_package_command
E           package_metadata_or_returncode: str | int = collect_package_metadata(
E                                                       ^^^^^^^^^^^^^^^^^^^^^^^^^
E         File "/workspace/work/actions-mk3-db-savepoint/action_server/src/actions/server/package/_package_metadata.py", line 186, in collect_package_metadata
E           returncode = _main_retcode(
E                        ^^^^^^^^^^^^^^
E         File "/workspace/work/actions-mk3-db-savepoint/action_server/src/actions/server/_cli_impl.py", line 888, in _main_retcode
E           return _command_requiring_datadir(
E                  ^^^^^^^^^^^^^^^^^^^^^^^^^^^
E         File "/workspace/work/actions-mk3-db-savepoint/action_server/src/actions/server/_cli_impl.py", line 1075, in _command_requiring_datadir
E           code = _import_actions(
E                  ^^^^^^^^^^^^^^^^
E         File "/workspace/work/actions-mk3-db-savepoint/action_server/src/actions/server/_cli_impl.py", line 670, in _import_actions
E           _actions_import.import_action_packages(
E         File "/workspace/work/actions-mk3-db-savepoint/action_server/src/actions/server/_actions_import.py", line 77, in import_action_packages
E           import_action_package(
E         File "/workspace/work/actions-mk3-db-savepoint/action_server/src/actions/server/_actions_import.py", line 263, in import_action_package
E           actions_library_version = _get_actions_version(
E                                     ^^^^^^^^^^^^^^^^^^^^^
E         File "/workspace/work/actions-mk3-db-savepoint/action_server/src/actions/server/_actions_import.py", line 415, in _get_actions_version
E           raise RuntimeError(msg)
E       RuntimeError: Unable to get actions version.
E       
E       This usually means that `actions` is not installed in the python
E       environment (make sure that `actions`
E       is defined in your `package.yaml`).
E       
E       Python executable being used:
E       /workspace/actions-cloud/robocorp/holotree/c2fd1aa_5a1fac3_9fcd2534/bin/python3
E       
E       
E       
E       === Args:
E       ['/workspace/work/actions-mk3-canvas-proof/action_server/.venv/bin/python', '-m', 'actions.server', 'package', 'metadata', '--datadir', '/workspace/actions-cloud/robocorp/temp/a62d53703001534b/pytest-of-agent/pytest-2/popen-gw1/test_package_metadata_oauth2_s0/test_package/data']

../src/actions/server/_selftest.py:523: AssertionError
________________________ test_package_metadata_secrets _________________________
[gw1] linux -- Python 3.12.15 /workspace/work/actions-mk3-canvas-proof/action_server/.venv/bin/python

datadir = PosixPath('/workspace/actions-cloud/robocorp/temp/a62d53703001534b/pytest-of-agent/pytest-2/popen-gw1/test_package_metadata_secrets0/test_package')
data_regression = <pytest_regressions.data_regression.DataRegressionFixture object at 0x7f5c4aeb2ff0>

    def test_package_metadata_secrets(datadir, data_regression):
        from actions.server._selftest import actions_server_run
    
>       output = actions_server_run(
            [
                "package",
                "metadata",
                "--datadir",
                str(datadir / "data"),
            ],
            returncode=0,
            cwd=datadir / "pack_secrets",
        )

action_server_tests/test_package.py:227: 
_ _ _ _ _ _ _ _ _ _ _ _ _ _ _ _ _ _ _ _ _ _ _ _ _ _ _ _ _ _ _ _ _ _ _ _ _ _ _ _ 
../src/actions/server/_selftest.py:459: in actions_server_run
    return run_python_module(
../src/actions/server/_selftest.py:479: in run_python_module
    return run_command_line(
_ _ _ _ _ _ _ _ _ _ _ _ _ _ _ _ _ _ _ _ _ _ _ _ _ _ _ _ _ _ _ _ _ _ _ _ _ _ _ _ 

cmdline = ['/workspace/work/actions-mk3-canvas-proof/action_server/.venv/bin/python', '-m', 'actions.server', 'package', 'metadata', '--datadir', ...]
returncode = 0
cwd = PosixPath('/workspace/actions-cloud/robocorp/temp/a62d53703001534b/pytest-of-agent/pytest-2/popen-gw1/test_package_metadata_secrets0/test_package/pack_secrets')
additional_env = None, timeout = None, capture_output = True

    def run_command_line(
        cmdline,
        returncode: Optional[Union[Literal["error"], int]],
        cwd=None,
        additional_env: Optional[Dict[str, str]] = None,
        timeout=None,
        capture_output=True,
    ) -> CompletedProcess:
        cp = os.environ.copy()
        cp["PYTHONPATH"] = os.pathsep.join([x for x in sys.path if x])
        cp["PYTHONIOENCODING"] = "utf-8"
        if additional_env:
            cp.update(additional_env)
        result = subprocess.run(
            cmdline,
            capture_output=capture_output,
            text=True,
            env=cp,
            cwd=cwd,
            timeout=timeout,
            encoding="utf-8",
        )
    
        if returncode is None:
            return result
    
        if returncode == "error" and result.returncode:
            return result
    
        if result.returncode == returncode:
            return result
    
        # Not really that helpful in general and very verbose...
        # env_str = "\n".join(str(x) for x in sorted(cp.items()))
>       raise AssertionError(
            f"""Expected returncode: {returncode}. Found: {result.returncode}.
    === stdout:
    {result.stdout}
    
    === stderr:
    {result.stderr}
    
    === Args:
    {cmdline}
    
    """
        )
E       AssertionError: Expected returncode: 0. Found: 1.
E       === stdout:
E       
E       
E       === stderr:
E       
E         ⚡️ Starting Action Server... v1.0.3
E       
E       Using user-specified datadir: /workspace/actions-cloud/robocorp/temp/a62d53703001534b/pytest-of-agent/pytest-2/popen-gw1/test_package_metadata_secrets0/test_package/data
E       Logs may be found at: /workspace/actions-cloud/robocorp/temp/a62d53703001534b/pytest-of-agent/pytest-2/popen-gw1/test_package_metadata_secrets0/test_package/data/server_log.txt.
E       Adding action without a managed environment (package.yaml unavailable).
E           Note: no virtual environment will be used for the imported actions, they'll be run in the same environment used to run the action server.
E       Traceback (most recent call last):
E         File "<string>", line 1, in <module>
E       ModuleNotFoundError: No module named 'actions'
E       Traceback (most recent call last):
E         File "<string>", line 1, in <module>
E       ModuleNotFoundError: No module named 'robocorp'
E       Traceback (most recent call last):
E         File "/workspace/work/actions-mk3-db-savepoint/action_server/src/actions/server/_actions_import.py", line 413, in _get_actions_version
E           output = subprocess.check_output(cmdline, env=env, cwd=cwd)
E                    ^^^^^^^^^^^^^^^^^^^^^^^^^^^^^^^^^^^^^^^^^^^^^^^^^^
E         File "/workspace/actions-cloud/robocorp/holotree/c2fd1aa_5a1fac3_9fcd2534/lib/python3.12/subprocess.py", line 466, in check_output
E           return run(*popenargs, stdout=PIPE, timeout=timeout, check=True,
E                  ^^^^^^^^^^^^^^^^^^^^^^^^^^^^^^^^^^^^^^^^^^^^^^^^^^^^^^^^^
E         File "/workspace/actions-cloud/robocorp/holotree/c2fd1aa_5a1fac3_9fcd2534/lib/python3.12/subprocess.py", line 571, in run
E           raise CalledProcessError(retcode, process.args,
E       subprocess.CalledProcessError: Command '['/workspace/actions-cloud/robocorp/holotree/c2fd1aa_5a1fac3_9fcd2534/bin/python3', '-c', 'import actions;print(actions.__version__)']' returned non-zero exit status 1.
E       
E       During handling of the above exception, another exception occurred:
E       
E       Traceback (most recent call last):
E         File "/workspace/work/actions-mk3-db-savepoint/action_server/src/actions/server/__main__.py", line 18, in <module>
E           main(args)
E         File "/workspace/work/actions-mk3-db-savepoint/action_server/src/actions/server/cli.py", line 62, in main
E           retcode = _main_retcode(args)
E                     ^^^^^^^^^^^^^^^^^^^
E         File "/workspace/work/actions-mk3-db-savepoint/action_server/src/actions/server/_cli_impl.py", line 840, in _main_retcode
E           return handle_package_command(base_args)
E                  ^^^^^^^^^^^^^^^^^^^^^^^^^^^^^^^^^
E         File "/workspace/work/actions-mk3-db-savepoint/action_server/src/actions/server/package/_package_build_cli.py", line 353, in handle_package_command
E           package_metadata_or_returncode: str | int = collect_package_metadata(
E                                                       ^^^^^^^^^^^^^^^^^^^^^^^^^
E         File "/workspace/work/actions-mk3-db-savepoint/action_server/src/actions/server/package/_package_metadata.py", line 186, in collect_package_metadata
E           returncode = _main_retcode(
E                        ^^^^^^^^^^^^^^
E         File "/workspace/work/actions-mk3-db-savepoint/action_server/src/actions/server/_cli_impl.py", line 888, in _main_retcode
E           return _command_requiring_datadir(
E                  ^^^^^^^^^^^^^^^^^^^^^^^^^^^
E         File "/workspace/work/actions-mk3-db-savepoint/action_server/src/actions/server/_cli_impl.py", line 1075, in _command_requiring_datadir
E           code = _import_actions(
E                  ^^^^^^^^^^^^^^^^
E         File "/workspace/work/actions-mk3-db-savepoint/action_server/src/actions/server/_cli_impl.py", line 670, in _import_actions
E           _actions_import.import_action_packages(
E         File "/workspace/work/actions-mk3-db-savepoint/action_server/src/actions/server/_actions_import.py", line 77, in import_action_packages
E           import_action_package(
E         File "/workspace/work/actions-mk3-db-savepoint/action_server/src/actions/server/_actions_import.py", line 263, in import_action_package
E           actions_library_version = _get_actions_version(
E                                     ^^^^^^^^^^^^^^^^^^^^^
E         File "/workspace/work/actions-mk3-db-savepoint/action_server/src/actions/server/_actions_import.py", line 415, in _get_actions_version
E           raise RuntimeError(msg)
E       RuntimeError: Unable to get actions version.
E       
E       This usually means that `actions` is not installed in the python
E       environment (make sure that `actions`
E       is defined in your `package.yaml`).
E       
E       Python executable being used:
E       /workspace/actions-cloud/robocorp/holotree/c2fd1aa_5a1fac3_9fcd2534/bin/python3
E       
E       
E       
E       === Args:
E       ['/workspace/work/actions-mk3-canvas-proof/action_server/.venv/bin/python', '-m', 'actions.server', 'package', 'metadata', '--datadir', '/workspace/actions-cloud/robocorp/temp/a62d53703001534b/pytest-of-agent/pytest-2/popen-gw1/test_package_metadata_secrets0/test_package/data']

../src/actions/server/_selftest.py:523: AssertionError
__________________________ test_package_metadata_api ___________________________
[gw1] linux -- Python 3.12.15 /workspace/work/actions-mk3-canvas-proof/action_server/.venv/bin/python

datadir = PosixPath('/workspace/actions-cloud/robocorp/temp/a62d53703001534b/pytest-of-agent/pytest-2/popen-gw1/test_package_metadata_api0/test_package')
data_regression = <pytest_regressions.data_regression.DataRegressionFixture object at 0x7f5c4af0ec00>

    def test_package_metadata_api(datadir, data_regression):
        from actions.server import api
    
        action_package_dir = Path(datadir / "pack_secrets")
>       found = api.package_metadata(action_package_dir, datadir=Path(datadir / "data"))
                ^^^^^^^^^^^^^^^^^^^^^^^^^^^^^^^^^^^^^^^^^^^^^^^^^^^^^^^^^^^^^^^^^^^^^^^^

action_server_tests/test_package.py:244: 
_ _ _ _ _ _ _ _ _ _ _ _ _ _ _ _ _ _ _ _ _ _ _ _ _ _ _ _ _ _ _ _ _ _ _ _ _ _ _ _ 

action_package_dir = PosixPath('/workspace/actions-cloud/robocorp/temp/a62d53703001534b/pytest-of-agent/pytest-2/popen-gw1/test_package_metadata_api0/test_package/pack_secrets')

    def package_metadata(
        action_package_dir: Path, *, datadir: Optional[Path] = None
    ) -> dict:
        """
        Collects metadata from the action package in the target dir and returns it.
    
        Args:
            action_package_dir: The directory with the action package whose metadata
                should be collected.
            datadir: Directory to store the data for operating the actions server
                (by default a datadir will be generated based on the `action_package_dir`).
    
        Returns:
            A dict containing the metadata.
    
        Raises:
            RuntimeError if it was not possible to collect the metadata.
        """
        import json
    
        from actions.server._selftest import actions_server_run
    
        any_return = None
        cmdline: list[str] = ["package", "metadata"]
        if datadir:
            cmdline.extend(["--datadir", str(datadir)])
        result = actions_server_run(
            cmdline,
            returncode=any_return,
            cwd=str(action_package_dir),
            capture_output=True,
        )
    
        if result.returncode == 0:
            return json.loads(result.stdout)
>       raise RuntimeError(
            f"It was not possible to collect the package metadata.\nStdout:\n{result.stdout}\nStderr:\n{result.stderr}"
        )
E       RuntimeError: It was not possible to collect the package metadata.
E       Stdout:
E       
E       Stderr:
E       
E         ⚡️ Starting Action Server... v1.0.3
E       
E       Using user-specified datadir: /workspace/actions-cloud/robocorp/temp/a62d53703001534b/pytest-of-agent/pytest-2/popen-gw1/test_package_metadata_api0/test_package/data
E       Logs may be found at: /workspace/actions-cloud/robocorp/temp/a62d53703001534b/pytest-of-agent/pytest-2/popen-gw1/test_package_metadata_api0/test_package/data/server_log.txt.
E       Adding action without a managed environment (package.yaml unavailable).
E           Note: no virtual environment will be used for the imported actions, they'll be run in the same environment used to run the action server.
E       Traceback (most recent call last):
E         File "<string>", line 1, in <module>
E       ModuleNotFoundError: No module named 'actions'
E       Traceback (most recent call last):
E         File "<string>", line 1, in <module>
E       ModuleNotFoundError: No module named 'robocorp'
E       Traceback (most recent call last):
E         File "/workspace/work/actions-mk3-db-savepoint/action_server/src/actions/server/_actions_import.py", line 413, in _get_actions_version
E           output = subprocess.check_output(cmdline, env=env, cwd=cwd)
E                    ^^^^^^^^^^^^^^^^^^^^^^^^^^^^^^^^^^^^^^^^^^^^^^^^^^
E         File "/workspace/actions-cloud/robocorp/holotree/c2fd1aa_5a1fac3_9fcd2534/lib/python3.12/subprocess.py", line 466, in check_output
E           return run(*popenargs, stdout=PIPE, timeout=timeout, check=True,
E                  ^^^^^^^^^^^^^^^^^^^^^^^^^^^^^^^^^^^^^^^^^^^^^^^^^^^^^^^^^
E         File "/workspace/actions-cloud/robocorp/holotree/c2fd1aa_5a1fac3_9fcd2534/lib/python3.12/subprocess.py", line 571, in run
E           raise CalledProcessError(retcode, process.args,
E       subprocess.CalledProcessError: Command '['/workspace/actions-cloud/robocorp/holotree/c2fd1aa_5a1fac3_9fcd2534/bin/python3', '-c', 'import actions;print(actions.__version__)']' returned non-zero exit status 1.
E       
E       During handling of the above exception, another exception occurred:
E       
E       Traceback (most recent call last):
E         File "/workspace/work/actions-mk3-db-savepoint/action_server/src/actions/server/__main__.py", line 18, in <module>
E           main(args)
E         File "/workspace/work/actions-mk3-db-savepoint/action_server/src/actions/server/cli.py", line 62, in main
E           retcode = _main_retcode(args)
E                     ^^^^^^^^^^^^^^^^^^^
E         File "/workspace/work/actions-mk3-db-savepoint/action_server/src/actions/server/_cli_impl.py", line 840, in _main_retcode
E           return handle_package_command(base_args)
E                  ^^^^^^^^^^^^^^^^^^^^^^^^^^^^^^^^^
E         File "/workspace/work/actions-mk3-db-savepoint/action_server/src/actions/server/package/_package_build_cli.py", line 353, in handle_package_command
E           package_metadata_or_returncode: str | int = collect_package_metadata(
E                                                       ^^^^^^^^^^^^^^^^^^^^^^^^^
E         File "/workspace/work/actions-mk3-db-savepoint/action_server/src/actions/server/package/_package_metadata.py", line 186, in collect_package_metadata
E           returncode = _main_retcode(
E                        ^^^^^^^^^^^^^^
E         File "/workspace/work/actions-mk3-db-savepoint/action_server/src/actions/server/_cli_impl.py", line 888, in _main_retcode
E           return _command_requiring_datadir(
E                  ^^^^^^^^^^^^^^^^^^^^^^^^^^^
E         File "/workspace/work/actions-mk3-db-savepoint/action_server/src/actions/server/_cli_impl.py", line 1075, in _command_requiring_datadir
E           code = _import_actions(
E                  ^^^^^^^^^^^^^^^^
E         File "/workspace/work/actions-mk3-db-savepoint/action_server/src/actions/server/_cli_impl.py", line 670, in _import_actions
E           _actions_import.import_action_packages(
E         File "/workspace/work/actions-mk3-db-savepoint/action_server/src/actions/server/_actions_import.py", line 77, in import_action_packages
E           import_action_package(
E         File "/workspace/work/actions-mk3-db-savepoint/action_server/src/actions/server/_actions_import.py", line 263, in import_action_package
E           actions_library_version = _get_actions_version(
E                                     ^^^^^^^^^^^^^^^^^^^^^
E         File "/workspace/work/actions-mk3-db-savepoint/action_server/src/actions/server/_actions_import.py", line 415, in _get_actions_version
E           raise RuntimeError(msg)
E       RuntimeError: Unable to get actions version.
E       
E       This usually means that `actions` is not installed in the python
E       environment (make sure that `actions`
E       is defined in your `package.yaml`).
E       
E       Python executable being used:
E       /workspace/actions-cloud/robocorp/holotree/c2fd1aa_5a1fac3_9fcd2534/bin/python3

../src/actions/server/api.py:40: RuntimeError
________________ test_import_action_server_strategies[no-conda] ________________
[gw1] linux -- Python 3.12.15 /workspace/work/actions-mk3-canvas-proof/action_server/.venv/bin/python

action_server_datadir = PosixPath('/workspace/actions-cloud/robocorp/temp/a62d53703001534b/pytest-of-agent/pytest-2/popen-gw1/test_import_action_server_stra0/.sema4ai-test-action-server')
strategy = 'no-conda'

    @pytest.mark.parametrize(
        "strategy",
        ["no-conda", "package.yaml", "package.yaml:uv"],
    )
    def test_import_action_server_strategies(
        action_server_datadir: Path,
        strategy: str,
    ) -> None:
        from action_server_tests.fixtures import actions_server_run, get_in_resources
    
        from actions.server._models import Action, ActionPackage, load_db
    
        if strategy == "package.yaml":
            root_dir = get_in_resources("hello")
        elif strategy == "package.yaml:uv":
            root_dir = get_in_resources("hello_uv")
        else:
            assert strategy == "no-conda"
            root_dir = get_in_resources("no_conda", "greeter")
    
>       actions_server_run(
            [
                "import",
                f"--dir={root_dir}",
                "--db-file=server.db",
                "-v",
                "--datadir",
                action_server_datadir,
            ],
            returncode=0,
        )

action_server_tests/test_server.py:220: 
_ _ _ _ _ _ _ _ _ _ _ _ _ _ _ _ _ _ _ _ _ _ _ _ _ _ _ _ _ _ _ _ _ _ _ _ _ _ _ _ 
../src/actions/server/_selftest.py:459: in actions_server_run
    return run_python_module(
../src/actions/server/_selftest.py:479: in run_python_module
    return run_command_line(
_ _ _ _ _ _ _ _ _ _ _ _ _ _ _ _ _ _ _ _ _ _ _ _ _ _ _ _ _ _ _ _ _ _ _ _ _ _ _ _ 

cmdline = ['/workspace/work/actions-mk3-canvas-proof/action_server/.venv/bin/python', '-m', 'actions.server', 'import', '--dir=/...tions-mk3-db-savepoint/action_server/tests/action_server_tests/resources/no_conda/greeter', '--db-file=server.db', ...]
returncode = 0, cwd = None, additional_env = None, timeout = None
capture_output = True

    def run_command_line(
        cmdline,
        returncode: Optional[Union[Literal["error"], int]],
        cwd=None,
        additional_env: Optional[Dict[str, str]] = None,
        timeout=None,
        capture_output=True,
    ) -> CompletedProcess:
        cp = os.environ.copy()
        cp["PYTHONPATH"] = os.pathsep.join([x for x in sys.path if x])
        cp["PYTHONIOENCODING"] = "utf-8"
        if additional_env:
            cp.update(additional_env)
        result = subprocess.run(
            cmdline,
            capture_output=capture_output,
            text=True,
            env=cp,
            cwd=cwd,
            timeout=timeout,
            encoding="utf-8",
        )
    
        if returncode is None:
            return result
    
        if returncode == "error" and result.returncode:
            return result
    
        if result.returncode == returncode:
            return result
    
        # Not really that helpful in general and very verbose...
        # env_str = "\n".join(str(x) for x in sorted(cp.items()))
>       raise AssertionError(
            f"""Expected returncode: {returncode}. Found: {result.returncode}.
    === stdout:
    {result.stdout}
    
    === stderr:
    {result.stderr}
    
    === Args:
    {cmdline}
    
    """
        )
E       AssertionError: Expected returncode: 0. Found: 1.
E       === stdout:
E       
E       
E       === stderr:
E       [2026-10-10 20:21:11] [actions.server._cli_impl: DEBUG] Arguments: /workspace/work/actions-mk3-db-savepoint/action_server/src/actions/server/__main__.py import --dir=/workspace/work/actions-mk3-db-savepoint/action_server/tests/action_server_tests/resources/no_conda/greeter --db-file=server.db -v --datadir /workspace/actions-cloud/robocorp/temp/a62d53703001534b/pytest-of-agent/pytest-2/popen-gw1/test_import_action_server_stra0/.sema4ai-test-action-server
E       [2026-10-10 20:21:11] [actions.server._cli_impl: DEBUG] CWD: /workspace/work/actions-mk3-db-savepoint/action_server/tests
E       [2026-10-10 20:21:11] [actions.server._cli_impl: INFO] 
E         ⚡️ Starting Action Server... v1.0.3
E       
E       [2026-10-10 20:21:11] [actions.server._settings: INFO] Using user-specified datadir: /workspace/actions-cloud/robocorp/temp/a62d53703001534b/pytest-of-agent/pytest-2/popen-gw1/test_import_action_server_stra0/.sema4ai-test-action-server
E       [2026-10-10 20:21:11] [actions.server._cli_impl: INFO] Logs may be found at: /workspace/actions-cloud/robocorp/temp/a62d53703001534b/pytest-of-agent/pytest-2/popen-gw1/test_import_action_server_stra0/.sema4ai-test-action-server/server_log.txt.
E       [2026-10-10 20:21:11] [actions.server._cli_impl: INFO] Database file does not exist. Creating it at: /workspace/actions-cloud/robocorp/temp/a62d53703001534b/pytest-of-agent/pytest-2/popen-gw1/test_import_action_server_stra0/.sema4ai-test-action-server/server.db
E       [2026-10-10 20:21:11] [actions.server._actions_import: DEBUG] Importing action package from: /workspace/work/actions-mk3-db-savepoint/action_server/tests/action_server_tests/resources/no_conda/greeter
E       [2026-10-10 20:21:11] [robocorp.log._rewrite_filtering: DEBUG] ROBOT_ROOTS ['/workspace/work/actions-mk3-db-savepoint/developer']
E       
E       [2026-10-10 20:21:11] [robocorp.log._rewrite_filtering: DEBUG] Collecting default library roots.
E       [2026-10-10 20:21:11] [robocorp.log._rewrite_filtering: DEBUG] LIBRARY_ROOTS ['/home/agent/.local/lib/python3.12/site-packages', '/workspace/actions-cloud/robocorp/holotree/c2fd1aa_5a1fac3_9fcd2534/lib/python3.12', '/workspace/work/actions-mk3-canvas-proof/action_server/.venv/lib/python3.12', '/workspace/work/actions-mk3-canvas-proof/action_server/.venv/lib/python3.12/site-packages']
E       
E       [2026-10-10 20:21:11] [actions.server._action_package_handler: INFO] Adding action without a managed environment (package.yaml unavailable).
E           Note: no virtual environment will be used for the imported actions, they'll be run in the same environment used to run the action server.
E       [2026-10-10 20:21:11] [actions.server._actions_import: DEBUG] Collecting actions for Action Package: greeter.
E       Traceback (most recent call last):
E         File "<string>", line 1, in <module>
E       ModuleNotFoundError: No module named 'actions'
E       Traceback (most recent call last):
E         File "<string>", line 1, in <module>
E       ModuleNotFoundError: No module named 'robocorp'
E       Traceback (most recent call last):
E         File "/workspace/work/actions-mk3-db-savepoint/action_server/src/actions/server/_actions_import.py", line 413, in _get_actions_version
E           output = subprocess.check_output(cmdline, env=env, cwd=cwd)
E                    ^^^^^^^^^^^^^^^^^^^^^^^^^^^^^^^^^^^^^^^^^^^^^^^^^^
E         File "/workspace/actions-cloud/robocorp/holotree/c2fd1aa_5a1fac3_9fcd2534/lib/python3.12/subprocess.py", line 466, in check_output
E           return run(*popenargs, stdout=PIPE, timeout=timeout, check=True,
E                  ^^^^^^^^^^^^^^^^^^^^^^^^^^^^^^^^^^^^^^^^^^^^^^^^^^^^^^^^^
E         File "/workspace/actions-cloud/robocorp/holotree/c2fd1aa_5a1fac3_9fcd2534/lib/python3.12/subprocess.py", line 571, in run
E           raise CalledProcessError(retcode, process.args,
E       subprocess.CalledProcessError: Command '['/workspace/actions-cloud/robocorp/holotree/c2fd1aa_5a1fac3_9fcd2534/bin/python3', '-c', 'import actions;print(actions.__version__)']' returned non-zero exit status 1.
E       
E       During handling of the above exception, another exception occurred:
E       
E       Traceback (most recent call last):
E         File "/workspace/work/actions-mk3-db-savepoint/action_server/src/actions/server/__main__.py", line 18, in <module>
E           main(args)
E         File "/workspace/work/actions-mk3-db-savepoint/action_server/src/actions/server/cli.py", line 62, in main
E           retcode = _main_retcode(args)
E                     ^^^^^^^^^^^^^^^^^^^
E         File "/workspace/work/actions-mk3-db-savepoint/action_server/src/actions/server/_cli_impl.py", line 888, in _main_retcode
E           return _command_requiring_datadir(
E                  ^^^^^^^^^^^^^^^^^^^^^^^^^^^
E         File "/workspace/work/actions-mk3-db-savepoint/action_server/src/actions/server/_cli_impl.py", line 1035, in _command_requiring_datadir
E           return _import_actions(
E                  ^^^^^^^^^^^^^^^^
E         File "/workspace/work/actions-mk3-db-savepoint/action_server/src/actions/server/_cli_impl.py", line 670, in _import_actions
E           _actions_import.import_action_packages(
E         File "/workspace/work/actions-mk3-db-savepoint/action_server/src/actions/server/_actions_import.py", line 77, in import_action_packages
E           import_action_package(
E         File "/workspace/work/actions-mk3-db-savepoint/action_server/src/actions/server/_actions_import.py", line 263, in import_action_package
E           actions_library_version = _get_actions_version(
E                                     ^^^^^^^^^^^^^^^^^^^^^
E         File "/workspace/work/actions-mk3-db-savepoint/action_server/src/actions/server/_actions_import.py", line 415, in _get_actions_version
E           raise RuntimeError(msg)
E       RuntimeError: Unable to get actions version.
E       
E       This usually means that `actions` is not installed in the python
E       environment (make sure that `actions`
E       is defined in your `package.yaml`).
E       
E       Python executable being used:
E       /workspace/actions-cloud/robocorp/holotree/c2fd1aa_5a1fac3_9fcd2534/bin/python3
E       
E       
E       
E       === Args:
E       ['/workspace/work/actions-mk3-canvas-proof/action_server/.venv/bin/python', '-m', 'actions.server', 'import', '--dir=/workspace/work/actions-mk3-db-savepoint/action_server/tests/action_server_tests/resources/no_conda/greeter', '--db-file=server.db', '-v', '--datadir', PosixPath('/workspace/actions-cloud/robocorp/temp/a62d53703001534b/pytest-of-agent/pytest-2/popen-gw1/test_import_action_server_stra0/.sema4ai-test-action-server')]

../src/actions/server/_selftest.py:523: AssertionError
__________________________ test_import_default_value ___________________________
[gw1] linux -- Python 3.12.15 /workspace/work/actions-mk3-canvas-proof/action_server/.venv/bin/python

tmpdir = local('/workspace/actions-cloud/robocorp/temp/a62d53703001534b/pytest-of-agent/pytest-2/popen-gw1/test_import_default_value0')
action_server_datadir = PosixPath('/workspace/actions-cloud/robocorp/temp/a62d53703001534b/pytest-of-agent/pytest-2/popen-gw1/test_import_default_value0/.sema4ai-test-action-server')

    def test_import_default_value(
        tmpdir,
        action_server_datadir: Path,
    ) -> None:
        from action_server_tests.fixtures import actions_server_run
    
        from actions.server._database import Database
        from actions.server._models import Action, load_db
    
        action_server_datadir.mkdir(parents=True, exist_ok=True)
        db_path = action_server_datadir / "server.db"
        assert not db_path.exists()
    
        calculator = Path(tmpdir) / "v1" / "calculator" / "action_calculator.py"
        calculator.parent.mkdir(parents=True, exist_ok=True)
        calculator.write_text(
            """
    from actions import action
    
    @action
    def calculator_sum(v1: int = 5) -> float:
        return v1 + v2
    """
        )
    
>       actions_server_run(
            [
                "import",
                f"--dir={calculator.parent}",
                "--db-file=server.db",
                "-v",
                "--skip-lint",
                "--datadir",
                action_server_datadir,
            ],
            returncode=0,
        )

action_server_tests/test_server.py:286: 
_ _ _ _ _ _ _ _ _ _ _ _ _ _ _ _ _ _ _ _ _ _ _ _ _ _ _ _ _ _ _ _ _ _ _ _ _ _ _ _ 
../src/actions/server/_selftest.py:459: in actions_server_run
    return run_python_module(
../src/actions/server/_selftest.py:479: in run_python_module
    return run_command_line(
_ _ _ _ _ _ _ _ _ _ _ _ _ _ _ _ _ _ _ _ _ _ _ _ _ _ _ _ _ _ _ _ _ _ _ _ _ _ _ _ 

cmdline = ['/workspace/work/actions-mk3-canvas-proof/action_server/.venv/bin/python', '-m', 'actions.server', 'import', '--dir=/...d53703001534b/pytest-of-agent/pytest-2/popen-gw1/test_import_default_value0/v1/calculator', '--db-file=server.db', ...]
returncode = 0, cwd = None, additional_env = None, timeout = None
capture_output = True

    def run_command_line(
        cmdline,
        returncode: Optional[Union[Literal["error"], int]],
        cwd=None,
        additional_env: Optional[Dict[str, str]] = None,
        timeout=None,
        capture_output=True,
    ) -> CompletedProcess:
        cp = os.environ.copy()
        cp["PYTHONPATH"] = os.pathsep.join([x for x in sys.path if x])
        cp["PYTHONIOENCODING"] = "utf-8"
        if additional_env:
            cp.update(additional_env)
        result = subprocess.run(
            cmdline,
            capture_output=capture_output,
            text=True,
            env=cp,
            cwd=cwd,
            timeout=timeout,
            encoding="utf-8",
        )
    
        if returncode is None:
            return result
    
        if returncode == "error" and result.returncode:
            return result
    
        if result.returncode == returncode:
            return result
    
        # Not really that helpful in general and very verbose...
        # env_str = "\n".join(str(x) for x in sorted(cp.items()))
>       raise AssertionError(
            f"""Expected returncode: {returncode}. Found: {result.returncode}.
    === stdout:
    {result.stdout}
    
    === stderr:
    {result.stderr}
    
    === Args:
    {cmdline}
    
    """
        )
E       AssertionError: Expected returncode: 0. Found: 1.
E       === stdout:
E       
E       
E       === stderr:
E       [2026-10-10 20:21:18] [actions.server._cli_impl: DEBUG] Arguments: /workspace/work/actions-mk3-db-savepoint/action_server/src/actions/server/__main__.py import --dir=/workspace/actions-cloud/robocorp/temp/a62d53703001534b/pytest-of-agent/pytest-2/popen-gw1/test_import_default_value0/v1/calculator --db-file=server.db -v --skip-lint --datadir /workspace/actions-cloud/robocorp/temp/a62d53703001534b/pytest-of-agent/pytest-2/popen-gw1/test_import_default_value0/.sema4ai-test-action-server
E       [2026-10-10 20:21:18] [actions.server._cli_impl: DEBUG] CWD: /workspace/work/actions-mk3-db-savepoint/action_server/tests
E       [2026-10-10 20:21:18] [actions.server._cli_impl: INFO] 
E         ⚡️ Starting Action Server... v1.0.3
E       
E       [2026-10-10 20:21:18] [actions.server._settings: INFO] Using user-specified datadir: /workspace/actions-cloud/robocorp/temp/a62d53703001534b/pytest-of-agent/pytest-2/popen-gw1/test_import_default_value0/.sema4ai-test-action-server
E       [2026-10-10 20:21:18] [actions.server._cli_impl: INFO] Logs may be found at: /workspace/actions-cloud/robocorp/temp/a62d53703001534b/pytest-of-agent/pytest-2/popen-gw1/test_import_default_value0/.sema4ai-test-action-server/server_log.txt.
E       [2026-10-10 20:21:18] [actions.server._cli_impl: INFO] Database file does not exist. Creating it at: /workspace/actions-cloud/robocorp/temp/a62d53703001534b/pytest-of-agent/pytest-2/popen-gw1/test_import_default_value0/.sema4ai-test-action-server/server.db
E       [2026-10-10 20:21:18] [actions.server._actions_import: DEBUG] Importing action package from: /workspace/actions-cloud/robocorp/temp/a62d53703001534b/pytest-of-agent/pytest-2/popen-gw1/test_import_default_value0/v1/calculator
E       [2026-10-10 20:21:18] [robocorp.log._rewrite_filtering: DEBUG] ROBOT_ROOTS ['/workspace/work/actions-mk3-db-savepoint/developer']
E       
E       [2026-10-10 20:21:18] [robocorp.log._rewrite_filtering: DEBUG] Collecting default library roots.
E       [2026-10-10 20:21:18] [robocorp.log._rewrite_filtering: DEBUG] LIBRARY_ROOTS ['/home/agent/.local/lib/python3.12/site-packages', '/workspace/actions-cloud/robocorp/holotree/c2fd1aa_5a1fac3_9fcd2534/lib/python3.12', '/workspace/work/actions-mk3-canvas-proof/action_server/.venv/lib/python3.12', '/workspace/work/actions-mk3-canvas-proof/action_server/.venv/lib/python3.12/site-packages']
E       
E       [2026-10-10 20:21:18] [actions.server._action_package_handler: INFO] Adding action without a managed environment (package.yaml unavailable).
E           Note: no virtual environment will be used for the imported actions, they'll be run in the same environment used to run the action server.
E       [2026-10-10 20:21:18] [actions.server._actions_import: DEBUG] Collecting actions for Action Package: calculator.
E       Traceback (most recent call last):
E         File "<string>", line 1, in <module>
E       ModuleNotFoundError: No module named 'actions'
E       Traceback (most recent call last):
E         File "<string>", line 1, in <module>
E       ModuleNotFoundError: No module named 'robocorp'
E       Traceback (most recent call last):
E         File "/workspace/work/actions-mk3-db-savepoint/action_server/src/actions/server/_actions_import.py", line 413, in _get_actions_version
E           output = subprocess.check_output(cmdline, env=env, cwd=cwd)
E                    ^^^^^^^^^^^^^^^^^^^^^^^^^^^^^^^^^^^^^^^^^^^^^^^^^^
E         File "/workspace/actions-cloud/robocorp/holotree/c2fd1aa_5a1fac3_9fcd2534/lib/python3.12/subprocess.py", line 466, in check_output
E           return run(*popenargs, stdout=PIPE, timeout=timeout, check=True,
E                  ^^^^^^^^^^^^^^^^^^^^^^^^^^^^^^^^^^^^^^^^^^^^^^^^^^^^^^^^^
E         File "/workspace/actions-cloud/robocorp/holotree/c2fd1aa_5a1fac3_9fcd2534/lib/python3.12/subprocess.py", line 571, in run
E           raise CalledProcessError(retcode, process.args,
E       subprocess.CalledProcessError: Command '['/workspace/actions-cloud/robocorp/holotree/c2fd1aa_5a1fac3_9fcd2534/bin/python3', '-c', 'import actions;print(actions.__version__)']' returned non-zero exit status 1.
E       
E       During handling of the above exception, another exception occurred:
E       
E       Traceback (most recent call last):
E         File "/workspace/work/actions-mk3-db-savepoint/action_server/src/actions/server/__main__.py", line 18, in <module>
E           main(args)
E         File "/workspace/work/actions-mk3-db-savepoint/action_server/src/actions/server/cli.py", line 62, in main
E           retcode = _main_retcode(args)
E                     ^^^^^^^^^^^^^^^^^^^
E         File "/workspace/work/actions-mk3-db-savepoint/action_server/src/actions/server/_cli_impl.py", line 888, in _main_retcode
E           return _command_requiring_datadir(
E                  ^^^^^^^^^^^^^^^^^^^^^^^^^^^
E         File "/workspace/work/actions-mk3-db-savepoint/action_server/src/actions/server/_cli_impl.py", line 1035, in _command_requiring_datadir
E           return _import_actions(
E                  ^^^^^^^^^^^^^^^^
E         File "/workspace/work/actions-mk3-db-savepoint/action_server/src/actions/server/_cli_impl.py", line 670, in _import_actions
E           _actions_import.import_action_packages(
E         File "/workspace/work/actions-mk3-db-savepoint/action_server/src/actions/server/_actions_import.py", line 77, in import_action_packages
E           import_action_package(
E         File "/workspace/work/actions-mk3-db-savepoint/action_server/src/actions/server/_actions_import.py", line 263, in import_action_package
E           actions_library_version = _get_actions_version(
E                                     ^^^^^^^^^^^^^^^^^^^^^
E         File "/workspace/work/actions-mk3-db-savepoint/action_server/src/actions/server/_actions_import.py", line 415, in _get_actions_version
E           raise RuntimeError(msg)
E       RuntimeError: Unable to get actions version.
E       
E       This usually means that `actions` is not installed in the python
E       environment (make sure that `actions`
E       is defined in your `package.yaml`).
E       
E       Python executable being used:
E       /workspace/actions-cloud/robocorp/holotree/c2fd1aa_5a1fac3_9fcd2534/bin/python3
E       
E       
E       
E       === Args:
E       ['/workspace/work/actions-mk3-canvas-proof/action_server/.venv/bin/python', '-m', 'actions.server', 'import', '--dir=/workspace/actions-cloud/robocorp/temp/a62d53703001534b/pytest-of-agent/pytest-2/popen-gw1/test_import_default_value0/v1/calculator', '--db-file=server.db', '-v', '--skip-lint', '--datadir', PosixPath('/workspace/actions-cloud/robocorp/temp/a62d53703001534b/pytest-of-agent/pytest-2/popen-gw1/test_import_default_value0/.sema4ai-test-action-server')]

../src/actions/server/_selftest.py:523: AssertionError
_ test_runtime_clean_wheels_install_outside_checkout_in_both_uninstall_orders __
[gw1] linux -- Python 3.12.15 /workspace/work/actions-mk3-canvas-proof/action_server/.venv/bin/python

tmp_path = PosixPath('/workspace/actions-cloud/robocorp/temp/a62d53703001534b/pytest-of-agent/pytest-2/popen-gw1/test_runtime_clean_wheels_inst0')

    def test_runtime_clean_wheels_install_outside_checkout_in_both_uninstall_orders(
        tmp_path,
    ):
        runtime_python = _runtime_python()
        wheelhouse = tmp_path / "wheelhouse"
        wheelhouse.mkdir()
>       wheels = _build_wheels(wheelhouse, runtime_python)
                 ^^^^^^^^^^^^^^^^^^^^^^^^^^^^^^^^^^^^^^^^^

contract_tests/test_active_contracts.py:634: 
_ _ _ _ _ _ _ _ _ _ _ _ _ _ _ _ _ _ _ _ _ _ _ _ _ _ _ _ _ _ _ _ _ _ _ _ _ _ _ _ 
contract_tests/test_active_contracts.py:449: in _build_wheels
    subprocess.run(
_ _ _ _ _ _ _ _ _ _ _ _ _ _ _ _ _ _ _ _ _ _ _ _ _ _ _ _ _ _ _ _ _ _ _ _ _ _ _ _ 

input = None, capture_output = True, timeout = None, check = True
popenargs = (['poetry', 'build', '-f', 'wheel', '-o', '/workspace/actions-cloud/robocorp/temp/a62d53703001534b/pytest-of-agent/pytest-2/popen-gw1/test_runtime_clean_wheels_inst0/wheelhouse'],)
kwargs = {'cwd': PosixPath('/workspace/work/actions-mk3-db-savepoint/action_server'), 'env': {'ACTIONS_CLOUD_ROOT': '/workspace...SER_MANAGEMENT_SOCKET_PATH': '/home/agent/.local/run/browser-management/socket', ...}, 'stderr': -1, 'stdout': -1, ...}
process = <Popen: returncode: 1 args: ['poetry', 'build', '-f', 'wheel', '-o', '/works...>
stdout = 'Building actions-runtime (1.0.3)\nBuilding wheel\n'
stderr = '\nPEP517 build of a dependency failed\n\nBackend subprocess exited when trying to invoke build_wheel\n\n    | Command...rify this by running pip wheel --no-cache-dir --use-pep517 "/workspace/work/actions-mk3-db-savepoint/action_server".\n'
retcode = 1

    def run(*popenargs,
            input=None, capture_output=False, timeout=None, check=False, **kwargs):
        """Run command with arguments and return a CompletedProcess instance.
    
        The returned instance will have attributes args, returncode, stdout and
        stderr. By default, stdout and stderr are not captured, and those attributes
        will be None. Pass stdout=PIPE and/or stderr=PIPE in order to capture them,
        or pass capture_output=True to capture both.
    
        If check is True and the exit code was non-zero, it raises a
        CalledProcessError. The CalledProcessError object will have the return code
        in the returncode attribute, and output & stderr attributes if those streams
        were captured.
    
        If timeout (seconds) is given and the process takes too long,
         a TimeoutExpired exception will be raised.
    
        There is an optional argument "input", allowing you to
        pass bytes or a string to the subprocess's stdin.  If you use this argument
        you may not also use the Popen constructor's "stdin" argument, as
        it will be used internally.
    
        By default, all communication is in bytes, and therefore any "input" should
        be bytes, and the stdout and stderr will be bytes. If in text mode, any
        "input" should be a string, and stdout and stderr will be strings decoded
        according to locale encoding, or by "encoding" if set. Text mode is
        triggered by setting any of text, encoding, errors or universal_newlines.
    
        The other arguments are the same as for the Popen constructor.
        """
        if input is not None:
            if kwargs.get('stdin') is not None:
                raise ValueError('stdin and input arguments may not both be used.')
            kwargs['stdin'] = PIPE
    
        if capture_output:
            if kwargs.get('stdout') is not None or kwargs.get('stderr') is not None:
                raise ValueError('stdout and stderr arguments may not be used '
                                 'with capture_output.')
            kwargs['stdout'] = PIPE
            kwargs['stderr'] = PIPE
    
        with Popen(*popenargs, **kwargs) as process:
            try:
                stdout, stderr = process.communicate(input, timeout=timeout)
            except TimeoutExpired as exc:
                process.kill()
                if _mswindows:
                    # Windows accumulates the output in a single blocking
                    # read() call run on child threads, with the timeout
                    # being done in a join() on those threads.  communicate()
                    # _after_ kill() is required to collect that and add it
                    # to the exception.
                    exc.stdout, exc.stderr = process.communicate()
                else:
                    # POSIX _communicate already populated the output so
                    # far into the TimeoutExpired exception.
                    process.wait()
                raise
            except:  # Including KeyboardInterrupt, communicate handled that.
                process.kill()
                # We don't call process.wait() as .__exit__ does that for us.
                raise
            retcode = process.poll()
            if check and retcode:
>               raise CalledProcessError(retcode, process.args,
                                         output=stdout, stderr=stderr)
E               subprocess.CalledProcessError: Command '['poetry', 'build', '-f', 'wheel', '-o', '/workspace/actions-cloud/robocorp/temp/a62d53703001534b/pytest-of-agent/pytest-2/popen-gw1/test_runtime_clean_wheels_inst0/wheelhouse']' returned non-zero exit status 1.

/workspace/actions-cloud/robocorp/holotree/c2fd1aa_5a1fac3_9fcd2534/lib/python3.12/subprocess.py:571: CalledProcessError
=============================== warnings summary ===============================
tests/action_server_tests/test_dakota_workitems_native_acceptance_harness.py: 1 warning
tests/action_server_tests/test_rcc_runtime_adapter.py: 4 warnings
tests/action_server_tests/test_rcc_runtime_source_snapshots.py: 8 warnings
  /workspace/work/actions-mk3-db-savepoint/action_server/src/actions/server/_action_package_handler.py:90: DeprecationWarning: The 'warn' method is deprecated, use 'warning' instead
    log.warn(

tests/action_server_tests/test_mcp_tunnel_origin_scope.py::test_tunnel_verification_uses_verified_loopback_tls_and_mcp_auth
  /workspace/work/actions-mk3-canvas-proof/action_server/.venv/lib/python3.12/site-packages/websockets/legacy/__init__.py:6: DeprecationWarning: websockets.legacy is deprecated; see https://websockets.readthedocs.io/en/stable/howto/upgrade.html for upgrade instructions
    warnings.warn(  # deprecated in 14.0 - 2024-11-09

tests/action_server_tests/test_mcp_tunnel_origin_scope.py::test_tunnel_verification_uses_verified_loopback_tls_and_mcp_auth
  /workspace/work/actions-mk3-canvas-proof/action_server/.venv/lib/python3.12/site-packages/uvicorn/protocols/websockets/websockets_impl.py:17: DeprecationWarning: websockets.server.WebSocketServerProtocol is deprecated
    from websockets.server import WebSocketServerProtocol

-- Docs: https://docs.pytest.org/en/stable/how-to/capture-warnings.html
=========================== short test summary info ============================
FAILED action_server_tests/test_package.py::test_package_metadata_oauth2_secrets - AssertionError: Expected returncode: 0. Found: 1.
=== stdout:


=== stderr:

  ⚡️ Starting Action Server... v1.0.3

Using user-specified datadir: /workspace/actions-cloud/robocorp/temp/a62d53703001534b/pytest-of-agent/pytest-2/popen-gw1/test_package_metadata_oauth2_s0/test_package/data
Logs may be found at: /workspace/actions-cloud/robocorp/temp/a62d53703001534b/pytest-of-agent/pytest-2/popen-gw1/test_package_metadata_oauth2_s0/test_package/data/server_log.txt.
Adding action without a managed environment (package.yaml unavailable).
    Note: no virtual environment will be used for the imported actions, they'll be run in the same environment used to run the action server.
Traceback (most recent call last):
  File "<string>", line 1, in <module>
ModuleNotFoundError: No module named 'actions'
Traceback (most recent call last):
  File "<string>", line 1, in <module>
ModuleNotFoundError: No module named 'robocorp'
Traceback (most recent call last):
  File "/workspace/work/actions-mk3-db-savepoint/action_server/src/actions/server/_actions_import.py", line 413, in _get_actions_version
    output = subprocess.check_output(cmdline, env=env, cwd=cwd)
             ^^^^^^^^^^^^^^^^^^^^^^^^^^^^^^^^^^^^^^^^^^^^^^^^^^
  File "/workspace/actions-cloud/robocorp/holotree/c2fd1aa_5a1fac3_9fcd2534/lib/python3.12/subprocess.py", line 466, in check_output
    return run(*popenargs, stdout=PIPE, timeout=timeout, check=True,
           ^^^^^^^^^^^^^^^^^^^^^^^^^^^^^^^^^^^^^^^^^^^^^^^^^^^^^^^^^
  File "/workspace/actions-cloud/robocorp/holotree/c2fd1aa_5a1fac3_9fcd2534/lib/python3.12/subprocess.py", line 571, in run
    raise CalledProcessError(retcode, process.args,
subprocess.CalledProcessError: Command '['/workspace/actions-cloud/robocorp/holotree/c2fd1aa_5a1fac3_9fcd2534/bin/python3', '-c', 'import actions;print(actions.__version__)']' returned non-zero exit status 1.

During handling of the above exception, another exception occurred:

Traceback (most recent call last):
  File "/workspace/work/actions-mk3-db-savepoint/action_server/src/actions/server/__main__.py", line 18, in <module>
    main(args)
  File "/workspace/work/actions-mk3-db-savepoint/action_server/src/actions/server/cli.py", line 62, in main
    retcode = _main_retcode(args)
              ^^^^^^^^^^^^^^^^^^^
  File "/workspace/work/actions-mk3-db-savepoint/action_server/src/actions/server/_cli_impl.py", line 840, in _main_retcode
    return handle_package_command(base_args)
           ^^^^^^^^^^^^^^^^^^^^^^^^^^^^^^^^^
  File "/workspace/work/actions-mk3-db-savepoint/action_server/src/actions/server/package/_package_build_cli.py", line 353, in handle_package_command
    package_metadata_or_returncode: str | int = collect_package_metadata(
                                                ^^^^^^^^^^^^^^^^^^^^^^^^^
  File "/workspace/work/actions-mk3-db-savepoint/action_server/src/actions/server/package/_package_metadata.py", line 186, in collect_package_metadata
    returncode = _main_retcode(
                 ^^^^^^^^^^^^^^
  File "/workspace/work/actions-mk3-db-savepoint/action_server/src/actions/server/_cli_impl.py", line 888, in _main_retcode
    return _command_requiring_datadir(
           ^^^^^^^^^^^^^^^^^^^^^^^^^^^
  File "/workspace/work/actions-mk3-db-savepoint/action_server/src/actions/server/_cli_impl.py", line 1075, in _command_requiring_datadir
    code = _import_actions(
           ^^^^^^^^^^^^^^^^
  File "/workspace/work/actions-mk3-db-savepoint/action_server/src/actions/server/_cli_impl.py", line 670, in _import_actions
    _actions_import.import_action_packages(
  File "/workspace/work/actions-mk3-db-savepoint/action_server/src/actions/server/_actions_import.py", line 77, in import_action_packages
    import_action_package(
  File "/workspace/work/actions-mk3-db-savepoint/action_server/src/actions/server/_actions_import.py", line 263, in import_action_package
    actions_library_version = _get_actions_version(
                              ^^^^^^^^^^^^^^^^^^^^^
  File "/workspace/work/actions-mk3-db-savepoint/action_server/src/actions/server/_actions_import.py", line 415, in _get_actions_version
    raise RuntimeError(msg)
RuntimeError: Unable to get actions version.

This usually means that `actions` is not installed in the python
environment (make sure that `actions`
is defined in your `package.yaml`).

Python executable being used:
/workspace/actions-cloud/robocorp/holotree/c2fd1aa_5a1fac3_9fcd2534/bin/python3



=== Args:
['/workspace/work/actions-mk3-canvas-proof/action_server/.venv/bin/python', '-m', 'actions.server', 'package', 'metadata', '--datadir', '/workspace/actions-cloud/robocorp/temp/a62d53703001534b/pytest-of-agent/pytest-2/popen-gw1/test_package_metadata_oauth2_s0/test_package/data']
FAILED action_server_tests/test_package.py::test_package_metadata_secrets - AssertionError: Expected returncode: 0. Found: 1.
=== stdout:


=== stderr:

  ⚡️ Starting Action Server... v1.0.3

Using user-specified datadir: /workspace/actions-cloud/robocorp/temp/a62d53703001534b/pytest-of-agent/pytest-2/popen-gw1/test_package_metadata_secrets0/test_package/data
Logs may be found at: /workspace/actions-cloud/robocorp/temp/a62d53703001534b/pytest-of-agent/pytest-2/popen-gw1/test_package_metadata_secrets0/test_package/data/server_log.txt.
Adding action without a managed environment (package.yaml unavailable).
    Note: no virtual environment will be used for the imported actions, they'll be run in the same environment used to run the action server.
Traceback (most recent call last):
  File "<string>", line 1, in <module>
ModuleNotFoundError: No module named 'actions'
Traceback (most recent call last):
  File "<string>", line 1, in <module>
ModuleNotFoundError: No module named 'robocorp'
Traceback (most recent call last):
  File "/workspace/work/actions-mk3-db-savepoint/action_server/src/actions/server/_actions_import.py", line 413, in _get_actions_version
    output = subprocess.check_output(cmdline, env=env, cwd=cwd)
             ^^^^^^^^^^^^^^^^^^^^^^^^^^^^^^^^^^^^^^^^^^^^^^^^^^
  File "/workspace/actions-cloud/robocorp/holotree/c2fd1aa_5a1fac3_9fcd2534/lib/python3.12/subprocess.py", line 466, in check_output
    return run(*popenargs, stdout=PIPE, timeout=timeout, check=True,
           ^^^^^^^^^^^^^^^^^^^^^^^^^^^^^^^^^^^^^^^^^^^^^^^^^^^^^^^^^
  File "/workspace/actions-cloud/robocorp/holotree/c2fd1aa_5a1fac3_9fcd2534/lib/python3.12/subprocess.py", line 571, in run
    raise CalledProcessError(retcode, process.args,
subprocess.CalledProcessError: Command '['/workspace/actions-cloud/robocorp/holotree/c2fd1aa_5a1fac3_9fcd2534/bin/python3', '-c', 'import actions;print(actions.__version__)']' returned non-zero exit status 1.

During handling of the above exception, another exception occurred:

Traceback (most recent call last):
  File "/workspace/work/actions-mk3-db-savepoint/action_server/src/actions/server/__main__.py", line 18, in <module>
    main(args)
  File "/workspace/work/actions-mk3-db-savepoint/action_server/src/actions/server/cli.py", line 62, in main
    retcode = _main_retcode(args)
              ^^^^^^^^^^^^^^^^^^^
  File "/workspace/work/actions-mk3-db-savepoint/action_server/src/actions/server/_cli_impl.py", line 840, in _main_retcode
    return handle_package_command(base_args)
           ^^^^^^^^^^^^^^^^^^^^^^^^^^^^^^^^^
  File "/workspace/work/actions-mk3-db-savepoint/action_server/src/actions/server/package/_package_build_cli.py", line 353, in handle_package_command
    package_metadata_or_returncode: str | int = collect_package_metadata(
                                                ^^^^^^^^^^^^^^^^^^^^^^^^^
  File "/workspace/work/actions-mk3-db-savepoint/action_server/src/actions/server/package/_package_metadata.py", line 186, in collect_package_metadata
    returncode = _main_retcode(
                 ^^^^^^^^^^^^^^
  File "/workspace/work/actions-mk3-db-savepoint/action_server/src/actions/server/_cli_impl.py", line 888, in _main_retcode
    return _command_requiring_datadir(
           ^^^^^^^^^^^^^^^^^^^^^^^^^^^
  File "/workspace/work/actions-mk3-db-savepoint/action_server/src/actions/server/_cli_impl.py", line 1075, in _command_requiring_datadir
    code = _import_actions(
           ^^^^^^^^^^^^^^^^
  File "/workspace/work/actions-mk3-db-savepoint/action_server/src/actions/server/_cli_impl.py", line 670, in _import_actions
    _actions_import.import_action_packages(
  File "/workspace/work/actions-mk3-db-savepoint/action_server/src/actions/server/_actions_import.py", line 77, in import_action_packages
    import_action_package(
  File "/workspace/work/actions-mk3-db-savepoint/action_server/src/actions/server/_actions_import.py", line 263, in import_action_package
    actions_library_version = _get_actions_version(
                              ^^^^^^^^^^^^^^^^^^^^^
  File "/workspace/work/actions-mk3-db-savepoint/action_server/src/actions/server/_actions_import.py", line 415, in _get_actions_version
    raise RuntimeError(msg)
RuntimeError: Unable to get actions version.

This usually means that `actions` is not installed in the python
environment (make sure that `actions`
is defined in your `package.yaml`).

Python executable being used:
/workspace/actions-cloud/robocorp/holotree/c2fd1aa_5a1fac3_9fcd2534/bin/python3



=== Args:
['/workspace/work/actions-mk3-canvas-proof/action_server/.venv/bin/python', '-m', 'actions.server', 'package', 'metadata', '--datadir', '/workspace/actions-cloud/robocorp/temp/a62d53703001534b/pytest-of-agent/pytest-2/popen-gw1/test_package_metadata_secrets0/test_package/data']
FAILED action_server_tests/test_package.py::test_package_metadata_api - RuntimeError: It was not possible to collect the package metadata.
Stdout:

Stderr:

  ⚡️ Starting Action Server... v1.0.3

Using user-specified datadir: /workspace/actions-cloud/robocorp/temp/a62d53703001534b/pytest-of-agent/pytest-2/popen-gw1/test_package_metadata_api0/test_package/data
Logs may be found at: /workspace/actions-cloud/robocorp/temp/a62d53703001534b/pytest-of-agent/pytest-2/popen-gw1/test_package_metadata_api0/test_package/data/server_log.txt.
Adding action without a managed environment (package.yaml unavailable).
    Note: no virtual environment will be used for the imported actions, they'll be run in the same environment used to run the action server.
Traceback (most recent call last):
  File "<string>", line 1, in <module>
ModuleNotFoundError: No module named 'actions'
Traceback (most recent call last):
  File "<string>", line 1, in <module>
ModuleNotFoundError: No module named 'robocorp'
Traceback (most recent call last):
  File "/workspace/work/actions-mk3-db-savepoint/action_server/src/actions/server/_actions_import.py", line 413, in _get_actions_version
    output = subprocess.check_output(cmdline, env=env, cwd=cwd)
             ^^^^^^^^^^^^^^^^^^^^^^^^^^^^^^^^^^^^^^^^^^^^^^^^^^
  File "/workspace/actions-cloud/robocorp/holotree/c2fd1aa_5a1fac3_9fcd2534/lib/python3.12/subprocess.py", line 466, in check_output
    return run(*popenargs, stdout=PIPE, timeout=timeout, check=True,
           ^^^^^^^^^^^^^^^^^^^^^^^^^^^^^^^^^^^^^^^^^^^^^^^^^^^^^^^^^
  File "/workspace/actions-cloud/robocorp/holotree/c2fd1aa_5a1fac3_9fcd2534/lib/python3.12/subprocess.py", line 571, in run
    raise CalledProcessError(retcode, process.args,
subprocess.CalledProcessError: Command '['/workspace/actions-cloud/robocorp/holotree/c2fd1aa_5a1fac3_9fcd2534/bin/python3', '-c', 'import actions;print(actions.__version__)']' returned non-zero exit status 1.

During handling of the above exception, another exception occurred:

Traceback (most recent call last):
  File "/workspace/work/actions-mk3-db-savepoint/action_server/src/actions/server/__main__.py", line 18, in <module>
    main(args)
  File "/workspace/work/actions-mk3-db-savepoint/action_server/src/actions/server/cli.py", line 62, in main
    retcode = _main_retcode(args)
              ^^^^^^^^^^^^^^^^^^^
  File "/workspace/work/actions-mk3-db-savepoint/action_server/src/actions/server/_cli_impl.py", line 840, in _main_retcode
    return handle_package_command(base_args)
           ^^^^^^^^^^^^^^^^^^^^^^^^^^^^^^^^^
  File "/workspace/work/actions-mk3-db-savepoint/action_server/src/actions/server/package/_package_build_cli.py", line 353, in handle_package_command
    package_metadata_or_returncode: str | int = collect_package_metadata(
                                                ^^^^^^^^^^^^^^^^^^^^^^^^^
  File "/workspace/work/actions-mk3-db-savepoint/action_server/src/actions/server/package/_package_metadata.py", line 186, in collect_package_metadata
    returncode = _main_retcode(
                 ^^^^^^^^^^^^^^
  File "/workspace/work/actions-mk3-db-savepoint/action_server/src/actions/server/_cli_impl.py", line 888, in _main_retcode
    return _command_requiring_datadir(
           ^^^^^^^^^^^^^^^^^^^^^^^^^^^
  File "/workspace/work/actions-mk3-db-savepoint/action_server/src/actions/server/_cli_impl.py", line 1075, in _command_requiring_datadir
    code = _import_actions(
           ^^^^^^^^^^^^^^^^
  File "/workspace/work/actions-mk3-db-savepoint/action_server/src/actions/server/_cli_impl.py", line 670, in _import_actions
    _actions_import.import_action_packages(
  File "/workspace/work/actions-mk3-db-savepoint/action_server/src/actions/server/_actions_import.py", line 77, in import_action_packages
    import_action_package(
  File "/workspace/work/actions-mk3-db-savepoint/action_server/src/actions/server/_actions_import.py", line 263, in import_action_package
    actions_library_version = _get_actions_version(
                              ^^^^^^^^^^^^^^^^^^^^^
  File "/workspace/work/actions-mk3-db-savepoint/action_server/src/actions/server/_actions_import.py", line 415, in _get_actions_version
    raise RuntimeError(msg)
RuntimeError: Unable to get actions version.

This usually means that `actions` is not installed in the python
environment (make sure that `actions`
is defined in your `package.yaml`).

Python executable being used:
/workspace/actions-cloud/robocorp/holotree/c2fd1aa_5a1fac3_9fcd2534/bin/python3
FAILED action_server_tests/test_server.py::test_import_action_server_strategies[no-conda] - AssertionError: Expected returncode: 0. Found: 1.
=== stdout:


=== stderr:
[2026-10-10 20:21:11] [actions.server._cli_impl: DEBUG] Arguments: /workspace/work/actions-mk3-db-savepoint/action_server/src/actions/server/__main__.py import --dir=/workspace/work/actions-mk3-db-savepoint/action_server/tests/action_server_tests/resources/no_conda/greeter --db-file=server.db -v --datadir /workspace/actions-cloud/robocorp/temp/a62d53703001534b/pytest-of-agent/pytest-2/popen-gw1/test_import_action_server_stra0/.sema4ai-test-action-server
[2026-10-10 20:21:11] [actions.server._cli_impl: DEBUG] CWD: /workspace/work/actions-mk3-db-savepoint/action_server/tests
[2026-10-10 20:21:11] [actions.server._cli_impl: INFO] 
  ⚡️ Starting Action Server... v1.0.3

[2026-10-10 20:21:11] [actions.server._settings: INFO] Using user-specified datadir: /workspace/actions-cloud/robocorp/temp/a62d53703001534b/pytest-of-agent/pytest-2/popen-gw1/test_import_action_server_stra0/.sema4ai-test-action-server
[2026-10-10 20:21:11] [actions.server._cli_impl: INFO] Logs may be found at: /workspace/actions-cloud/robocorp/temp/a62d53703001534b/pytest-of-agent/pytest-2/popen-gw1/test_import_action_server_stra0/.sema4ai-test-action-server/server_log.txt.
[2026-10-10 20:21:11] [actions.server._cli_impl: INFO] Database file does not exist. Creating it at: /workspace/actions-cloud/robocorp/temp/a62d53703001534b/pytest-of-agent/pytest-2/popen-gw1/test_import_action_server_stra0/.sema4ai-test-action-server/server.db
[2026-10-10 20:21:11] [actions.server._actions_import: DEBUG] Importing action package from: /workspace/work/actions-mk3-db-savepoint/action_server/tests/action_server_tests/resources/no_conda/greeter
[2026-10-10 20:21:11] [robocorp.log._rewrite_filtering: DEBUG] ROBOT_ROOTS ['/workspace/work/actions-mk3-db-savepoint/developer']

[2026-10-10 20:21:11] [robocorp.log._rewrite_filtering: DEBUG] Collecting default library roots.
[2026-10-10 20:21:11] [robocorp.log._rewrite_filtering: DEBUG] LIBRARY_ROOTS ['/home/agent/.local/lib/python3.12/site-packages', '/workspace/actions-cloud/robocorp/holotree/c2fd1aa_5a1fac3_9fcd2534/lib/python3.12', '/workspace/work/actions-mk3-canvas-proof/action_server/.venv/lib/python3.12', '/workspace/work/actions-mk3-canvas-proof/action_server/.venv/lib/python3.12/site-packages']

[2026-10-10 20:21:11] [actions.server._action_package_handler: INFO] Adding action without a managed environment (package.yaml unavailable).
    Note: no virtual environment will be used for the imported actions, they'll be run in the same environment used to run the action server.
[2026-10-10 20:21:11] [actions.server._actions_import: DEBUG] Collecting actions for Action Package: greeter.
Traceback (most recent call last):
  File "<string>", line 1, in <module>
ModuleNotFoundError: No module named 'actions'
Traceback (most recent call last):
  File "<string>", line 1, in <module>
ModuleNotFoundError: No module named 'robocorp'
Traceback (most recent call last):
  File "/workspace/work/actions-mk3-db-savepoint/action_server/src/actions/server/_actions_import.py", line 413, in _get_actions_version
    output = subprocess.check_output(cmdline, env=env, cwd=cwd)
             ^^^^^^^^^^^^^^^^^^^^^^^^^^^^^^^^^^^^^^^^^^^^^^^^^^
  File "/workspace/actions-cloud/robocorp/holotree/c2fd1aa_5a1fac3_9fcd2534/lib/python3.12/subprocess.py", line 466, in check_output
    return run(*popenargs, stdout=PIPE, timeout=timeout, check=True,
           ^^^^^^^^^^^^^^^^^^^^^^^^^^^^^^^^^^^^^^^^^^^^^^^^^^^^^^^^^
  File "/workspace/actions-cloud/robocorp/holotree/c2fd1aa_5a1fac3_9fcd2534/lib/python3.12/subprocess.py", line 571, in run
    raise CalledProcessError(retcode, process.args,
subprocess.CalledProcessError: Command '['/workspace/actions-cloud/robocorp/holotree/c2fd1aa_5a1fac3_9fcd2534/bin/python3', '-c', 'import actions;print(actions.__version__)']' returned non-zero exit status 1.

During handling of the above exception, another exception occurred:

Traceback (most recent call last):
  File "/workspace/work/actions-mk3-db-savepoint/action_server/src/actions/server/__main__.py", line 18, in <module>
    main(args)
  File "/workspace/work/actions-mk3-db-savepoint/action_server/src/actions/server/cli.py", line 62, in main
    retcode = _main_retcode(args)
              ^^^^^^^^^^^^^^^^^^^
  File "/workspace/work/actions-mk3-db-savepoint/action_server/src/actions/server/_cli_impl.py", line 888, in _main_retcode
    return _command_requiring_datadir(
           ^^^^^^^^^^^^^^^^^^^^^^^^^^^
  File "/workspace/work/actions-mk3-db-savepoint/action_server/src/actions/server/_cli_impl.py", line 1035, in _command_requiring_datadir
    return _import_actions(
           ^^^^^^^^^^^^^^^^
  File "/workspace/work/actions-mk3-db-savepoint/action_server/src/actions/server/_cli_impl.py", line 670, in _import_actions
    _actions_import.import_action_packages(
  File "/workspace/work/actions-mk3-db-savepoint/action_server/src/actions/server/_actions_import.py", line 77, in import_action_packages
    import_action_package(
  File "/workspace/work/actions-mk3-db-savepoint/action_server/src/actions/server/_actions_import.py", line 263, in import_action_package
    actions_library_version = _get_actions_version(
                              ^^^^^^^^^^^^^^^^^^^^^
  File "/workspace/work/actions-mk3-db-savepoint/action_server/src/actions/server/_actions_import.py", line 415, in _get_actions_version
    raise RuntimeError(msg)
RuntimeError: Unable to get actions version.

This usually means that `actions` is not installed in the python
environment (make sure that `actions`
is defined in your `package.yaml`).

Python executable being used:
/workspace/actions-cloud/robocorp/holotree/c2fd1aa_5a1fac3_9fcd2534/bin/python3



=== Args:
['/workspace/work/actions-mk3-canvas-proof/action_server/.venv/bin/python', '-m', 'actions.server', 'import', '--dir=/workspace/work/actions-mk3-db-savepoint/action_server/tests/action_server_tests/resources/no_conda/greeter', '--db-file=server.db', '-v', '--datadir', PosixPath('/workspace/actions-cloud/robocorp/temp/a62d53703001534b/pytest-of-agent/pytest-2/popen-gw1/test_import_action_server_stra0/.sema4ai-test-action-server')]
FAILED action_server_tests/test_server.py::test_import_default_value - AssertionError: Expected returncode: 0. Found: 1.
=== stdout:


=== stderr:
[2026-10-10 20:21:18] [actions.server._cli_impl: DEBUG] Arguments: /workspace/work/actions-mk3-db-savepoint/action_server/src/actions/server/__main__.py import --dir=/workspace/actions-cloud/robocorp/temp/a62d53703001534b/pytest-of-agent/pytest-2/popen-gw1/test_import_default_value0/v1/calculator --db-file=server.db -v --skip-lint --datadir /workspace/actions-cloud/robocorp/temp/a62d53703001534b/pytest-of-agent/pytest-2/popen-gw1/test_import_default_value0/.sema4ai-test-action-server
[2026-10-10 20:21:18] [actions.server._cli_impl: DEBUG] CWD: /workspace/work/actions-mk3-db-savepoint/action_server/tests
[2026-10-10 20:21:18] [actions.server._cli_impl: INFO] 
  ⚡️ Starting Action Server... v1.0.3

[2026-10-10 20:21:18] [actions.server._settings: INFO] Using user-specified datadir: /workspace/actions-cloud/robocorp/temp/a62d53703001534b/pytest-of-agent/pytest-2/popen-gw1/test_import_default_value0/.sema4ai-test-action-server
[2026-10-10 20:21:18] [actions.server._cli_impl: INFO] Logs may be found at: /workspace/actions-cloud/robocorp/temp/a62d53703001534b/pytest-of-agent/pytest-2/popen-gw1/test_import_default_value0/.sema4ai-test-action-server/server_log.txt.
[2026-10-10 20:21:18] [actions.server._cli_impl: INFO] Database file does not exist. Creating it at: /workspace/actions-cloud/robocorp/temp/a62d53703001534b/pytest-of-agent/pytest-2/popen-gw1/test_import_default_value0/.sema4ai-test-action-server/server.db
[2026-10-10 20:21:18] [actions.server._actions_import: DEBUG] Importing action package from: /workspace/actions-cloud/robocorp/temp/a62d53703001534b/pytest-of-agent/pytest-2/popen-gw1/test_import_default_value0/v1/calculator
[2026-10-10 20:21:18] [robocorp.log._rewrite_filtering: DEBUG] ROBOT_ROOTS ['/workspace/work/actions-mk3-db-savepoint/developer']

[2026-10-10 20:21:18] [robocorp.log._rewrite_filtering: DEBUG] Collecting default library roots.
[2026-10-10 20:21:18] [robocorp.log._rewrite_filtering: DEBUG] LIBRARY_ROOTS ['/home/agent/.local/lib/python3.12/site-packages', '/workspace/actions-cloud/robocorp/holotree/c2fd1aa_5a1fac3_9fcd2534/lib/python3.12', '/workspace/work/actions-mk3-canvas-proof/action_server/.venv/lib/python3.12', '/workspace/work/actions-mk3-canvas-proof/action_server/.venv/lib/python3.12/site-packages']

[2026-10-10 20:21:18] [actions.server._action_package_handler: INFO] Adding action without a managed environment (package.yaml unavailable).
    Note: no virtual environment will be used for the imported actions, they'll be run in the same environment used to run the action server.
[2026-10-10 20:21:18] [actions.server._actions_import: DEBUG] Collecting actions for Action Package: calculator.
Traceback (most recent call last):
  File "<string>", line 1, in <module>
ModuleNotFoundError: No module named 'actions'
Traceback (most recent call last):
  File "<string>", line 1, in <module>
ModuleNotFoundError: No module named 'robocorp'
Traceback (most recent call last):
  File "/workspace/work/actions-mk3-db-savepoint/action_server/src/actions/server/_actions_import.py", line 413, in _get_actions_version
    output = subprocess.check_output(cmdline, env=env, cwd=cwd)
             ^^^^^^^^^^^^^^^^^^^^^^^^^^^^^^^^^^^^^^^^^^^^^^^^^^
  File "/workspace/actions-cloud/robocorp/holotree/c2fd1aa_5a1fac3_9fcd2534/lib/python3.12/subprocess.py", line 466, in check_output
    return run(*popenargs, stdout=PIPE, timeout=timeout, check=True,
           ^^^^^^^^^^^^^^^^^^^^^^^^^^^^^^^^^^^^^^^^^^^^^^^^^^^^^^^^^
  File "/workspace/actions-cloud/robocorp/holotree/c2fd1aa_5a1fac3_9fcd2534/lib/python3.12/subprocess.py", line 571, in run
    raise CalledProcessError(retcode, process.args,
subprocess.CalledProcessError: Command '['/workspace/actions-cloud/robocorp/holotree/c2fd1aa_5a1fac3_9fcd2534/bin/python3', '-c', 'import actions;print(actions.__version__)']' returned non-zero exit status 1.

During handling of the above exception, another exception occurred:

Traceback (most recent call last):
  File "/workspace/work/actions-mk3-db-savepoint/action_server/src/actions/server/__main__.py", line 18, in <module>
    main(args)
  File "/workspace/work/actions-mk3-db-savepoint/action_server/src/actions/server/cli.py", line 62, in main
    retcode = _main_retcode(args)
              ^^^^^^^^^^^^^^^^^^^
  File "/workspace/work/actions-mk3-db-savepoint/action_server/src/actions/server/_cli_impl.py", line 888, in _main_retcode
    return _command_requiring_datadir(
           ^^^^^^^^^^^^^^^^^^^^^^^^^^^
  File "/workspace/work/actions-mk3-db-savepoint/action_server/src/actions/server/_cli_impl.py", line 1035, in _command_requiring_datadir
    return _import_actions(
           ^^^^^^^^^^^^^^^^
  File "/workspace/work/actions-mk3-db-savepoint/action_server/src/actions/server/_cli_impl.py", line 670, in _import_actions
    _actions_import.import_action_packages(
  File "/workspace/work/actions-mk3-db-savepoint/action_server/src/actions/server/_actions_import.py", line 77, in import_action_packages
    import_action_package(
  File "/workspace/work/actions-mk3-db-savepoint/action_server/src/actions/server/_actions_import.py", line 263, in import_action_package
    actions_library_version = _get_actions_version(
                              ^^^^^^^^^^^^^^^^^^^^^
  File "/workspace/work/actions-mk3-db-savepoint/action_server/src/actions/server/_actions_import.py", line 415, in _get_actions_version
    raise RuntimeError(msg)
RuntimeError: Unable to get actions version.

This usually means that `actions` is not installed in the python
environment (make sure that `actions`
is defined in your `package.yaml`).

Python executable being used:
/workspace/actions-cloud/robocorp/holotree/c2fd1aa_5a1fac3_9fcd2534/bin/python3



=== Args:
['/workspace/work/actions-mk3-canvas-proof/action_server/.venv/bin/python', '-m', 'actions.server', 'import', '--dir=/workspace/actions-cloud/robocorp/temp/a62d53703001534b/pytest-of-agent/pytest-2/popen-gw1/test_import_default_value0/v1/calculator', '--db-file=server.db', '-v', '--skip-lint', '--datadir', PosixPath('/workspace/actions-cloud/robocorp/temp/a62d53703001534b/pytest-of-agent/pytest-2/popen-gw1/test_import_default_value0/.sema4ai-test-action-server')]
FAILED contract_tests/test_active_contracts.py::test_runtime_clean_wheels_install_outside_checkout_in_both_uninstall_orders - subprocess.CalledProcessError: Command '['poetry', 'build', '-f', 'wheel', '-o', '/workspace/actions-cloud/robocorp/temp/a62d53703001534b/pytest-of-agent/pytest-2/popen-gw1/test_runtime_clean_wheels_inst0/wheelhouse']' returned non-zero exit status 1.
===== 6 failed, 1064 passed, 13 skipped, 15 warnings in 230.28s (0:03:50) ======
Log (html): /workspace/work/actions-mk3-db-savepoint/action_server/tests/output/log.html
Traceback (most recent call last):
  File "<frozen runpy>", line 198, in _run_module_as_main
  File "<frozen runpy>", line 88, in _run_code
  File "/workspace/work/actions-mk3-canvas-proof/action_server/.venv/lib/python3.12/site-packages/invoke/__main__.py", line 3, in <module>
    program.run()
  File "/workspace/work/actions-mk3-canvas-proof/action_server/.venv/lib/python3.12/site-packages/invoke/program.py", line 398, in run
    self.execute()
  File "/workspace/work/actions-mk3-canvas-proof/action_server/.venv/lib/python3.12/site-packages/invoke/program.py", line 583, in execute
    executor.execute(*self.tasks)
  File "/workspace/work/actions-mk3-canvas-proof/action_server/.venv/lib/python3.12/site-packages/invoke/executor.py", line 140, in execute
    result = call.task(*args, **call.kwargs)
             ^^^^^^^^^^^^^^^^^^^^^^^^^^^^^^^
  File "/workspace/work/actions-mk3-canvas-proof/action_server/.venv/lib/python3.12/site-packages/invoke/tasks.py", line 138, in __call__
    result = self.body(*args, **kwargs)
             ^^^^^^^^^^^^^^^^^^^^^^^^^^
  File "/workspace/work/actions-mk3-db-savepoint/action_server/tasks.py", line 657, in test_not_integration
    run(
  File "/workspace/work/actions-mk3-db-savepoint/action_server/src/actions/server/_build_common/process_call.py", line 14, in run
    subprocess.check_call(cmd, cwd=cwd, shell=shell, env=env)
  File "/workspace/actions-cloud/robocorp/holotree/c2fd1aa_5a1fac3_9fcd2534/lib/python3.12/subprocess.py", line 413, in check_call
    raise CalledProcessError(retcode, cmd)
subprocess.CalledProcessError: Command '['/workspace/work/actions-mk3-canvas-proof/action_server/.venv/bin/python', '-m', 'pytest', '-m', 'not integration_test', '-rfE', '-vv', '--force-regen', '-n', 'auto']' returned non-zero exit status 1.
['/workspace/work/actions-mk3-canvas-proof/action_server/.venv/bin/python', '-m', 'pytest', '-m', 'not integration_test', '-rfE', '-vv', '--force-regen', '-n', 'auto']
Calling:  /workspace/work/actions-mk3-canvas-proof/action_server/.venv/bin/python -m pytest -m 'not integration_test' -rfE -vv --force-regen -n auto
